[Licensing::Module] Trying to connect to existing licensing client channel...
[Licensing::IpcConnector] Successfully connected to: "LicenseClient-nahue" at "2026-10-08T18:42:49.2996871Z"
Built from '6000.4/staging' branch; Version is '6000.4.9f1 (f7258d6eebbe) revision 16197005'; Using compiler version '194234433'; Build Type 'Release'
OS: 'Windows 11  (10.0.26200) Core' Language: 'es' Physical Memory: 16004 MB
BatchMode: 1, IsHumanControllingUs: 0, StartBugReporterOnCrash: 0, Is64bit: 1
System  architecture: x64
Process architecture: x64
Date: 2026-10-08T18:42:49Z

COMMAND LINE ARGUMENTS:
C:\Program Files\Unity\Hub\Editor\6000.4.9f1\Editor\Unity.exe
-adb2
-batchMode
-noUpm
-name
AssetImportWorker4
-projectPath
C:/Users/nahue/Documents/CHIBI-TANK-MAYHEM/CHIBI TANK MAYHEM
-logFile
Logs/AssetImportWorker4.log
-srvPort
63139
-licensingIpc
LicenseClient-nahue
-force-d3d12
-job-worker-count
9
-background-job-worker-count
8
-gc-helper-count
1
-name
AssetImport
Successfully changed project path to: C:/Users/nahue/Documents/CHIBI-TANK-MAYHEM/CHIBI TANK MAYHEM
C:/Users/nahue/Documents/CHIBI-TANK-MAYHEM/CHIBI TANK MAYHEM
[UnityMemory] Configuration Parameters - Can be set up in boot.config
    "memorysetup-temp-allocator-size-gi-baking-worker=262144"
    "memorysetup-temp-allocator-size-gi-baking-worker=262144"
    "memorysetup-temp-allocator-size-gi-baking-worker=262144"
    "memorysetup-temp-allocator-size-gi-baking-worker=262144"
    "memorysetup-temp-allocator-size-gi-baking-worker=262144"
    "memorysetup-temp-allocator-size-nav-mesh-worker=65536"
    "memorysetup-temp-allocator-size-audio-worker=65536"
    "memorysetup-temp-allocator-size-cloud-worker=32768"
    "memorysetup-temp-allocator-size-gfx=262144"
    "memorysetup-temp-allocator-size-preload-manager=33554432"
    "memorysetup-temp-allocator-size-job-worker=262144"
    "memorysetup-temp-allocator-size-background-worker=32768"
    "memorysetup-allocator-temp-initial-block-size-main=262144"
    "memorysetup-allocator-temp-initial-block-size-worker=262144"
    "memorysetup-bucket-allocator-granularity=16"
    "memorysetup-bucket-allocator-bucket-count=8"
    "memorysetup-bucket-allocator-block-size=33554432"
    "memorysetup-bucket-allocator-block-count=8"
    "memorysetup-main-allocator-block-size=16777216"
    "memorysetup-thread-allocator-block-size=16777216"
    "memorysetup-gfx-main-allocator-block-size=16777216"
    "memorysetup-gfx-thread-allocator-block-size=16777216"
    "memorysetup-cache-allocator-block-size=4194304"
    "memorysetup-typetree-allocator-block-size=2097152"
    "memorysetup-profiler-bucket-allocator-granularity=16"
    "memorysetup-profiler-bucket-allocator-bucket-count=8"
    "memorysetup-profiler-bucket-allocator-block-size=33554432"
    "memorysetup-profiler-bucket-allocator-block-count=8"
    "memorysetup-profiler-allocator-block-size=16777216"
    "memorysetup-profiler-editor-allocator-block-size=1048576"
    "memorysetup-temp-allocator-size-main=16777216"
    "memorysetup-job-temp-allocator-block-size=2097152"
    "memorysetup-job-temp-allocator-block-size-background=1048576"
    "memorysetup-job-temp-allocator-reduction-small-platforms=262144"
Player connection [27876]  Target information:

Player connection [27876]  * "[IP] 172.30.208.1 [Port] 0 [Flags] 2 [Guid] 1873063659 [EditorId] 1873063659 [Version] 1048832 [Id] WindowsEditor(7,Nahuel) [Debug] 1 [PackageName] WindowsEditor [ProjectName] Editor" 

Player connection [27876]  * "[IP] 192.168.0.6 [Port] 0 [Flags] 2 [Guid] 1873063659 [EditorId] 1873063659 [Version] 1048832 [Id] WindowsEditor(7,Nahuel) [Debug] 1 [PackageName] WindowsEditor [ProjectName] Editor" 

Player connection [27876] Host joined multi-casting on [225.0.0.222:54997]...
Player connection [27876] Host joined alternative multi-casting on [225.0.0.222:34997]...
JobSystem: Creating JobQueue using job-worker-count value 9
Input System module state changed to: Initialized.
[Physics::Module] Initialized fallback backend.
[Physics::Module] Id: 0xdecafbad
Library Redirect Path: Library/
[Physics::Module] Selected backend.
[Physics::Module] Name: PhysX
[Physics::Module] Id: 0xf2b8ea05
[Physics::Module] SDK Version: 4.1.2
[Physics::Module] Integration Version: 1.0.0
[Physics::Module] Threading Mode: Multi-Threaded
Refreshing native plugins compatible for Editor in 18.75 ms, found 4 plugins.
Initialize engine version: 6000.4.9f1 (f7258d6eebbe)
[Subsystems] Discovering subsystems at path C:/Program Files/Unity/Hub/Editor/6000.4.9f1/Editor/Data/Resources/UnitySubsystems
[Subsystems] Discovering subsystems at path C:/Users/nahue/Documents/CHIBI-TANK-MAYHEM/CHIBI TANK MAYHEM/Assets
Forcing GfxDevice: Direct3D 12
GfxDevice: creating device client; kGfxThreadingModeNonThreaded
d3d12: failed to query info queue interface (0x80004002).
Direct3D:
    Version:         Direct3D 12 [level 12.2]
    Renderer:        NVIDIA GeForce RTX 3060 Laptop GPU (ID=0x2520)
    Vendor:          NVIDIA
    VRAM:            5996 MB
    App VRAM Budget: 5228 MB
    Driver:          32.0.15.6607
Initialize mono
Mono path[0] = 'C:/Program Files/Unity/Hub/Editor/6000.4.9f1/Editor/Data/Managed'
Mono path[1] = 'C:/Program Files/Unity/Hub/Editor/6000.4.9f1/Editor/Data/MonoBleedingEdge/lib/mono/unityjit-win32'
Mono config path = 'C:/Program Files/Unity/Hub/Editor/6000.4.9f1/Editor/Data/MonoBleedingEdge/etc'
Using monoOptions --debugger-agent=transport=dt_socket,embedding=1,server=y,suspend=n,address=127.0.0.1:56576
CodeReloadManager initialized
Begin MonoManager ReloadAssembly
[Licensing::Client] Error: HandshakeResponse reported an error:
	ResponseCode: 505
	ResponseStatus: Unsupported protocol version '1.18.1'.
[Licensing::Module] Error: Failed to handshake to channel: "LicenseClient-nahue"
[Licensing::IpcConnector] LicenseClient-nahue channel disconnected successfully.
[Licensing::IpcConnector] Successfully connected to: "LicenseClient-nahue-6000.4.9" at "2026-10-08T18:42:51.7842317Z"
[Licensing::Client] Code 10 while verifying Licensing Client signature (process Id: 4076, path: "C:/Program Files/Unity/Hub/Editor/6000.4.9f1/Editor/Data/Resources/Licensing/Client/Unity.Licensing.Client.exe")
[Licensing::Module] LicensingClient has failed validation; ignoring
[Licensing::Client] Handshaking with LicensingClient:
  Version:                 1.18.1+9fbee8e
  Session Id:              672fd68d01e04a02a9d26e8c338f9c0d
  Correlation Id:          058c096ccaafdbebdaabd6f10192069d
  External correlation Id: 1033983309459534452
  Machine Id:              d3wIjImyigoZ2yiH37n7ItByCpM=
[Licensing::Module] Successfully connected to LicensingClient on channel: "LicenseClient-nahue-6000.4.9" (connect: 0.00s, validation: 0.00s, handshake: 0.01s)
[Licensing::IpcConnector] Successfully connected to: "LicenseClient-nahue-6000.4.9-notifications" at "2026-10-08T18:42:51.7952184Z"
[Licensing::Module] Licensing Background thread has ended after 2.50s
Registering precompiled unity dll's ...
Register platform support module: C:/Program Files/Unity/Hub/Editor/6000.4.9f1/Editor/Data/PlaybackEngines/WindowsStandaloneSupport/UnityEditor.WindowsStandalone.Extensions.dll
[Licensing::Client] Successfully resolved entitlement details
[Licensing::Module] License group:
  Id: F4-ZF4W-JG7U-QS5D-T52E-XXXX
  Product: Unity Personal
  Type: ULF
  Expiration: Unlimited
[Licensing::Module] License group:
  Id: 4673487441905-UnityPersXXXX
  Product: Unity Personal
  Type: Assigned
  Expiration: Unlimited
Register platform support module: C:/Program Files/Unity/Hub/Editor/6000.4.9f1/Editor/Data/PlaybackEngines/AndroidPlayer/UnityEditor.Android.Extensions.dll
[Licensing::Client] Successfully resolved entitlement details
[Licensing::Module] License group:
  Id: F4-ZF4W-JG7U-QS5D-T52E-XXXX
  Product: Unity Personal
  Type: ULF
  Expiration: Unlimited
[Licensing::Module] License group:
  Id: 4673487441905-UnityPersXXXX
  Product: Unity Personal
  Type: Assigned
  Expiration: Unlimited
Register platform support module: C:/Program Files/Unity/Hub/Editor/6000.4.9f1/Editor/Data/PlaybackEngines/iOSSupport/UnityEditor.iOS.Extensions.dll
Register platform support module: C:/Program Files/Unity/Hub/Editor/6000.4.9f1/Editor/Data/PlaybackEngines/LinuxStandaloneSupport/UnityEditor.LinuxStandalone.Extensions.dll
Registered in 0.006045 seconds.
Native extension for LinuxStandalone target not found
[usbmuxd] Start listen thread
[usbmuxd] Listen thread started
Native extension for iOS target not found
Native extension for Android target not found
Native extension for WindowsStandalone target not found
Package Manager log level set to [2]
[Package Manager] Failed to launch server process. Reason: Unity was launched with the -noUpm command-line argument
[Package Manager] Unable to send message (not connected to server process).
[Package Manager] Cannot connect to Unity Package Manager local server
[Package Manager] Failed to launch server process. Reason: Unity was launched with the -noUpm command-line argument
[Package Manager] Unable to send message (not connected to server process).
[Package Manager] Cannot connect to Unity Package Manager local server
ScheduleIndexationOnStartup MainProcess:False IndexOnStartup:True
Mono: successfully reloaded assembly
- Finished resetting the current domain, in  0.426 seconds
Domain Reload Profiling: 2158ms
	BeginReloadAssembly (809ms)
	RebuildCommonClasses (42ms)
	RebuildNativeTypeToScriptingClass (15ms)
	initialDomainReloadingComplete (97ms)
	LoadAllAssembliesAndSetupDomain (769ms)
		LoadAssemblies (804ms)
		AnalyzeDomain (758ms)
			TypeCache.Refresh (757ms)
				TypeCache.ScanAssembly (741ms)
	FinalizeReload (427ms)
		SetupLoadedEditorAssemblies (0ms)
			InitializePlatformSupportModulesInManaged (116ms)
			BeforeProcessingInitializeOnLoad (74ms)
			ProcessInitializeOnLoadAttributes (101ms)
			ProcessInitializeOnLoadMethodAttributes (64ms)
========================================================================
Worker process is ready to serve import requests
Import Worker Mode flag is 0x00
Begin MonoManager ReloadAssembly
[Licensing::Client] Successfully resolved entitlement details
[Licensing::Module] License group:
  Id: F4-ZF4W-JG7U-QS5D-T52E-XXXX
  Product: Unity Personal
  Type: ULF
  Expiration: Unlimited
[Licensing::Module] License group:
  Id: 4673487441905-UnityPersXXXX
  Product: Unity Personal
  Type: Assigned
  Expiration: Unlimited
Assembly Assembly-CSharp-Editor-firstpass.dll at Library/ScriptAssemblies/Assembly-CSharp-Editor-firstpass.dll not valid. Loading of assembly skipped.
Assembly Assembly-CSharp-firstpass.dll at Library/ScriptAssemblies/Assembly-CSharp-firstpass.dll not valid. Loading of assembly skipped.
Assembly DocCodeExamples.dll at Library/ScriptAssemblies/DocCodeExamples.dll not valid. Loading of assembly skipped.
Assembly TestNewCustomAssembly.dll at Library/ScriptAssemblies/TestNewCustomAssembly.dll not valid. Loading of assembly skipped.
Assembly Unity.2D.Sprite.Package.EditorTests.dll at Library/ScriptAssemblies/Unity.2D.Sprite.Package.EditorTests.dll not valid. Loading of assembly skipped.
Assembly Unity.Addressables.Editor.Tests.dll at Library/ScriptAssemblies/Unity.Addressables.Editor.Tests.dll not valid. Loading of assembly skipped.
Assembly Unity.Addressables.Runtime.Tests.dll at Library/ScriptAssemblies/Unity.Addressables.Runtime.Tests.dll not valid. Loading of assembly skipped.
Assembly Unity.Collections.BurstCompatibilityGen.dll at Library/ScriptAssemblies/Unity.Collections.BurstCompatibilityGen.dll not valid. Loading of assembly skipped.
Assembly Unity.Collections.DocCodeSamples.dll at Library/ScriptAssemblies/Unity.Collections.DocCodeSamples.dll not valid. Loading of assembly skipped.
Assembly Unity.Collections.PerformanceTests.dll at Library/ScriptAssemblies/Unity.Collections.PerformanceTests.dll not valid. Loading of assembly skipped.
Assembly Unity.Collections.Tests.dll at Library/ScriptAssemblies/Unity.Collections.Tests.dll not valid. Loading of assembly skipped.
Assembly Unity.Collections.Tests.Playmode.dll at Library/ScriptAssemblies/Unity.Collections.Tests.Playmode.dll not valid. Loading of assembly skipped.
Assembly Unity.InputSystem.IntegrationTests.dll at Library/ScriptAssemblies/Unity.InputSystem.IntegrationTests.dll not valid. Loading of assembly skipped.
Assembly Unity.Localization.DocCodeSamples.dll at Library/ScriptAssemblies/Unity.Localization.DocCodeSamples.dll not valid. Loading of assembly skipped.
Assembly Unity.Mathematics.Tests.dll at Library/ScriptAssemblies/Unity.Mathematics.Tests.dll not valid. Loading of assembly skipped.
Assembly Unity.Multiplayer.Center.Editor.Tests.dll at Library/ScriptAssemblies/Unity.Multiplayer.Center.Editor.Tests.dll not valid. Loading of assembly skipped.
Assembly Unity.Multiplayer.Center.Tests.dll at Library/ScriptAssemblies/Unity.Multiplayer.Center.Tests.dll not valid. Loading of assembly skipped.
Assembly Unity.Nuget.Mono-Cecil.dll at Library/ScriptAssemblies/Unity.Nuget.Mono-Cecil.dll not valid. Loading of assembly skipped.
Assembly Unity.PathTracing.Editor.Tests.dll at Library/ScriptAssemblies/Unity.PathTracing.Editor.Tests.dll not valid. Loading of assembly skipped.
Assembly Unity.PathTracing.Runtime.Tests.dll at Library/ScriptAssemblies/Unity.PathTracing.Runtime.Tests.dll not valid. Loading of assembly skipped.
Assembly Unity.RenderPipelines.Core.Editor.Tests.dll at Library/ScriptAssemblies/Unity.RenderPipelines.Core.Editor.Tests.dll not valid. Loading of assembly skipped.
Assembly Unity.RenderPipelines.Core.Runtime.Tests.dll at Library/ScriptAssemblies/Unity.RenderPipelines.Core.Runtime.Tests.dll not valid. Loading of assembly skipped.
Assembly Unity.RenderPipelines.Universal.Config.Editor.Tests.dll at Library/ScriptAssemblies/Unity.RenderPipelines.Universal.Config.Editor.Tests.dll not valid. Loading of assembly skipped.
Assembly Unity.RenderPipelines.Universal.Editor.Tests.dll at Library/ScriptAssemblies/Unity.RenderPipelines.Universal.Editor.Tests.dll not valid. Loading of assembly skipped.
Assembly Unity.RenderPipelines.Universal.Runtime.Tests.dll at Library/ScriptAssemblies/Unity.RenderPipelines.Universal.Runtime.Tests.dll not valid. Loading of assembly skipped.
Assembly Unity.ResourceManager.Tests.dll at Library/ScriptAssemblies/Unity.ResourceManager.Tests.dll not valid. Loading of assembly skipped.
Assembly Unity.ScriptableBuildPipeline.Editor.Tests.dll at Library/ScriptAssemblies/Unity.ScriptableBuildPipeline.Editor.Tests.dll not valid. Loading of assembly skipped.
Assembly Unity.ScriptableBuildPipeline.Tests.dll at Library/ScriptAssemblies/Unity.ScriptableBuildPipeline.Tests.dll not valid. Loading of assembly skipped.
Assembly Unity.ScriptableBuildPipelineTests.Runtime.Tests.dll at Library/ScriptAssemblies/Unity.ScriptableBuildPipelineTests.Runtime.Tests.dll not valid. Loading of assembly skipped.
Assembly Unity.Searcher.EditorTests.dll at Library/ScriptAssemblies/Unity.Searcher.EditorTests.dll not valid. Loading of assembly skipped.
Assembly Unity.Settings.Tests.dll at Library/ScriptAssemblies/Unity.Settings.Tests.dll not valid. Loading of assembly skipped.
Assembly Unity.ShaderGraph.Editor.Tests.dll at Library/ScriptAssemblies/Unity.ShaderGraph.Editor.Tests.dll not valid. Loading of assembly skipped.
Assembly Unity.TextMeshPro.Editor.Tests.dll at Library/ScriptAssemblies/Unity.TextMeshPro.Editor.Tests.dll not valid. Loading of assembly skipped.
Assembly Unity.TextMeshPro.Tests.dll at Library/ScriptAssemblies/Unity.TextMeshPro.Tests.dll not valid. Loading of assembly skipped.
Assembly Unity.UnifiedRayTracing.Editor.Tests.dll at Library/ScriptAssemblies/Unity.UnifiedRayTracing.Editor.Tests.dll not valid. Loading of assembly skipped.
Assembly UnityEditor.UI.Common.Tests.dll at Library/ScriptAssemblies/UnityEditor.UI.Common.Tests.dll not valid. Loading of assembly skipped.
Assembly UnityEditor.UI.EditorTests.dll at Library/ScriptAssemblies/UnityEditor.UI.EditorTests.dll not valid. Loading of assembly skipped.
Assembly UnityEngine.UI.Tests.dll at Library/ScriptAssemblies/UnityEngine.UI.Tests.dll not valid. Loading of assembly skipped.
Symbol file LoadedFromMemory is not a mono symbol file
Refreshing native plugins compatible for Editor in 9.98 ms, found 4 plugins.
Native extension for LinuxStandalone target not found
Native extension for iOS target not found
Native extension for Android target not found
Native extension for WindowsStandalone target not found
[Package Manager] Failed to launch server process. Reason: Unity was launched with the -noUpm command-line argument
[Package Manager] Unable to send message (not connected to server process).
[Package Manager] Cannot connect to Unity Package Manager local server
Refreshing native plugins compatible for Editor in 4.37 ms, found 4 plugins.
[Package Manager] Failed to launch server process. Reason: Unity was launched with the -noUpm command-line argument
[Package Manager] Unable to send message (not connected to server process).
[Package Manager] Cannot connect to Unity Package Manager local server
[MODES] ModeService[none].Initialize
[MODES] ModeService[none].LoadModes
[MODES] Loading mode Default (0) for mode-current-id-CHIBI TANK MAYHEM
ScheduleIndexationOnStartup MainProcess:False IndexOnStartup:True
Mono: successfully reloaded assembly
- Finished resetting the current domain, in  0.990 seconds
Domain Reload Profiling: 2090ms
	BeginReloadAssembly (202ms)
		DisableScriptedObjects (6ms)
		CreateAndSetChildDomain (34ms)
	RebuildCommonClasses (41ms)
	RebuildNativeTypeToScriptingClass (13ms)
	initialDomainReloadingComplete (113ms)
	LoadAllAssembliesAndSetupDomain (730ms)
		LoadAssemblies (522ms)
		AnalyzeDomain (316ms)
			TypeCache.Refresh (225ms)
				TypeCache.ScanAssembly (202ms)
			BuildScriptInfoCaches (79ms)
			ResolveRequiredComponents (10ms)
	FinalizeReload (991ms)
		SetupLoadedEditorAssemblies (0ms)
			InitializePlatformSupportModulesInManaged (19ms)
			BeforeProcessingInitializeOnLoad (146ms)
			ProcessInitializeOnLoadAttributes (439ms)
			ProcessInitializeOnLoadMethodAttributes (107ms)
			AfterProcessingInitializeOnLoad (10ms)
		AwakeInstancesAfterBackupRestoration (6ms)
Launched and connected shader compiler UnityShaderCompiler.exe after 0.02 seconds
Refreshing native plugins compatible for Editor in 3.64 ms, found 4 plugins.
Unloading 25 Unused Serialized files (Serialized files now loaded: 0)
Unloading 8103 unused Assets / (6.5 MB). Loaded Objects now: 8966.
Memory consumption went from 178.3 MB to 171.9 MB.
Total: 9.647000 ms (FindLiveObjects: 0.677000 ms CreateObjectMapping: 0.666800 ms MarkObjects: 5.381000 ms  DeleteObjects: 2.919700 ms)

========================================================================
Received Import Request.
  Time since last request: 2000473.373330 seconds.
  path: Assets/Toon Muzzleflash Pack
  importAddress: Guid(6dfce183b2a32bc4391d7894f179bc62) Importer(815301076,1909f56bfc062723c751e8b465ee728b)
Start importing Assets/Toon Muzzleflash Pack using Guid(6dfce183b2a32bc4391d7894f179bc62) Importer(815301076,1909f56bfc062723c751e8b465ee728b) (PreviewImporter) -> (Import Result ID: 'b6a1da4ee726662dfbb0de81de4c720c') in 0.0120567 seconds [static and dynamic dependencies]. Details - ImportResultOutputID=81a7e15d6cd48d4b2a263e03eba83c37 DependenciesID=b9484318436bd2f953fd9c09c12fbef9 StaticDependenciesID=4f587f78ee191f47df3f3262a4e75ca3 
Number of updated asset objects reloaded before import = 0Number of asset objects unloaded after import = 0

========================================================================
Received Import Request.
  Time since last request: 4.615540 seconds.
  path: Assets/Art
  importAddress: Guid(1b7175140b68b264ebd990b1348347ff) Importer(815301076,1909f56bfc062723c751e8b465ee728b)
Start importing Assets/Art using Guid(1b7175140b68b264ebd990b1348347ff) Importer(815301076,1909f56bfc062723c751e8b465ee728b) (PreviewImporter) -> (Import Result ID: '8e24a5c1832a0eb541130527e6d18030') in 0.0006148 seconds [static and dynamic dependencies]. Details - ImportResultOutputID=4a381a8ffddbc9ff41bc8f50d82ab125 DependenciesID=19e35eb4904ab6061734c95dd65541de StaticDependenciesID=b08205dbd4d2a2120b0fa6f2180543d9 
Number of updated asset objects reloaded before import = 0Number of asset objects unloaded after import = 0

========================================================================
Received Import Request.
  Time since last request: 0.266516 seconds.
  path: Assets/Art/Toon Muzzleflash Pack
  importAddress: Guid(6dfce183b2a32bc4391d7894f179bc62) Importer(2089858483,b0f066a214c2f5e87bad3c948f4d605d)
Start importing Assets/Art/Toon Muzzleflash Pack using Guid(6dfce183b2a32bc4391d7894f179bc62) Importer(2089858483,b0f066a214c2f5e87bad3c948f4d605d) (ScriptedImporter) -> (Import Result ID: '8ee8fbd70b8e66b6b48f4b368cd4a9ba') in 0.0521298 seconds [static and dynamic dependencies]. Details - ImportResultOutputID=7b5840f8bf70cc031aef27a6c25cd8f4 DependenciesID=ac730049a878ca5be9fc0148e9ffdc09 StaticDependenciesID=dfcfdb74eddaa28b659266d852d7354a 
Number of updated asset objects reloaded before import = 0Number of asset objects unloaded after import = 1

========================================================================
Received Import Request.
  Time since last request: 0.000018 seconds.
  path: Assets/Art/Toon Muzzleflash Pack/Example Prefabs/Toon Muzzleflash 25.prefab
  importAddress: Guid(b52aefc4516176f4c9080989152f9db6) Importer(2089858483,b0f066a214c2f5e87bad3c948f4d605d)
Start importing Assets/Art/Toon Muzzleflash Pack/Example Prefabs/Toon Muzzleflash 25.prefab using Guid(b52aefc4516176f4c9080989152f9db6) Importer(2089858483,b0f066a214c2f5e87bad3c948f4d605d) (ScriptedImporter) -> (Import Result ID: 'c88c4abcfc7108b5ec09a4588766239b') in 0.0563962 seconds [static and dynamic dependencies]. Details - ImportResultOutputID=93b24a2b193bc302384d3617a2d55b32 DependenciesID=64e0393a9caa9871415e721cdb538ab6 StaticDependenciesID=7c7132ea53da0e0c387e756e384b2630 
Number of updated asset objects reloaded before import = 0Number of asset objects unloaded after import = 21

========================================================================
Received Import Request.
  Time since last request: 0.000041 seconds.
  path: Assets/Art/Toon Muzzleflash Pack/Example Prefabs/Toon Muzzleflash 24.prefab
  importAddress: Guid(04a8a7e981b8f394dabda2126cdfdb3e) Importer(2089858483,b0f066a214c2f5e87bad3c948f4d605d)
Start importing Assets/Art/Toon Muzzleflash Pack/Example Prefabs/Toon Muzzleflash 24.prefab using Guid(04a8a7e981b8f394dabda2126cdfdb3e) Importer(2089858483,b0f066a214c2f5e87bad3c948f4d605d) (ScriptedImporter) -> (Import Result ID: '66ed5b6b493fc092b185f38a1e3a5de5') in 0.0220038 seconds [static and dynamic dependencies]. Details - ImportResultOutputID=69ee9bdbcccb9ea4b14dc73582fb388b DependenciesID=fe3d29a36aade9b9b2659d15fdb62348 StaticDependenciesID=8bb35e2af253e3e8fe1b0b36897d71c6 
Number of updated asset objects reloaded before import = 0Number of asset objects unloaded after import = 21

========================================================================
Received Import Request.
  Time since last request: 0.000028 seconds.
  path: Assets/Art/Toon Muzzleflash Pack/Example Prefabs/Toon Muzzleflash 2.prefab
  importAddress: Guid(2b80d2843dd54ca46ac16e9f28dcf9d2) Importer(2089858483,b0f066a214c2f5e87bad3c948f4d605d)
Start importing Assets/Art/Toon Muzzleflash Pack/Example Prefabs/Toon Muzzleflash 2.prefab using Guid(2b80d2843dd54ca46ac16e9f28dcf9d2) Importer(2089858483,b0f066a214c2f5e87bad3c948f4d605d) (ScriptedImporter) -> (Import Result ID: '9dbd84ce6b279aa6a87ca6646d098e82') in 0.0174186 seconds [static and dynamic dependencies]. Details - ImportResultOutputID=3ba68b3eea1414bfed54fed5711b4eaa DependenciesID=54b1ce5e0830f5d29c35e12aab6ca25b StaticDependenciesID=ac7c24845f06381df260e94647a7bec5 
Number of updated asset objects reloaded before import = 0Number of asset objects unloaded after import = 21

========================================================================
Received Import Request.
  Time since last request: 0.000023 seconds.
  path: Assets/Art/Toon Muzzleflash Pack/Components/Spritesheets
  importAddress: Guid(5c9205c379458f34bb4938f6035111b0) Importer(2089858483,b0f066a214c2f5e87bad3c948f4d605d)
Start importing Assets/Art/Toon Muzzleflash Pack/Components/Spritesheets using Guid(5c9205c379458f34bb4938f6035111b0) Importer(2089858483,b0f066a214c2f5e87bad3c948f4d605d) (ScriptedImporter) -> (Import Result ID: '9efb9b939294cebf2816eb57bd1cb26c') in 0.0112428 seconds [static and dynamic dependencies]. Details - ImportResultOutputID=540fb7a34a6475e5de96e59343aae5fb DependenciesID=d42ac946bd58dc116d05a5c3f3f245ab StaticDependenciesID=25cdeddcbbeec26ccc3ce544bc1d16f9 
Number of updated asset objects reloaded before import = 0Number of asset objects unloaded after import = 1

========================================================================
Received Import Request.
  Time since last request: 0.000022 seconds.
  path: Assets/Art/Toon Muzzleflash Pack/Components/Spritesheets/Front/toon_muzzleflash_front_spritesheet_1.png
  importAddress: Guid(6d04126786e078144aa61bf1fdd5d6e3) Importer(2089858483,b0f066a214c2f5e87bad3c948f4d605d)
Start importing Assets/Art/Toon Muzzleflash Pack/Components/Spritesheets/Front/toon_muzzleflash_front_spritesheet_1.png using Guid(6d04126786e078144aa61bf1fdd5d6e3) Importer(2089858483,b0f066a214c2f5e87bad3c948f4d605d) (ScriptedImporter) -> (Import Result ID: '1030b1514cbef6df37de21e3101c2b55') in 0.0672648 seconds [static and dynamic dependencies]. Details - ImportResultOutputID=0183884493bf0cb2c259aa20548c9d51 DependenciesID=d6ff0b428b8953adb330aab8223258d2 StaticDependenciesID=5ca6e3cf205a0e9c6be9a38c6dbe4137 
Number of updated asset objects reloaded before import = 0Number of asset objects unloaded after import = 11

========================================================================
Received Import Request.
  Time since last request: 0.000043 seconds.
  path: Assets/Art/Toon Muzzleflash Pack/Example Prefabs/Toon Muzzleflash 8.prefab
  importAddress: Guid(c460780050234874594e9f7a0f7decc6) Importer(2089858483,b0f066a214c2f5e87bad3c948f4d605d)
Start importing Assets/Art/Toon Muzzleflash Pack/Example Prefabs/Toon Muzzleflash 8.prefab using Guid(c460780050234874594e9f7a0f7decc6) Importer(2089858483,b0f066a214c2f5e87bad3c948f4d605d) (ScriptedImporter) -> (Import Result ID: 'f1d7de21fd6afd4d0f6bee1480bae463') in 0.0178429 seconds [static and dynamic dependencies]. Details - ImportResultOutputID=40aa72ef8495a9dc3ca5d2d0b5281a95 DependenciesID=7da3bf8f27744b96540bad9025c4905c StaticDependenciesID=5802b7a09d2ba43073445fd50535ecde 
Number of updated asset objects reloaded before import = 0Number of asset objects unloaded after import = 21

========================================================================
Received Import Request.
  Time since last request: 0.000026 seconds.
  path: Assets/Art/Toon Muzzleflash Pack/Components/Spritesheets/Side/toon_muzzleflash_side_spritesheet_3.png
  importAddress: Guid(885a872883f689b4b92caa4416e8fbd9) Importer(2089858483,b0f066a214c2f5e87bad3c948f4d605d)
Start importing Assets/Art/Toon Muzzleflash Pack/Components/Spritesheets/Side/toon_muzzleflash_side_spritesheet_3.png using Guid(885a872883f689b4b92caa4416e8fbd9) Importer(2089858483,b0f066a214c2f5e87bad3c948f4d605d) (ScriptedImporter) -> (Import Result ID: '04a92f89597db06daa0c2684edcf20ce') in 0.024654 seconds [static and dynamic dependencies]. Details - ImportResultOutputID=61ca2117d564e67a1a1486d40b3898c4 DependenciesID=67165b81255e37eca1c83c25ba459540 StaticDependenciesID=5e27cb16d5c8b429afbc16c8d1e9cdb2 
Number of updated asset objects reloaded before import = 0Number of asset objects unloaded after import = 11

========================================================================
Received Import Request.
  Time since last request: 0.000019 seconds.
  path: Assets/Art/Toon Muzzleflash Pack/Components/Spritesheets/Side/toon_muzzleflash_side_spritesheet_4.png
  importAddress: Guid(f1163af3b1501ea4fb235e43fe0d8ec4) Importer(2089858483,b0f066a214c2f5e87bad3c948f4d605d)
Start importing Assets/Art/Toon Muzzleflash Pack/Components/Spritesheets/Side/toon_muzzleflash_side_spritesheet_4.png using Guid(f1163af3b1501ea4fb235e43fe0d8ec4) Importer(2089858483,b0f066a214c2f5e87bad3c948f4d605d) (ScriptedImporter) -> (Import Result ID: '3af62e124249f2a10d02ac22f20f1f92') in 0.0222999 seconds [static and dynamic dependencies]. Details - ImportResultOutputID=14d4b53e9ac01216067c947deadc6b55 DependenciesID=7ea0ae4cf0a7e82ed5aefac9bd13409a StaticDependenciesID=90955592d6567e499129f95b921bb541 
Number of updated asset objects reloaded before import = 0Number of asset objects unloaded after import = 11

========================================================================
Received Import Request.
  Time since last request: 3.175347 seconds.
  path: Assets/Art/VFXs
  importAddress: Guid(b1e7434015509424dab6de3ef69bc27d) Importer(815301076,1909f56bfc062723c751e8b465ee728b)
Start importing Assets/Art/VFXs using Guid(b1e7434015509424dab6de3ef69bc27d) Importer(815301076,1909f56bfc062723c751e8b465ee728b) (PreviewImporter) -> (Import Result ID: '092790e05177149017b5347eae5b3c6a') in 0.0005591 seconds [static and dynamic dependencies]. Details - ImportResultOutputID=46ce91d2e9905db40db1ad3ccd84beef DependenciesID=e9e17ab3a276c174c3f7e9a85ff7be99 StaticDependenciesID=4c65b6c1c142324c23c1a56bc35fa2e8 
Number of updated asset objects reloaded before import = 0Number of asset objects unloaded after import = 0

========================================================================
Received Import Request.
  Time since last request: 0.128629 seconds.
  path: Assets/Art/VFXs/Toon Muzzleflash Pack
  importAddress: Guid(6dfce183b2a32bc4391d7894f179bc62) Importer(2089858483,b0f066a214c2f5e87bad3c948f4d605d)
Start importing Assets/Art/VFXs/Toon Muzzleflash Pack using Guid(6dfce183b2a32bc4391d7894f179bc62) Importer(2089858483,b0f066a214c2f5e87bad3c948f4d605d) (ScriptedImporter) -> (Import Result ID: 'a970bb487a0720f5a2fb5f705405b902') in 0.0127416 seconds [static and dynamic dependencies]. Details - ImportResultOutputID=b83bba4297d85bf187e683d3e953b8b3 DependenciesID=edc0845ff4a66a2321440b2de5e897cc StaticDependenciesID=dfcfdb74eddaa28b659266d852d7354a 
Number of updated asset objects reloaded before import = 0Number of asset objects unloaded after import = 1

========================================================================
Received Import Request.
  Time since last request: 0.000017 seconds.
  path: Assets/Art/VFXs/Toon Muzzleflash Pack/Components/Spritesheets/Side/toon_muzzleflash_side_spritesheet_5.png
  importAddress: Guid(1a13e3417d90c514992155f8e2352e12) Importer(2089858483,b0f066a214c2f5e87bad3c948f4d605d)
Start importing Assets/Art/VFXs/Toon Muzzleflash Pack/Components/Spritesheets/Side/toon_muzzleflash_side_spritesheet_5.png using Guid(1a13e3417d90c514992155f8e2352e12) Importer(2089858483,b0f066a214c2f5e87bad3c948f4d605d) (ScriptedImporter) -> (Import Result ID: '40a27042a016065a1f3e943bda0f03b7') in 0.0307872 seconds [static and dynamic dependencies]. Details - ImportResultOutputID=5065833715235ea47e5c2c9aa2a63a44 DependenciesID=d2d237cb6b031dff938f82479b6676a4 StaticDependenciesID=0f5315cd99aa2af9c16a896f09034fcb 
Number of updated asset objects reloaded before import = 0Number of asset objects unloaded after import = 11

========================================================================
Received Import Request.
  Time since last request: 0.000020 seconds.
  path: Assets/Art/VFXs/Toon Muzzleflash Pack/Example Prefabs/Toon Muzzleflash 24.prefab
  importAddress: Guid(04a8a7e981b8f394dabda2126cdfdb3e) Importer(2089858483,b0f066a214c2f5e87bad3c948f4d605d)
Start importing Assets/Art/VFXs/Toon Muzzleflash Pack/Example Prefabs/Toon Muzzleflash 24.prefab using Guid(04a8a7e981b8f394dabda2126cdfdb3e) Importer(2089858483,b0f066a214c2f5e87bad3c948f4d605d) (ScriptedImporter) -> (Import Result ID: '9937c1987ec13c537ed68491bf88a351') in 0.0153536 seconds [static and dynamic dependencies]. Details - ImportResultOutputID=23bc7020ca155ae9722a2200aa92e2de DependenciesID=f120d0ea3f61f51875b86b44b9002028 StaticDependenciesID=8bb35e2af253e3e8fe1b0b36897d71c6 
Number of updated asset objects reloaded before import = 0Number of asset objects unloaded after import = 21

========================================================================
Received Import Request.
  Time since last request: 0.000028 seconds.
  path: Assets/Art/VFXs/Toon Muzzleflash Pack/Example Prefabs/Toon Muzzleflash 2.prefab
  importAddress: Guid(2b80d2843dd54ca46ac16e9f28dcf9d2) Importer(2089858483,b0f066a214c2f5e87bad3c948f4d605d)
Start importing Assets/Art/VFXs/Toon Muzzleflash Pack/Example Prefabs/Toon Muzzleflash 2.prefab using Guid(2b80d2843dd54ca46ac16e9f28dcf9d2) Importer(2089858483,b0f066a214c2f5e87bad3c948f4d605d) (ScriptedImporter) -> (Import Result ID: 'a9bed5f2024a022ca153d32259990118') in 0.017072 seconds [static and dynamic dependencies]. Details - ImportResultOutputID=7b72c9436933c260a8ed1965a8eff083 DependenciesID=a80d71a34651e44810ca5a5555bed4e4 StaticDependenciesID=ac7c24845f06381df260e94647a7bec5 
Number of updated asset objects reloaded before import = 0Number of asset objects unloaded after import = 21

========================================================================
Received Import Request.
  Time since last request: 0.000039 seconds.
  path: Assets/Art/VFXs/Toon Muzzleflash Pack/Example Prefabs/Toon Muzzleflash 11.prefab
  importAddress: Guid(9058260c08717d340aa6d4f552e69e27) Importer(2089858483,b0f066a214c2f5e87bad3c948f4d605d)
Start importing Assets/Art/VFXs/Toon Muzzleflash Pack/Example Prefabs/Toon Muzzleflash 11.prefab using Guid(9058260c08717d340aa6d4f552e69e27) Importer(2089858483,b0f066a214c2f5e87bad3c948f4d605d) (ScriptedImporter) -> (Import Result ID: '7bb75c5f38ceb5b6c5ffe042e0dd311b') in 0.0215772 seconds [static and dynamic dependencies]. Details - ImportResultOutputID=bffbe999c039db40348b7cf3d20115fa DependenciesID=10938deae0d32bbe7fecfaa5837f9aee StaticDependenciesID=e5b46a8fedd801616308570e1a6bd234 
Number of updated asset objects reloaded before import = 0Number of asset objects unloaded after import = 21

========================================================================
Received Import Request.
  Time since last request: 0.000017 seconds.
  path: Assets/Art/VFXs/Toon Muzzleflash Pack/Example Prefabs/Toon Muzzleflash 16.prefab
  importAddress: Guid(c21ec583e5b23614ca97b6233ab6d053) Importer(2089858483,b0f066a214c2f5e87bad3c948f4d605d)
Start importing Assets/Art/VFXs/Toon Muzzleflash Pack/Example Prefabs/Toon Muzzleflash 16.prefab using Guid(c21ec583e5b23614ca97b6233ab6d053) Importer(2089858483,b0f066a214c2f5e87bad3c948f4d605d) (ScriptedImporter) -> (Import Result ID: '0bbfd80fd02fc7a5016b4311a0eb5f83') in 0.0152747 seconds [static and dynamic dependencies]. Details - ImportResultOutputID=877df813b9cd2511409fd4552f579a8d DependenciesID=dc97ae4a8223a9b5c3ac2cfc7f06926b StaticDependenciesID=2bc918c374fd2463249f70740fc64391 
Number of updated asset objects reloaded before import = 0Number of asset objects unloaded after import = 21

========================================================================
Received Import Request.
  Time since last request: 0.000023 seconds.
  path: Assets/Art/VFXs/Toon Muzzleflash Pack/Example Prefabs/Toon Muzzleflash 17.prefab
  importAddress: Guid(775b9962321c27e4ba730285152b2e3b) Importer(2089858483,b0f066a214c2f5e87bad3c948f4d605d)
Start importing Assets/Art/VFXs/Toon Muzzleflash Pack/Example Prefabs/Toon Muzzleflash 17.prefab using Guid(775b9962321c27e4ba730285152b2e3b) Importer(2089858483,b0f066a214c2f5e87bad3c948f4d605d) (ScriptedImporter) -> (Import Result ID: '0582eae3d19a21c8f025a205a254b71b') in 0.0161331 seconds [static and dynamic dependencies]. Details - ImportResultOutputID=f16d375ca58e15253afef0a47f0fb830 DependenciesID=1e365856a56f634e7612a8d381640c57 StaticDependenciesID=4cb70e00cb50aedd1fba5ce86b6792c3 
Number of updated asset objects reloaded before import = 0Number of asset objects unloaded after import = 21

========================================================================
Received Import Request.
  Time since last request: 0.000054 seconds.
  path: Assets/Art/VFXs/Toon Muzzleflash Pack/Example Prefabs/Toon Muzzleflash 5.prefab
  importAddress: Guid(62d07207e73637c428642d14ef91b778) Importer(2089858483,b0f066a214c2f5e87bad3c948f4d605d)
Start importing Assets/Art/VFXs/Toon Muzzleflash Pack/Example Prefabs/Toon Muzzleflash 5.prefab using Guid(62d07207e73637c428642d14ef91b778) Importer(2089858483,b0f066a214c2f5e87bad3c948f4d605d) (ScriptedImporter) -> (Import Result ID: '1c584283858532174acc8f3dc354fa58') in 0.0187408 seconds [static and dynamic dependencies]. Details - ImportResultOutputID=61f101a532646c19564efbc7807860aa DependenciesID=4fe89fe9b1e68d463efd4001002d0995 StaticDependenciesID=947a02d25f62ff349f371b75ec0beea7 
Number of updated asset objects reloaded before import = 0Number of asset objects unloaded after import = 21

========================================================================
Received Import Request.
  Time since last request: 0.000030 seconds.
  path: Assets/Art/VFXs/Toon Muzzleflash Pack/Example Prefabs/Toon Muzzleflash 7.prefab
  importAddress: Guid(ce94000a78298f447b82a7e25b9ab359) Importer(2089858483,b0f066a214c2f5e87bad3c948f4d605d)
Start importing Assets/Art/VFXs/Toon Muzzleflash Pack/Example Prefabs/Toon Muzzleflash 7.prefab using Guid(ce94000a78298f447b82a7e25b9ab359) Importer(2089858483,b0f066a214c2f5e87bad3c948f4d605d) (ScriptedImporter) -> (Import Result ID: 'fda90ebebf0fcd1b3bbb1b0ab8acb858') in 0.0154546 seconds [static and dynamic dependencies]. Details - ImportResultOutputID=38474f6b8c177b932df29eb3d7c3a491 DependenciesID=a272ca5bb7a0e21dae260e0fa23a5992 StaticDependenciesID=982ad69a5e4760e94918141110947ef8 
Number of updated asset objects reloaded before import = 0Number of asset objects unloaded after import = 21

========================================================================
Received Import Request.
  Time since last request: 3.647072 seconds.
  path: Assets/Art/VFXs/Toon Muzzleflash Pack/Example Prefabs
  importAddress: Guid(6806de612f5477a439eb8e2b0abc7730) Importer(815301076,1909f56bfc062723c751e8b465ee728b)
Start importing Assets/Art/VFXs/Toon Muzzleflash Pack/Example Prefabs using Guid(6806de612f5477a439eb8e2b0abc7730) Importer(815301076,1909f56bfc062723c751e8b465ee728b) (PreviewImporter) -> (Import Result ID: '00d93ed81fdc70a02fc74b84ad331303') in 0.0005328 seconds [static and dynamic dependencies]. Details - ImportResultOutputID=624e1a8b95d5a8683d99ae88e2dd67f0 DependenciesID=f82756aeae132158cf4cec578ce4c0fc StaticDependenciesID=bb914499afb5e98405fb854b5e96cbba 
Number of updated asset objects reloaded before import = 0Number of asset objects unloaded after import = 0

========================================================================
Received Import Request.
  Time since last request: 0.748017 seconds.
  path: Assets/Art/VFXs/Toon Muzzleflash Pack/Example Prefabs/Toon Muzzleflash 1.prefab
  importAddress: Guid(302577c4c425ce14781bc5dd214f5576) Importer(815301076,1909f56bfc062723c751e8b465ee728b)
Start importing Assets/Art/VFXs/Toon Muzzleflash Pack/Example Prefabs/Toon Muzzleflash 1.prefab using Guid(302577c4c425ce14781bc5dd214f5576) Importer(815301076,1909f56bfc062723c751e8b465ee728b) (PreviewImporter) -> (Import Result ID: '39a5b3adeaeb6774528f6adec56fa5e9') in 0.4413039 seconds [static and dynamic dependencies]. Details - ImportResultOutputID=a14b0527173a3882b385fcb6311906bb DependenciesID=311a4744e611ad509f0d17a6d946a46b StaticDependenciesID=2e36c6e08581ad920b8a762a6fe6b8f0 
Number of updated asset objects reloaded before import = 0Number of asset objects unloaded after import = 21

========================================================================
Received Import Request.
  Time since last request: 21.211507 seconds.
  path: Assets/Art/VFXs/Toon Muzzleflash Pack/Components
  importAddress: Guid(84d21f75c2b2789438cba615caa96f47) Importer(815301076,1909f56bfc062723c751e8b465ee728b)
Start importing Assets/Art/VFXs/Toon Muzzleflash Pack/Components using Guid(84d21f75c2b2789438cba615caa96f47) Importer(815301076,1909f56bfc062723c751e8b465ee728b) (PreviewImporter) -> (Import Result ID: '3c2eff5e2329122c1b0c635ad2dc1cb0') in 0.0008654 seconds [static and dynamic dependencies]. Details - ImportResultOutputID=cb3834fa394310d6dbeedad8a8d49757 DependenciesID=c34d02dfa2a758580042f85e64f0015e StaticDependenciesID=a3fe3b5429c0bbba0259edf0c4261d50 
Number of updated asset objects reloaded before import = 0Number of asset objects unloaded after import = 0

========================================================================
Received Import Request.
  Time since last request: 1.812384 seconds.
  path: Assets/Art/VFXs/Toon Muzzleflash Pack/Components/Material
  importAddress: Guid(24ec37bc9b778044ea94eb0fdb05a32a) Importer(815301076,1909f56bfc062723c751e8b465ee728b)
Start importing Assets/Art/VFXs/Toon Muzzleflash Pack/Components/Material using Guid(24ec37bc9b778044ea94eb0fdb05a32a) Importer(815301076,1909f56bfc062723c751e8b465ee728b) (PreviewImporter) -> (Import Result ID: '18c6f2431735b589642183c109c036a1') in 0.0004879 seconds [static and dynamic dependencies]. Details - ImportResultOutputID=20913da7508a26df84098e4df15b9679 DependenciesID=d4713f4b9f56a89b6ef56ebc0b39db2c StaticDependenciesID=84d3f83d7a02b5193997c809a0ba0296 
Number of updated asset objects reloaded before import = 0Number of asset objects unloaded after import = 0

========================================================================
Received Import Request.
  Time since last request: 1.827545 seconds.
  path: Assets/Art/VFXs/Toon Muzzleflash Pack/Components/Spritesheets
  importAddress: Guid(5c9205c379458f34bb4938f6035111b0) Importer(815301076,1909f56bfc062723c751e8b465ee728b)
Start importing Assets/Art/VFXs/Toon Muzzleflash Pack/Components/Spritesheets using Guid(5c9205c379458f34bb4938f6035111b0) Importer(815301076,1909f56bfc062723c751e8b465ee728b) (PreviewImporter) -> (Import Result ID: '85a5fd4431b57e33f0a4d3adf149d511') in 0.0005037 seconds [static and dynamic dependencies]. Details - ImportResultOutputID=b750748d0f43edb164642d48df9039d9 DependenciesID=6f223ec65a3f2e1c86e3c0e62f737192 StaticDependenciesID=571f4ba0a9413d64c0bcaaeb888aaf2f 
Number of updated asset objects reloaded before import = 0Number of asset objects unloaded after import = 0

========================================================================
Received Import Request.
  Time since last request: 0.922631 seconds.
  path: Assets/Art/VFXs/Toon Muzzleflash Pack/Components/Spritesheets/Side
  importAddress: Guid(33bcda7fffa4bd640913e39a52d0aac9) Importer(815301076,1909f56bfc062723c751e8b465ee728b)
Start importing Assets/Art/VFXs/Toon Muzzleflash Pack/Components/Spritesheets/Side using Guid(33bcda7fffa4bd640913e39a52d0aac9) Importer(815301076,1909f56bfc062723c751e8b465ee728b) (PreviewImporter) -> (Import Result ID: 'e2bf00c5a88f3c1409dec59b727c4c91') in 0.000701 seconds [static and dynamic dependencies]. Details - ImportResultOutputID=d4359212224cb9bf0d6b9cabd16741bc DependenciesID=45d5bdd6ed26d28e95a20a671e055e77 StaticDependenciesID=5e3a1c36bda55c2c716c74915f059c32 
Number of updated asset objects reloaded before import = 0Number of asset objects unloaded after import = 0

========================================================================
Received Import Request.
  Time since last request: 2.225527 seconds.
  path: Assets/Art/VFXs/Toon Muzzleflash Pack/Components/Spritesheets/Front
  importAddress: Guid(d012c380fcc2b834290a11639c4381e9) Importer(815301076,1909f56bfc062723c751e8b465ee728b)
Start importing Assets/Art/VFXs/Toon Muzzleflash Pack/Components/Spritesheets/Front using Guid(d012c380fcc2b834290a11639c4381e9) Importer(815301076,1909f56bfc062723c751e8b465ee728b) (PreviewImporter) -> (Import Result ID: '235c398f9906581ca8a67c22f74cd718') in 0.0005243 seconds [static and dynamic dependencies]. Details - ImportResultOutputID=71adc23f587b4be2a26f281321571234 DependenciesID=62d9b7a499af7e665c66f1b190800361 StaticDependenciesID=18d79f03f8fdea3811a9189a7bbbbb42 
Number of updated asset objects reloaded before import = 0Number of asset objects unloaded after import = 0

========================================================================
Received Import Request.
  Time since last request: 5.278081 seconds.
  path: Assets/Art/VFXs/Toon Muzzleflash Pack/Example Prefabs/Toon Muzzleflash 2.prefab
  importAddress: Guid(2b80d2843dd54ca46ac16e9f28dcf9d2) Importer(815301076,1909f56bfc062723c751e8b465ee728b)
Start importing Assets/Art/VFXs/Toon Muzzleflash Pack/Example Prefabs/Toon Muzzleflash 2.prefab using Guid(2b80d2843dd54ca46ac16e9f28dcf9d2) Importer(815301076,1909f56bfc062723c751e8b465ee728b) (PreviewImporter) -> (Import Result ID: '1469e2a5ec0c0e53b8b451d251fcfc2a') in 0.0342847 seconds [static and dynamic dependencies]. Details - ImportResultOutputID=2dad58eb94fd5c9e878bf45b005d08c9 DependenciesID=c63d8475311ac399c0334a3a66fdabec StaticDependenciesID=d1391ae4a9e5a2ff6c7178a21bc34a28 
Number of updated asset objects reloaded before import = 0Number of asset objects unloaded after import = 21

========================================================================
Received Import Request.
  Time since last request: 29.614106 seconds.
  path: Assets/Art/VFXs/Toon Muzzleflash Pack/Example Prefabs/Toon Muzzleflash 5.prefab
  importAddress: Guid(62d07207e73637c428642d14ef91b778) Importer(815301076,1909f56bfc062723c751e8b465ee728b)
Start importing Assets/Art/VFXs/Toon Muzzleflash Pack/Example Prefabs/Toon Muzzleflash 5.prefab using Guid(62d07207e73637c428642d14ef91b778) Importer(815301076,1909f56bfc062723c751e8b465ee728b) (PreviewImporter) -> (Import Result ID: '13ecb530904f046f8e978da2863d0bfe') in 0.0324033 seconds [static and dynamic dependencies]. Details - ImportResultOutputID=3cecf364b81bae54d479d40dd51b7d2b DependenciesID=199193e20cc242438685481b9536a377 StaticDependenciesID=d0590c4d29f9116fb1ded7cca9e66399 
Number of updated asset objects reloaded before import = 0Number of asset objects unloaded after import = 21

========================================================================
Received Import Request.
  Time since last request: 0.472615 seconds.
  path: Assets/Art/VFXs/Toon Muzzleflash Pack/Example Prefabs/Toon Muzzleflash 8.prefab
  importAddress: Guid(c460780050234874594e9f7a0f7decc6) Importer(815301076,1909f56bfc062723c751e8b465ee728b)
Start importing Assets/Art/VFXs/Toon Muzzleflash Pack/Example Prefabs/Toon Muzzleflash 8.prefab using Guid(c460780050234874594e9f7a0f7decc6) Importer(815301076,1909f56bfc062723c751e8b465ee728b) (PreviewImporter) -> (Import Result ID: 'cfc664ab32b6e00fa2bd0b3d426e3b3e') in 0.0363237 seconds [static and dynamic dependencies]. Details - ImportResultOutputID=ba91506d92c370562ec2dc7cec2c5788 DependenciesID=c194dd20580698748002d9626899b640 StaticDependenciesID=df5548918917eb3c52ca7ab7ac2b92ef 
Number of updated asset objects reloaded before import = 0Number of asset objects unloaded after import = 21

========================================================================
Received Import Request.
  Time since last request: 28.214863 seconds.
  path: Assets/Art/VFXs/Toon Muzzleflash Pack/Example Prefabs/Toon Muzzleflash 3.prefab
  importAddress: Guid(b7d03fb0762c75449af69d624547e358) Importer(815301076,1909f56bfc062723c751e8b465ee728b)
Start importing Assets/Art/VFXs/Toon Muzzleflash Pack/Example Prefabs/Toon Muzzleflash 3.prefab using Guid(b7d03fb0762c75449af69d624547e358) Importer(815301076,1909f56bfc062723c751e8b465ee728b) (PreviewImporter) -> (Import Result ID: 'ce3dc310a7692ed1bd4d2e6529b1784e') in 0.022883 seconds [static and dynamic dependencies]. Details - ImportResultOutputID=d30ee04a370d6f90e83bf5e0a4d53902 DependenciesID=c0a41a8851c7c04bafd38c6df6154466 StaticDependenciesID=173a7f7be59e32f204f125b0be4c8b16 
Number of updated asset objects reloaded before import = 0Number of asset objects unloaded after import = 21

========================================================================
Received Import Request.
  Time since last request: 0.557699 seconds.
  path: Assets/Art/VFXs/Toon Muzzleflash Pack/Example Prefabs/Toon Muzzleflash 4.prefab
  importAddress: Guid(510e0a736e5e66243b242a076c59611a) Importer(815301076,1909f56bfc062723c751e8b465ee728b)
Start importing Assets/Art/VFXs/Toon Muzzleflash Pack/Example Prefabs/Toon Muzzleflash 4.prefab using Guid(510e0a736e5e66243b242a076c59611a) Importer(815301076,1909f56bfc062723c751e8b465ee728b) (PreviewImporter) -> (Import Result ID: 'd52e1cecd247ac8e6f23c97af8ee05d9') in 0.0245168 seconds [static and dynamic dependencies]. Details - ImportResultOutputID=4d164ea35ec07cb7ae8eeb1164e9e640 DependenciesID=c58cc12e3e2808b31ef9cc87ab6c8f8a StaticDependenciesID=6dd64a13a07075a9f15503003542331d 
Number of updated asset objects reloaded before import = 0Number of asset objects unloaded after import = 21

========================================================================
Received Import Request.
  Time since last request: 1.309321 seconds.
  path: Assets/Art/VFXs/Toon Muzzleflash Pack/Example Prefabs/Toon Muzzleflash 6.prefab
  importAddress: Guid(e5727721799e00f44906e7af53883073) Importer(815301076,1909f56bfc062723c751e8b465ee728b)
Start importing Assets/Art/VFXs/Toon Muzzleflash Pack/Example Prefabs/Toon Muzzleflash 6.prefab using Guid(e5727721799e00f44906e7af53883073) Importer(815301076,1909f56bfc062723c751e8b465ee728b) (PreviewImporter) -> (Import Result ID: '4b73cf50559e4243811eed9113e925d5') in 0.0324368 seconds [static and dynamic dependencies]. Details - ImportResultOutputID=3ccf897e2f90349c839655c3b543d014 DependenciesID=749f1cfe767c8e918d06a55468998123 StaticDependenciesID=69fcac2856325582a4e3b5c0b20f5051 
Number of updated asset objects reloaded before import = 0Number of asset objects unloaded after import = 21

========================================================================
Received Import Request.
  Time since last request: 27.511310 seconds.
  path: Assets/Art/VFXs/Toon Muzzleflash Pack/Example Prefabs/Toon Muzzleflash 6.prefab
  importAddress: Guid(e5727721799e00f44906e7af53883073) Importer(2089858483,b0f066a214c2f5e87bad3c948f4d605d)
Start importing Assets/Art/VFXs/Toon Muzzleflash Pack/Example Prefabs/Toon Muzzleflash 6.prefab using Guid(e5727721799e00f44906e7af53883073) Importer(2089858483,b0f066a214c2f5e87bad3c948f4d605d) (ScriptedImporter) -> (Import Result ID: 'bc30a7640b113f2d61916158d5fb99d0') in 0.076552 seconds [static and dynamic dependencies]. Details - ImportResultOutputID=430a7544ffc86a014233d8fddc33b28b DependenciesID=8a8a8d030df21584ded5f20fdf1a08fe StaticDependenciesID=3034cc6a2819d5fbb7edc2af02ea5ccf 
Number of updated asset objects reloaded before import = 0Number of asset objects unloaded after import = 24

========================================================================
Received Import Request.
  Time since last request: 15.804027 seconds.
  path: Assets/Art/VFXs/Toon Muzzleflash Pack/Example Prefabs/Toon Muzzleflash 6.prefab
  importAddress: Guid(e5727721799e00f44906e7af53883073) Importer(2089858483,b0f066a214c2f5e87bad3c948f4d605d)
Start importing Assets/Art/VFXs/Toon Muzzleflash Pack/Example Prefabs/Toon Muzzleflash 6.prefab using Guid(e5727721799e00f44906e7af53883073) Importer(2089858483,b0f066a214c2f5e87bad3c948f4d605d) (ScriptedImporter) -> (Import Result ID: '0916535485b16c79c5ec9225b964c781') in 0.028447 seconds [static and dynamic dependencies]. Details - ImportResultOutputID=0e771d1353c1b0642fff6ecbc25b3a15 DependenciesID=102d2ec43f2480bdffcd64cdb38c004b StaticDependenciesID=62bb84c0ba26635e9dc7784aa5e15258 
Number of updated asset objects reloaded before import = 0Number of asset objects unloaded after import = 24

========================================================================
Received Import Request.
  Time since last request: 33.056639 seconds.
  path: Assets/Art/VFXs/Toon Muzzleflash Pack/Example Prefabs/Toon Muzzleflash 6.prefab
  importAddress: Guid(e5727721799e00f44906e7af53883073) Importer(2089858483,b0f066a214c2f5e87bad3c948f4d605d)
Start importing Assets/Art/VFXs/Toon Muzzleflash Pack/Example Prefabs/Toon Muzzleflash 6.prefab using Guid(e5727721799e00f44906e7af53883073) Importer(2089858483,b0f066a214c2f5e87bad3c948f4d605d) (ScriptedImporter) -> (Import Result ID: 'd5ed716ac913c74b85daf3fcfae494f6') in 0.0198567 seconds [static and dynamic dependencies]. Details - ImportResultOutputID=a233092e370a0ae9303356c5492fb7ac DependenciesID=de0b5008ac4bb69b67bd2b91d89eec0e StaticDependenciesID=834254a48285e5d59c2006bf4642ba38 
Number of updated asset objects reloaded before import = 0Number of asset objects unloaded after import = 22

========================================================================
Received Import Request.
  Time since last request: 14.557851 seconds.
  path: Assets/Art/VFXs/Toon Muzzleflash Pack/Example Prefabs/Toon Muzzleflash 13.prefab
  importAddress: Guid(2580b1fe15543884aaf8621b6080330a) Importer(815301076,1909f56bfc062723c751e8b465ee728b)
Start importing Assets/Art/VFXs/Toon Muzzleflash Pack/Example Prefabs/Toon Muzzleflash 13.prefab using Guid(2580b1fe15543884aaf8621b6080330a) Importer(815301076,1909f56bfc062723c751e8b465ee728b) (PreviewImporter) -> (Import Result ID: 'c6023fd93029303c9047a724c2adf477') in 0.0270763 seconds [static and dynamic dependencies]. Details - ImportResultOutputID=b2885eec21b0f261c0f580d5ff97cdff DependenciesID=b2fb06dcebae2577cfeda0995771efad StaticDependenciesID=00d4425dbe48fe42cb4382626c7a74c9 
Number of updated asset objects reloaded before import = 0Number of asset objects unloaded after import = 21

========================================================================
Received Import Request.
  Time since last request: 10.746468 seconds.
  path: Assets/Art/VFXs/Toon Muzzleflash Pack/Example Prefabs/Toon Muzzleflash 6.prefab
  importAddress: Guid(e5727721799e00f44906e7af53883073) Importer(815301076,1909f56bfc062723c751e8b465ee728b)
Start importing Assets/Art/VFXs/Toon Muzzleflash Pack/Example Prefabs/Toon Muzzleflash 6.prefab using Guid(e5727721799e00f44906e7af53883073) Importer(815301076,1909f56bfc062723c751e8b465ee728b) (PreviewImporter) -> (Import Result ID: '2bc38af0127124f1e651bafc27545d85') in 0.02285 seconds [static and dynamic dependencies]. Details - ImportResultOutputID=3ccf897e2f90349c839655c3b543d014 DependenciesID=eded83e4f595b1229693220ae2ef6de1 StaticDependenciesID=c9bca4d7cb601dfae5429c50e87eec1e 
Number of updated asset objects reloaded before import = 0Number of asset objects unloaded after import = 22

========================================================================
Received Prepare
Refreshing native plugins compatible for Editor in 3.23 ms, found 4 plugins.
Unloading 36 Unused Serialized files (Serialized files now loaded: 0)
Unloading 8116 unused Assets / (7.3 MB). Loaded Objects now: 9106.
Memory consumption went from 187.2 MB to 179.9 MB.
Total: 17.005000 ms (FindLiveObjects: 0.902500 ms CreateObjectMapping: 1.015100 ms MarkObjects: 10.547600 ms  DeleteObjects: 4.537700 ms)

Prepare: number of updated asset objects reloaded= 0
========================================================================
Received Import Request.
  Time since last request: 278.683702 seconds.
  path: Assets/JMO Assets/WarFX/Desktop/Textures/MuzzleFlashes/WFX_T_MF Sparks RIFLE3 A8.tga
  importAddress: Guid(0cc149bc487ff27419e48863a408b77a) Importer(2089858483,b0f066a214c2f5e87bad3c948f4d605d)
Start importing Assets/JMO Assets/WarFX/Desktop/Textures/MuzzleFlashes/WFX_T_MF Sparks RIFLE3 A8.tga using Guid(0cc149bc487ff27419e48863a408b77a) Importer(2089858483,b0f066a214c2f5e87bad3c948f4d605d) (ScriptedImporter) -> (Import Result ID: '27c8619c924f9c9ee07713697973d2b6') in 0.0171692 seconds [static and dynamic dependencies]. Details - ImportResultOutputID=dcc6dfc797e0fe4ea42f5236afc4ae1e DependenciesID=fbaec390ece723830cb329618b835758 StaticDependenciesID=d32577ea650b36c7b99b18212905a6cc 
Number of updated asset objects reloaded before import = 0Number of asset objects unloaded after import = 1

========================================================================
Received Import Request.
  Time since last request: 0.000033 seconds.
  path: Assets/JMO Assets/WarFX/_Effects/Fire/No Smoke/WFX_GazFireBig (No Smoke).prefab
  importAddress: Guid(ec8ca459c13886c48b2e9767acbe237b) Importer(2089858483,b0f066a214c2f5e87bad3c948f4d605d)
Start importing Assets/JMO Assets/WarFX/_Effects/Fire/No Smoke/WFX_GazFireBig (No Smoke).prefab using Guid(ec8ca459c13886c48b2e9767acbe237b) Importer(2089858483,b0f066a214c2f5e87bad3c948f4d605d) (ScriptedImporter) -> (Import Result ID: '637d91992dbec142336c2b3bbc789c40') in 0.0348201 seconds [static and dynamic dependencies]. Details - ImportResultOutputID=d66904ae290b77285483ca766b899fc5 DependenciesID=c90c3ab58d81e5d623453de17074f1e2 StaticDependenciesID=a358e6bd41e964b1a1003d1c4e43c337 
Number of updated asset objects reloaded before import = 0Number of asset objects unloaded after import = 11

========================================================================
Received Import Request.
  Time since last request: 0.000026 seconds.
  path: Assets/JMO Assets/WarFX/Mobile/Materials/Misc/WFXM_M_StretchPalet.mat
  importAddress: Guid(ae862d3e96e550448b065f9e4e239fa6) Importer(2089858483,b0f066a214c2f5e87bad3c948f4d605d)
Start importing Assets/JMO Assets/WarFX/Mobile/Materials/Misc/WFXM_M_StretchPalet.mat using Guid(ae862d3e96e550448b065f9e4e239fa6) Importer(2089858483,b0f066a214c2f5e87bad3c948f4d605d) (ScriptedImporter) -> (Import Result ID: '6ca851b28eda704c8b08ca42715ba2c0') in 0.0212673 seconds [static and dynamic dependencies]. Details - ImportResultOutputID=8c429932450577a0ac9ed391b3d669d3 DependenciesID=2b19ef35a378b34a4d407532db21e7fc StaticDependenciesID=6e3a2c0d525e3cb81942eb1c2097ac53 
Number of updated asset objects reloaded before import = 0Number of asset objects unloaded after import = 3

========================================================================
Received Import Request.
  Time since last request: 0.000048 seconds.
  path: Assets/JMO Assets/WarFX/Desktop/Textures/Misc/WFX_T_GlowCircle A8.png
  importAddress: Guid(ddd99084bf4dcd54e8a575ee0959c08e) Importer(2089858483,b0f066a214c2f5e87bad3c948f4d605d)
Start importing Assets/JMO Assets/WarFX/Desktop/Textures/Misc/WFX_T_GlowCircle A8.png using Guid(ddd99084bf4dcd54e8a575ee0959c08e) Importer(2089858483,b0f066a214c2f5e87bad3c948f4d605d) (ScriptedImporter) -> (Import Result ID: 'c9b31d3c6518e16933e196c47c559340') in 0.0163469 seconds [static and dynamic dependencies]. Details - ImportResultOutputID=c1ffb8ab9bd6ad67696a2777a0e2683f DependenciesID=a251f450bb98c6ab80a5f4d833385abd StaticDependenciesID=a4e0d025a591c347f66990730b34ea73 
Number of updated asset objects reloaded before import = 0Number of asset objects unloaded after import = 1

========================================================================
Received Import Request.
  Time since last request: 0.000025 seconds.
  path: Assets/JMO Assets/WarFX/Mobile/Materials/Smoke/WFXM_M_Smoke SoftMult.mat
  importAddress: Guid(fe481424cfe6854488d84d32d6408432) Importer(2089858483,b0f066a214c2f5e87bad3c948f4d605d)
Start importing Assets/JMO Assets/WarFX/Mobile/Materials/Smoke/WFXM_M_Smoke SoftMult.mat using Guid(fe481424cfe6854488d84d32d6408432) Importer(2089858483,b0f066a214c2f5e87bad3c948f4d605d) (ScriptedImporter) -> (Import Result ID: '67b3dc7978e25e349f3dd9e6f2f23745') in 0.0156346 seconds [static and dynamic dependencies]. Details - ImportResultOutputID=4fc42575f2dbb11cc3d92f7a610b9301 DependenciesID=3565cc4aef15a497734593e58cb68203 StaticDependenciesID=b6c26cd4f4f0f2e05d4e28d7cdd778f1 
Number of updated asset objects reloaded before import = 0Number of asset objects unloaded after import = 3

========================================================================
Received Import Request.
  Time since last request: 0.000025 seconds.
  path: Assets/JMO Assets/WarFX/Mobile/Materials/Bullet Holes/WFXM_BulletHole Wood Lighted.mat
  importAddress: Guid(22e274cec6ea8674cb2d4015a3fe1770) Importer(2089858483,b0f066a214c2f5e87bad3c948f4d605d)
Start importing Assets/JMO Assets/WarFX/Mobile/Materials/Bullet Holes/WFXM_BulletHole Wood Lighted.mat using Guid(22e274cec6ea8674cb2d4015a3fe1770) Importer(2089858483,b0f066a214c2f5e87bad3c948f4d605d) (ScriptedImporter)Shader 'WFX/Transparent Diffuse': fallback shader 'Particles/Alpha Blended' not found
 -> (Import Result ID: 'dcacf4d6c667380ace5c1aa993d1ba1e') in 0.0154437 seconds [static and dynamic dependencies]. Details - ImportResultOutputID=93b35dc73a4d95c51b949ee8be3fb5eb DependenciesID=b979bd5fd9bd34ce80edd12dc97eeada StaticDependenciesID=82e6e80bd14eb3b1442502c7ed98dd97 
Number of updated asset objects reloaded before import = 0Number of asset objects unloaded after import = 3

========================================================================
Received Import Request.
  Time since last request: 0.000058 seconds.
  path: Assets/JMO Assets/WarFX/_Effects (Mobile)/Bullet Impacts/WFXMR_BImpact Wood NoCollision.prefab
  importAddress: Guid(2bad6b8b976e8a44cacd2a270b2d3ef2) Importer(2089858483,b0f066a214c2f5e87bad3c948f4d605d)
Start importing Assets/JMO Assets/WarFX/_Effects (Mobile)/Bullet Impacts/WFXMR_BImpact Wood NoCollision.prefab using Guid(2bad6b8b976e8a44cacd2a270b2d3ef2) Importer(2089858483,b0f066a214c2f5e87bad3c948f4d605d) (ScriptedImporter) -> (Import Result ID: '71b99f35636e68b90cb90bcd95a6cb8a') in 0.0296064 seconds [static and dynamic dependencies]. Details - ImportResultOutputID=8e8d6f2ceb87b66322f0c552ed3f4310 DependenciesID=dd6ca1cc9ed4e4f820385f2a11db5773 StaticDependenciesID=2c719efcdc1f3c4d10eb2ca3a2810e29 
Number of updated asset objects reloaded before import = 0Number of asset objects unloaded after import = 15

========================================================================
Received Import Request.
  Time since last request: 0.000038 seconds.
  path: Assets/JMO Assets/WarFX/Desktop/Textures/Smoke/WFX_T_SmokeLoopAlpha Average.tga
  importAddress: Guid(1724eb924685fa7458a70dde1fd68bf2) Importer(2089858483,b0f066a214c2f5e87bad3c948f4d605d)
Start importing Assets/JMO Assets/WarFX/Desktop/Textures/Smoke/WFX_T_SmokeLoopAlpha Average.tga using Guid(1724eb924685fa7458a70dde1fd68bf2) Importer(2089858483,b0f066a214c2f5e87bad3c948f4d605d) (ScriptedImporter) -> (Import Result ID: 'd52c7884f9662a15df5d257a91f0c8f5') in 0.0165359 seconds [static and dynamic dependencies]. Details - ImportResultOutputID=2b381314c89dc9295021c7dee7011a29 DependenciesID=ebd2d771845fb4b1967ea3ea23493075 StaticDependenciesID=2761178932471de7db73886934f63336 
Number of updated asset objects reloaded before import = 0Number of asset objects unloaded after import = 1

========================================================================
Received Import Request.
  Time since last request: 0.000121 seconds.
  path: Assets/JMO Assets/WarFX/_Effects (Mobile)/Bullet Impacts/WFXMR_BImpact Concrete.prefab
  importAddress: Guid(556d09d7fda29fd4185eed4067d5777b) Importer(2089858483,b0f066a214c2f5e87bad3c948f4d605d)
Start importing Assets/JMO Assets/WarFX/_Effects (Mobile)/Bullet Impacts/WFXMR_BImpact Concrete.prefab using Guid(556d09d7fda29fd4185eed4067d5777b) Importer(2089858483,b0f066a214c2f5e87bad3c948f4d605d) (ScriptedImporter) -> (Import Result ID: '522a23695f26ff1e1f816c00d254bc0d') in 0.0292861 seconds [static and dynamic dependencies]. Details - ImportResultOutputID=da35a3ed3a6916ba35b40e934c40193f DependenciesID=e02d3e8732f680b443e37af41211492e StaticDependenciesID=339b066413ccbc495968eae2caccd5b9 
Number of updated asset objects reloaded before import = 0Number of asset objects unloaded after import = 15

========================================================================
Received Import Request.
  Time since last request: 0.000027 seconds.
  path: Assets/JMO Assets/WarFX/_Effects (Mobile)/MuzzleFlashes/Sprites/WFXMR_MF Spr RIFLE1.prefab
  importAddress: Guid(2f7910242354c78419d50ac9e64b496f) Importer(2089858483,b0f066a214c2f5e87bad3c948f4d605d)
Start importing Assets/JMO Assets/WarFX/_Effects (Mobile)/MuzzleFlashes/Sprites/WFXMR_MF Spr RIFLE1.prefab using Guid(2f7910242354c78419d50ac9e64b496f) Importer(2089858483,b0f066a214c2f5e87bad3c948f4d605d) (ScriptedImporter) -> (Import Result ID: 'c1ac4e5045b1dad02076d201976f32ff') in 0.0303553 seconds [static and dynamic dependencies]. Details - ImportResultOutputID=d9729e29d8229cc239cd691f51f28319 DependenciesID=d91f58b4ceded036f0d974ca0e6a8678 StaticDependenciesID=51194be3a9326bb3fe274269d4eeb695 
Number of updated asset objects reloaded before import = 0Number of asset objects unloaded after import = 21

========================================================================
Received Import Request.
  Time since last request: 0.000037 seconds.
  path: Assets/JMO Assets/WarFX/Demo/Assets/WFX_Demo_T_Wood Normal.tga
  importAddress: Guid(d5bbdfb7cec442b408c8834fcadb7b55) Importer(2089858483,b0f066a214c2f5e87bad3c948f4d605d)
Start importing Assets/JMO Assets/WarFX/Demo/Assets/WFX_Demo_T_Wood Normal.tga using Guid(d5bbdfb7cec442b408c8834fcadb7b55) Importer(2089858483,b0f066a214c2f5e87bad3c948f4d605d) (ScriptedImporter) -> (Import Result ID: '2d7b4b45c1f76a64c12ea1846c369ee6') in 0.0201214 seconds [static and dynamic dependencies]. Details - ImportResultOutputID=315a7c3b2f5bebd83928851fbfe1c1a9 DependenciesID=54352a0d6da1002acb033654c7f94185 StaticDependenciesID=5afba48011305a33927cfa090c759cb2 
Number of updated asset objects reloaded before import = 0Number of asset objects unloaded after import = 1

========================================================================
Received Import Request.
  Time since last request: 0.000036 seconds.
  path: Assets/JMO Assets/WarFX/_Effects (Mobile)/MuzzleFlashes/Sprites/WFXMR_MF Spr RIFLE3.prefab
  importAddress: Guid(31e92f47a14b1434397c9d18b23ef28d) Importer(2089858483,b0f066a214c2f5e87bad3c948f4d605d)
Start importing Assets/JMO Assets/WarFX/_Effects (Mobile)/MuzzleFlashes/Sprites/WFXMR_MF Spr RIFLE3.prefab using Guid(31e92f47a14b1434397c9d18b23ef28d) Importer(2089858483,b0f066a214c2f5e87bad3c948f4d605d) (ScriptedImporter) -> (Import Result ID: '72c646dfef18b7bfc7deb28c52dec942') in 0.0402379 seconds [static and dynamic dependencies]. Details - ImportResultOutputID=15b451ca9e672638957e4fcc7aaf87f8 DependenciesID=a1e9a9414b106b76a6c2d5cedf26f502 StaticDependenciesID=89a37be8396c76acc62c62628f95fc1e 
Number of updated asset objects reloaded before import = 0Number of asset objects unloaded after import = 22

========================================================================
Received Import Request.
  Time since last request: 0.000037 seconds.
  path: Assets/JMO Assets/WarFX/_Effects (Mobile)/Bullet Impacts/+ Bullet Hole/Unlit/WFXMR_BImpact Wood NoCollision + Hole Unlit.prefab
  importAddress: Guid(ada3e15c23ce1c1439a8ca49c46cda22) Importer(2089858483,b0f066a214c2f5e87bad3c948f4d605d)
Start importing Assets/JMO Assets/WarFX/_Effects (Mobile)/Bullet Impacts/+ Bullet Hole/Unlit/WFXMR_BImpact Wood NoCollision + Hole Unlit.prefab using Guid(ada3e15c23ce1c1439a8ca49c46cda22) Importer(2089858483,b0f066a214c2f5e87bad3c948f4d605d) (ScriptedImporter) -> (Import Result ID: '2c2b438ec59b567465f1bdbcfa7efadc') in 0.0366448 seconds [static and dynamic dependencies]. Details - ImportResultOutputID=f4abf93ee04ca358334a27723da4b8fc DependenciesID=72924c67435cb006cfa0b8b26dcb42d9 StaticDependenciesID=e88b28a7a7d7562f4294324ba08e1d85 
Number of updated asset objects reloaded before import = 0Number of asset objects unloaded after import = 21

========================================================================
Received Import Request.
  Time since last request: 0.000037 seconds.
  path: Assets/JMO Assets/WarFX/_Effects (Mobile)/Fire/Black Smoke/WFXMR_GazFire (Black Smoke).prefab
  importAddress: Guid(17315d51dc90be34cad95e853f26b6ae) Importer(2089858483,b0f066a214c2f5e87bad3c948f4d605d)
Start importing Assets/JMO Assets/WarFX/_Effects (Mobile)/Fire/Black Smoke/WFXMR_GazFire (Black Smoke).prefab using Guid(17315d51dc90be34cad95e853f26b6ae) Importer(2089858483,b0f066a214c2f5e87bad3c948f4d605d) (ScriptedImporter) -> (Import Result ID: 'ceaa08e8be60aa4f8e359a0e6e45abef') in 0.0347417 seconds [static and dynamic dependencies]. Details - ImportResultOutputID=183b52dbd59966d906a3a34e75cb85cb DependenciesID=7e7d04138b0a1b4f7e9ce8c75c85ed01 StaticDependenciesID=5e4b094def015c1ce481955416e0bce9 
Number of updated asset objects reloaded before import = 0Number of asset objects unloaded after import = 15

========================================================================
Received Import Request.
  Time since last request: 0.000025 seconds.
  path: Assets/JMO Assets/WarFX/_Effects/Smoke/WFX_SmokeGrenade AlphaBlend Gray.prefab
  importAddress: Guid(e37de961c0fe47b439a8a7c1c1b6213d) Importer(2089858483,b0f066a214c2f5e87bad3c948f4d605d)
Start importing Assets/JMO Assets/WarFX/_Effects/Smoke/WFX_SmokeGrenade AlphaBlend Gray.prefab using Guid(e37de961c0fe47b439a8a7c1c1b6213d) Importer(2089858483,b0f066a214c2f5e87bad3c948f4d605d) (ScriptedImporter) -> (Import Result ID: 'ca04d544fcb6c2294600be5a62c227ab') in 0.0449896 seconds [static and dynamic dependencies]. Details - ImportResultOutputID=e33ba7f845f84262917f6384336ea56f DependenciesID=75c14ac2369f2d4b338e11725e4f71b8 StaticDependenciesID=5dd762fa454e7f25b63171f98ef4bc25 
Number of updated asset objects reloaded before import = 0Number of asset objects unloaded after import = 11

========================================================================
Received Import Request.
  Time since last request: 0.000054 seconds.
  path: Assets/JMO Assets/WarFX
  importAddress: Guid(bf67b04f7e403384eb93f422cf479252) Importer(2089858483,b0f066a214c2f5e87bad3c948f4d605d)
Start importing Assets/JMO Assets/WarFX using Guid(bf67b04f7e403384eb93f422cf479252) Importer(2089858483,b0f066a214c2f5e87bad3c948f4d605d) (ScriptedImporter) -> (Import Result ID: '5f833974e98b60f1252245757c6a499d') in 0.0142009 seconds [static and dynamic dependencies]. Details - ImportResultOutputID=aacf7148d2ccd23cf2012269134f8fd3 DependenciesID=a78ba4b8bcdc7fdba7bd92a36854d201 StaticDependenciesID=15159c94bfb03f47b49a0d9235333558 
Number of updated asset objects reloaded before import = 0Number of asset objects unloaded after import = 1

========================================================================
Received Import Request.
  Time since last request: 0.000025 seconds.
  path: Assets/JMO Assets/WarFX/Desktop/Materials/Smoke
  importAddress: Guid(28318f4242d03134aabac80877c9dafb) Importer(2089858483,b0f066a214c2f5e87bad3c948f4d605d)
Start importing Assets/JMO Assets/WarFX/Desktop/Materials/Smoke using Guid(28318f4242d03134aabac80877c9dafb) Importer(2089858483,b0f066a214c2f5e87bad3c948f4d605d) (ScriptedImporter) -> (Import Result ID: 'f0573d2af8351d11a712917c004136bb') in 0.0160845 seconds [static and dynamic dependencies]. Details - ImportResultOutputID=7c5b8e262252aaa2525a04761aed4aad DependenciesID=6a8da896d66675815eb9e63aed53fb6c StaticDependenciesID=50f03e56f92718c92ed0d751c7a6b819 
Number of updated asset objects reloaded before import = 0Number of asset objects unloaded after import = 1

========================================================================
Received Import Request.
  Time since last request: 0.000024 seconds.
  path: Assets/JMO Assets/WarFX/Desktop/Materials/Misc
  importAddress: Guid(cbcda2fc08e2ffd4cabbc3b1c71f36fd) Importer(2089858483,b0f066a214c2f5e87bad3c948f4d605d)
Start importing Assets/JMO Assets/WarFX/Desktop/Materials/Misc using Guid(cbcda2fc08e2ffd4cabbc3b1c71f36fd) Importer(2089858483,b0f066a214c2f5e87bad3c948f4d605d) (ScriptedImporter) -> (Import Result ID: '0d20af73745052cfd0dddf7a4612f005') in 0.0119186 seconds [static and dynamic dependencies]. Details - ImportResultOutputID=3559092e917f22c21260a120c08d227f DependenciesID=03d24dbc90c05d77ad9096dbdf54aab2 StaticDependenciesID=cb4923ac51d94788c5b1691a204dc9b3 
Number of updated asset objects reloaded before import = 0Number of asset objects unloaded after import = 1

========================================================================
Received Import Request.
  Time since last request: 0.000041 seconds.
  path: Assets/JMO Assets/WarFX/Scripts/WFX_BulletHoleDecal.cs
  importAddress: Guid(395f3a2ded34a634fbd77ee83f9939a7) Importer(2089858483,b0f066a214c2f5e87bad3c948f4d605d)
Start importing Assets/JMO Assets/WarFX/Scripts/WFX_BulletHoleDecal.cs using Guid(395f3a2ded34a634fbd77ee83f9939a7) Importer(2089858483,b0f066a214c2f5e87bad3c948f4d605d) (ScriptedImporter) -> (Import Result ID: 'cf6e2ae35478c0fe3971d8307e0e04fb') in 0.0133072 seconds [static and dynamic dependencies]. Details - ImportResultOutputID=866e70e80f53bc1bc269e760a095beb6 DependenciesID=661e223377c56fd2c2388fd3322f8e08 StaticDependenciesID=0a8794b0bd206aaf43084cd0cb50f93c 
Number of updated asset objects reloaded before import = 0Number of asset objects unloaded after import = 0

========================================================================
Received Import Request.
  Time since last request: 0.000052 seconds.
  path: Assets/JMO Assets/WarFX/Desktop/Textures/Bullet Holes/WFX_T_BulletHoles Concrete.tga
  importAddress: Guid(eca10a393fd9c894fa28b8013cedf3cb) Importer(2089858483,b0f066a214c2f5e87bad3c948f4d605d)
Start importing Assets/JMO Assets/WarFX/Desktop/Textures/Bullet Holes/WFX_T_BulletHoles Concrete.tga using Guid(eca10a393fd9c894fa28b8013cedf3cb) Importer(2089858483,b0f066a214c2f5e87bad3c948f4d605d) (ScriptedImporter) -> (Import Result ID: '1816640d73eed5fdbbc081a0bcea4b1e') in 0.0226116 seconds [static and dynamic dependencies]. Details - ImportResultOutputID=2f840654574fd1af0f608408a4f4b060 DependenciesID=6d5601a8c173def5d9424997e556c916 StaticDependenciesID=a15de2d40d55e2647356310f542c9553 
Number of updated asset objects reloaded before import = 0Number of asset objects unloaded after import = 1

========================================================================
Received Import Request.
  Time since last request: 0.000039 seconds.
  path: Assets/JMO Assets/WarFX/Desktop/Textures/Bullet Holes/WFX_T_BulletHoles Generic.tga
  importAddress: Guid(098ba0ef089282845a4753e36b17d29d) Importer(2089858483,b0f066a214c2f5e87bad3c948f4d605d)
Start importing Assets/JMO Assets/WarFX/Desktop/Textures/Bullet Holes/WFX_T_BulletHoles Generic.tga using Guid(098ba0ef089282845a4753e36b17d29d) Importer(2089858483,b0f066a214c2f5e87bad3c948f4d605d) (ScriptedImporter) -> (Import Result ID: 'c52c08295c892783d8aeffa6562c1dc9') in 0.0184497 seconds [static and dynamic dependencies]. Details - ImportResultOutputID=0f5c5464cc336a9c4776ab80570f5eba DependenciesID=69f55c7d5d1a0c18b9a253cd98051924 StaticDependenciesID=db4f7c8a7b2c41ec2114f17c74f1aac2 
Number of updated asset objects reloaded before import = 0Number of asset objects unloaded after import = 1

========================================================================
Received Import Request.
  Time since last request: 0.000034 seconds.
  path: Assets/JMO Assets/WarFX/Mobile/Materials/MuzzleFlashes/WFXM_M_MF FrontRear RIFLE1.mat
  importAddress: Guid(7fb70de7974e0404cae2a4b3124fce2b) Importer(2089858483,b0f066a214c2f5e87bad3c948f4d605d)
Start importing Assets/JMO Assets/WarFX/Mobile/Materials/MuzzleFlashes/WFXM_M_MF FrontRear RIFLE1.mat using Guid(7fb70de7974e0404cae2a4b3124fce2b) Importer(2089858483,b0f066a214c2f5e87bad3c948f4d605d) (ScriptedImporter) -> (Import Result ID: 'f6e31bfc29419b8ed0ec2be5f47e1ed8') in 0.0166097 seconds [static and dynamic dependencies]. Details - ImportResultOutputID=4c36bef228ddb03234bc2bf4ecc5eaa1 DependenciesID=4b09896a9063559bb02e9bc639c5b452 StaticDependenciesID=5a0df8742f8c057adf82b9544ddf48ea 
Number of updated asset objects reloaded before import = 0Number of asset objects unloaded after import = 3

========================================================================
Received Import Request.
  Time since last request: 0.000034 seconds.
  path: Assets/JMO Assets/WarFX/_Effects (Mobile)/Fire/Black Smoke
  importAddress: Guid(8efd6f5d279c1904ea8633701e1a1ddf) Importer(2089858483,b0f066a214c2f5e87bad3c948f4d605d)
Start importing Assets/JMO Assets/WarFX/_Effects (Mobile)/Fire/Black Smoke using Guid(8efd6f5d279c1904ea8633701e1a1ddf) Importer(2089858483,b0f066a214c2f5e87bad3c948f4d605d) (ScriptedImporter) -> (Import Result ID: '2542551ff3eb2113290111d895d7e1b1') in 0.0128551 seconds [static and dynamic dependencies]. Details - ImportResultOutputID=0a7f38f390f79a1ca62bb002083dcb7e DependenciesID=f64a4e5fd3761a1fb842e506aa452705 StaticDependenciesID=a0e113ba01778ba4702355aa88030416 
Number of updated asset objects reloaded before import = 0Number of asset objects unloaded after import = 1

========================================================================
Received Import Request.
  Time since last request: 0.000043 seconds.
  path: Assets/JMO Assets/WarFX/_Effects (Mobile)/Smoke
  importAddress: Guid(2605bf010ab6dca4ca7947e127bb7bff) Importer(2089858483,b0f066a214c2f5e87bad3c948f4d605d)
Start importing Assets/JMO Assets/WarFX/_Effects (Mobile)/Smoke using Guid(2605bf010ab6dca4ca7947e127bb7bff) Importer(2089858483,b0f066a214c2f5e87bad3c948f4d605d) (ScriptedImporter) -> (Import Result ID: '92c554254a763898646cad3f87540b2f') in 0.0174613 seconds [static and dynamic dependencies]. Details - ImportResultOutputID=77df320f226de87d1176299de613be43 DependenciesID=8cc42881adfbc18525b73000a5a8da57 StaticDependenciesID=dbdbf00bc80c2e0d74a7ef1987cf0e9a 
Number of updated asset objects reloaded before import = 0Number of asset objects unloaded after import = 1

========================================================================
Received Import Request.
  Time since last request: 0.000057 seconds.
  path: Assets/JMO Assets/WarFX/Demo/Assets/WFX_Demo_T_M4.tga
  importAddress: Guid(8bb64b30715a946c4af195846eb24774) Importer(2089858483,b0f066a214c2f5e87bad3c948f4d605d)
Start importing Assets/JMO Assets/WarFX/Demo/Assets/WFX_Demo_T_M4.tga using Guid(8bb64b30715a946c4af195846eb24774) Importer(2089858483,b0f066a214c2f5e87bad3c948f4d605d) (ScriptedImporter) -> (Import Result ID: '573f06bc55de234732d2293314bf6f2a') in 0.0199514 seconds [static and dynamic dependencies]. Details - ImportResultOutputID=7e6a5250a0165ff6d14235446f02377f DependenciesID=af4e55fcd626832494e7e1515e23812e StaticDependenciesID=889b0d3effcdb4eaece04b153bcc8c63 
Number of updated asset objects reloaded before import = 0Number of asset objects unloaded after import = 1

========================================================================
Received Import Request.
  Time since last request: 0.000023 seconds.
  path: Assets/JMO Assets/WarFX/Mobile/Materials/Impacts/WFXM_M_Impact Smoke.mat
  importAddress: Guid(a8c74657b1a339c44bc84bb3c6f1fdad) Importer(2089858483,b0f066a214c2f5e87bad3c948f4d605d)
Start importing Assets/JMO Assets/WarFX/Mobile/Materials/Impacts/WFXM_M_Impact Smoke.mat using Guid(a8c74657b1a339c44bc84bb3c6f1fdad) Importer(2089858483,b0f066a214c2f5e87bad3c948f4d605d) (ScriptedImporter) -> (Import Result ID: 'd71240890655c3e6e3100f23155d93be') in 0.016091 seconds [static and dynamic dependencies]. Details - ImportResultOutputID=4b0e96762b21e43ff283476f6926af0c DependenciesID=3eb60ef8e60e375ebe042f925fc32cb1 StaticDependenciesID=a86d5fba8fb8ee3671db5ff57a833625 
Number of updated asset objects reloaded before import = 0Number of asset objects unloaded after import = 2

========================================================================
Received Import Request.
  Time since last request: 0.000023 seconds.
  path: Assets/JMO Assets/WarFX/_Effects/Explosions/WFX_ExplosiveSmoke Big Alt.prefab
  importAddress: Guid(e0609132424a24844b1d53ad3d704fd9) Importer(2089858483,b0f066a214c2f5e87bad3c948f4d605d)
Start importing Assets/JMO Assets/WarFX/_Effects/Explosions/WFX_ExplosiveSmoke Big Alt.prefab using Guid(e0609132424a24844b1d53ad3d704fd9) Importer(2089858483,b0f066a214c2f5e87bad3c948f4d605d) (ScriptedImporter) -> (Import Result ID: '83b1d6c3f8304938ee938decb68dfcb0') in 0.0270778 seconds [static and dynamic dependencies]. Details - ImportResultOutputID=5d849d146a639b01c48e270d2210763b DependenciesID=92c5fdd0fef908ffbd9e7efc86cceda2 StaticDependenciesID=e7c1dd1ea3796dfebf3e43c93a7d4a07 
Number of updated asset objects reloaded before import = 0Number of asset objects unloaded after import = 27

========================================================================
Received Import Request.
  Time since last request: 0.000028 seconds.
  path: Assets/JMO Assets/WarFX/!WarFX Readme.txt
  importAddress: Guid(8d452a2501eaf7c47b01213988e3e5ec) Importer(2089858483,b0f066a214c2f5e87bad3c948f4d605d)
Start importing Assets/JMO Assets/WarFX/!WarFX Readme.txt using Guid(8d452a2501eaf7c47b01213988e3e5ec) Importer(2089858483,b0f066a214c2f5e87bad3c948f4d605d) (ScriptedImporter) -> (Import Result ID: '84c9c031740019d63fc232cdfa339ec5') in 0.0110112 seconds [static and dynamic dependencies]. Details - ImportResultOutputID=ff4951727923211e17474cd7b641d8db DependenciesID=cf927ee4039598b070508c605b39b9ea StaticDependenciesID=b093b673d56f0da580e02a650ed2f23b 
Number of updated asset objects reloaded before import = 0Number of asset objects unloaded after import = 1

========================================================================
Received Import Request.
  Time since last request: 0.000039 seconds.
  path: Assets/JMO Assets/WarFX/Desktop/Materials/MuzzleFlashes
  importAddress: Guid(5683016f5db973341bd187fdebc81d81) Importer(2089858483,b0f066a214c2f5e87bad3c948f4d605d)
Start importing Assets/JMO Assets/WarFX/Desktop/Materials/MuzzleFlashes using Guid(5683016f5db973341bd187fdebc81d81) Importer(2089858483,b0f066a214c2f5e87bad3c948f4d605d) (ScriptedImporter) -> (Import Result ID: '254d114e60baf8fd254b0b2feb73cf2f') in 0.0102754 seconds [static and dynamic dependencies]. Details - ImportResultOutputID=2c910132059829bf80c27a25629ff190 DependenciesID=1d644677a9c8c14800c5bf5ea5a7fbe1 StaticDependenciesID=f50880f4e6198c59a948c68200d525fe 
Number of updated asset objects reloaded before import = 0Number of asset objects unloaded after import = 1

========================================================================
Received Import Request.
  Time since last request: 0.000024 seconds.
  path: Assets/JMO Assets/WarFX/Demo/Assets/WFX_Demo_M_M4 Normal.mat
  importAddress: Guid(d18b9b1f2eaad0b46801529e4cdbaa94) Importer(2089858483,b0f066a214c2f5e87bad3c948f4d605d)
Start importing Assets/JMO Assets/WarFX/Demo/Assets/WFX_Demo_M_M4 Normal.mat using Guid(d18b9b1f2eaad0b46801529e4cdbaa94) Importer(2089858483,b0f066a214c2f5e87bad3c948f4d605d) (ScriptedImporter) -> (Import Result ID: '8b3c9e962036d89c0e4e3733d01fa9fb') in 0.020594 seconds [static and dynamic dependencies]. Details - ImportResultOutputID=3cc38b4ac58345c4754c4f760b3356a7 DependenciesID=81d95edb216cae78f6365e15e4ee1fb7 StaticDependenciesID=53e735abf2a9ad8090ea4d9cf505f497 
Number of updated asset objects reloaded before import = 0Number of asset objects unloaded after import = 3

========================================================================
Received Import Request.
  Time since last request: 0.000026 seconds.
  path: Assets/JMO Assets/WarFX/Desktop/Materials/Flames
  importAddress: Guid(57090110df88750438edf6a45f60f4fd) Importer(2089858483,b0f066a214c2f5e87bad3c948f4d605d)
Start importing Assets/JMO Assets/WarFX/Desktop/Materials/Flames using Guid(57090110df88750438edf6a45f60f4fd) Importer(2089858483,b0f066a214c2f5e87bad3c948f4d605d) (ScriptedImporter) -> (Import Result ID: 'e89f4da2a4e9e454c3281b5b9837e395') in 0.0117614 seconds [static and dynamic dependencies]. Details - ImportResultOutputID=e3ec7509cd21eb83f8f4b3e83d8b7b6b DependenciesID=a951af30fd6165779a82512665928200 StaticDependenciesID=dccba8bbb8263df45f0b412bf5126a32 
Number of updated asset objects reloaded before import = 0Number of asset objects unloaded after import = 1

========================================================================
Received Import Request.
  Time since last request: 0.000022 seconds.
  path: Assets/JMO Assets/WarFX/_Effects/MuzzleFlashes/!MuzzleFlash Differences.txt
  importAddress: Guid(e208b77305c329c4e8114e5aac694a38) Importer(2089858483,b0f066a214c2f5e87bad3c948f4d605d)
Start importing Assets/JMO Assets/WarFX/_Effects/MuzzleFlashes/!MuzzleFlash Differences.txt using Guid(e208b77305c329c4e8114e5aac694a38) Importer(2089858483,b0f066a214c2f5e87bad3c948f4d605d) (ScriptedImporter) -> (Import Result ID: '2250bd66fd5c4cc43db26af95b77ba6a') in 0.0108931 seconds [static and dynamic dependencies]. Details - ImportResultOutputID=3e3f71f4808961428758590145a1b082 DependenciesID=41200e4833f65c954638e45f00af16a8 StaticDependenciesID=9009ba7c4138aed0574a2eb185a6f641 
Number of updated asset objects reloaded before import = 0Number of asset objects unloaded after import = 1

========================================================================
Received Import Request.
  Time since last request: 0.000025 seconds.
  path: Assets/JMO Assets/WarFX/Desktop/Materials/Flames/WFX_M_FlameSmall ScrollAdd.mat
  importAddress: Guid(654261d22ff230341bd50c7ddb17c2c7) Importer(2089858483,b0f066a214c2f5e87bad3c948f4d605d)
Start importing Assets/JMO Assets/WarFX/Desktop/Materials/Flames/WFX_M_FlameSmall ScrollAdd.mat using Guid(654261d22ff230341bd50c7ddb17c2c7) Importer(2089858483,b0f066a214c2f5e87bad3c948f4d605d) (ScriptedImporter) -> (Import Result ID: 'fa6b791b65ad7eeb5fd2f9b7f132d784') in 0.0127364 seconds [static and dynamic dependencies]. Details - ImportResultOutputID=6d8d92aa095c8b839ab37b3294c4fb0f DependenciesID=c5390409b1fd7e23d3e7e5da8e8f5f94 StaticDependenciesID=f93cd3a1349f2f60f1d45d2d56f5b079 
Number of updated asset objects reloaded before import = 0Number of asset objects unloaded after import = 3

========================================================================
Received Import Request.
  Time since last request: 0.000033 seconds.
  path: Assets/JMO Assets/WarFX/Demo/UI Canvas/CFX Demo Btn Ground H.png
  importAddress: Guid(5cc9c4a6db9a74a40aaed761fc99294c) Importer(2089858483,b0f066a214c2f5e87bad3c948f4d605d)
Start importing Assets/JMO Assets/WarFX/Demo/UI Canvas/CFX Demo Btn Ground H.png using Guid(5cc9c4a6db9a74a40aaed761fc99294c) Importer(2089858483,b0f066a214c2f5e87bad3c948f4d605d) (ScriptedImporter) -> (Import Result ID: 'e4c3ead91ac7c4d24195296da4dc8bc9') in 0.0195705 seconds [static and dynamic dependencies]. Details - ImportResultOutputID=d4e2bb2371884a3f5d3e91064f590194 DependenciesID=fdf6a70c250d010bc021fe7b151f3408 StaticDependenciesID=7e5495e6ebd0a2c190f77bfc460de492 
Number of updated asset objects reloaded before import = 0Number of asset objects unloaded after import = 3

========================================================================
Received Import Request.
  Time since last request: 0.000021 seconds.
  path: Assets/JMO Assets/WarFX/Desktop/Materials/Bullet Holes
  importAddress: Guid(7d220f99a004f5a4092ebeb1580b79e5) Importer(2089858483,b0f066a214c2f5e87bad3c948f4d605d)
Start importing Assets/JMO Assets/WarFX/Desktop/Materials/Bullet Holes using Guid(7d220f99a004f5a4092ebeb1580b79e5) Importer(2089858483,b0f066a214c2f5e87bad3c948f4d605d) (ScriptedImporter) -> (Import Result ID: 'e3a8134e3ef3cfa3fe7661cf03d04721') in 0.0130933 seconds [static and dynamic dependencies]. Details - ImportResultOutputID=0302d908dc7e76832dca90be07c9b92b DependenciesID=e9d509fcdd1989e8777091ed22027895 StaticDependenciesID=a000be20e9c7c2656e00b5f4d28836ad 
Number of updated asset objects reloaded before import = 0Number of asset objects unloaded after import = 1

========================================================================
Received Import Request.
  Time since last request: 0.000027 seconds.
  path: Assets/JMO Assets/WarFX/_Effects/Explosions/WFX_ExplosiveSmokeGround Big.prefab
  importAddress: Guid(06736895ea0a4ff408d25e6684dce797) Importer(2089858483,b0f066a214c2f5e87bad3c948f4d605d)
Start importing Assets/JMO Assets/WarFX/_Effects/Explosions/WFX_ExplosiveSmokeGround Big.prefab using Guid(06736895ea0a4ff408d25e6684dce797) Importer(2089858483,b0f066a214c2f5e87bad3c948f4d605d) (ScriptedImporter) -> (Import Result ID: 'b3c8b7ceb14e01366c33b6b57faa3ca4') in 0.0294789 seconds [static and dynamic dependencies]. Details - ImportResultOutputID=082effbdc27a9b0d01a6bbc92af1a012 DependenciesID=d5a87ebec8a5593864fe84d3a5e43201 StaticDependenciesID=a2a66d76cfe39b6ef3b826b44f3eb11c 
Number of updated asset objects reloaded before import = 0Number of asset objects unloaded after import = 31

========================================================================
Received Import Request.
  Time since last request: 0.000032 seconds.
  path: Assets/JMO Assets/WarFX/Demo/UI Canvas/CFX Demo Btn Ground.png
  importAddress: Guid(a2bcf923df54ffa4ba7e795955c5dc22) Importer(2089858483,b0f066a214c2f5e87bad3c948f4d605d)
Start importing Assets/JMO Assets/WarFX/Demo/UI Canvas/CFX Demo Btn Ground.png using Guid(a2bcf923df54ffa4ba7e795955c5dc22) Importer(2089858483,b0f066a214c2f5e87bad3c948f4d605d) (ScriptedImporter) -> (Import Result ID: '11d8da407e8e4a30d8f31c1315999906') in 0.0163903 seconds [static and dynamic dependencies]. Details - ImportResultOutputID=7391ec2c383eaaa4de1a481febd9a73b DependenciesID=d8f69864a1d97b18cbaa148d14f16186 StaticDependenciesID=ae36cc7983c7515ebed34389798b5348 
Number of updated asset objects reloaded before import = 0Number of asset objects unloaded after import = 3

========================================================================
Received Import Request.
  Time since last request: 0.000032 seconds.
  path: Assets/JMO Assets/WarFX/_Effects (Mobile)/Fire/No Smoke/WFXMR_Fire Natural Circle (No Smoke).prefab
  importAddress: Guid(16fa56e3bc952f8418a8c26526b344e8) Importer(2089858483,b0f066a214c2f5e87bad3c948f4d605d)
Start importing Assets/JMO Assets/WarFX/_Effects (Mobile)/Fire/No Smoke/WFXMR_Fire Natural Circle (No Smoke).prefab using Guid(16fa56e3bc952f8418a8c26526b344e8) Importer(2089858483,b0f066a214c2f5e87bad3c948f4d605d) (ScriptedImporter) -> (Import Result ID: '82a55baf5c8654e3d59b7e639de0a528') in 0.02931 seconds [static and dynamic dependencies]. Details - ImportResultOutputID=be63b7b9db74985c9a14699292e43e98 DependenciesID=31e61bd8422ac9f178424f1d1597322e StaticDependenciesID=8238d7bc08fa1fa43e50d7e36ccff931 
Number of updated asset objects reloaded before import = 0Number of asset objects unloaded after import = 11

========================================================================
Received Import Request.
  Time since last request: 0.000023 seconds.
  path: Assets/JMO Assets/WarFX/Demo/Assets/WFX_Demo_T_Wood.tga
  importAddress: Guid(0938b4bdb94798b4896d7a4ab653e85e) Importer(2089858483,b0f066a214c2f5e87bad3c948f4d605d)
Start importing Assets/JMO Assets/WarFX/Demo/Assets/WFX_Demo_T_Wood.tga using Guid(0938b4bdb94798b4896d7a4ab653e85e) Importer(2089858483,b0f066a214c2f5e87bad3c948f4d605d) (ScriptedImporter) -> (Import Result ID: '6d38d41286f88baceff977dc77b25cf5') in 0.0167278 seconds [static and dynamic dependencies]. Details - ImportResultOutputID=d033bbd059e6d065ae9e635ea46d87ab DependenciesID=8246887d00d927220d5578e69c7b17dc StaticDependenciesID=0c99b8a5fe1a122c6942849a092c2894 
Number of updated asset objects reloaded before import = 0Number of asset objects unloaded after import = 1

========================================================================
Received Import Request.
  Time since last request: 0.000043 seconds.
  path: Assets/JMO Assets/WarFX/_Effects/Fire/Black Smoke/WFX_Fire Natural Circle (Black Smoke).prefab
  importAddress: Guid(06a7735096a49064bac4963673c4f0b3) Importer(2089858483,b0f066a214c2f5e87bad3c948f4d605d)
Start importing Assets/JMO Assets/WarFX/_Effects/Fire/Black Smoke/WFX_Fire Natural Circle (Black Smoke).prefab using Guid(06a7735096a49064bac4963673c4f0b3) Importer(2089858483,b0f066a214c2f5e87bad3c948f4d605d) (ScriptedImporter) -> (Import Result ID: '49e8b39f9147ab4fa46d70ea4102356d') in 0.0255255 seconds [static and dynamic dependencies]. Details - ImportResultOutputID=a16845b715205042efcc97c31cf7cea6 DependenciesID=184013ff1fe64ed83a33e9b5fbe3af51 StaticDependenciesID=ca1787f3f4b93b4fda371eaab92e1564 
Number of updated asset objects reloaded before import = 0Number of asset objects unloaded after import = 15

========================================================================
Received Import Request.
  Time since last request: 0.000042 seconds.
  path: Assets/JMO Assets/WarFX/Demo/UI Canvas/CFX Demo Btn SlowMo.png
  importAddress: Guid(5ec8fc5d939ea2244985ca77a114c9d0) Importer(2089858483,b0f066a214c2f5e87bad3c948f4d605d)
Start importing Assets/JMO Assets/WarFX/Demo/UI Canvas/CFX Demo Btn SlowMo.png using Guid(5ec8fc5d939ea2244985ca77a114c9d0) Importer(2089858483,b0f066a214c2f5e87bad3c948f4d605d) (ScriptedImporter) -> (Import Result ID: '161aeff6d06f2957ddefba12e7ba862d') in 0.0168769 seconds [static and dynamic dependencies]. Details - ImportResultOutputID=01a5a1b6da696623baaaec3e8b790b09 DependenciesID=4034908d4725742f7b9182c5d259fe89 StaticDependenciesID=b21005ceaeb7e3926d70f0edfedc078d 
Number of updated asset objects reloaded before import = 0Number of asset objects unloaded after import = 3

========================================================================
Received Import Request.
  Time since last request: 0.000038 seconds.
  path: Assets/JMO Assets/WarFX/Mesh
  importAddress: Guid(f77de7cb780fd6b4bb8db8b51162c1b6) Importer(2089858483,b0f066a214c2f5e87bad3c948f4d605d)
Start importing Assets/JMO Assets/WarFX/Mesh using Guid(f77de7cb780fd6b4bb8db8b51162c1b6) Importer(2089858483,b0f066a214c2f5e87bad3c948f4d605d) (ScriptedImporter) -> (Import Result ID: 'd4950461b26dae6b39178bcf82952b46') in 0.0107858 seconds [static and dynamic dependencies]. Details - ImportResultOutputID=add40614c7d328e2be5fe7c4bdabe1ab DependenciesID=f56b9cae33bcb3a536cfb68a1424905a StaticDependenciesID=2e6ea1250e25a5954ce4b02868984e12 
Number of updated asset objects reloaded before import = 0Number of asset objects unloaded after import = 1

========================================================================
Received Import Request.
  Time since last request: 0.000022 seconds.
  path: Assets/JMO Assets/WarFX/_Effects (Mobile)/MuzzleFlashes/FPS/WFXMR_MF FPS RIFLE1.prefab
  importAddress: Guid(234e5aa95353f0643b0181dc3872cda9) Importer(2089858483,b0f066a214c2f5e87bad3c948f4d605d)
Start importing Assets/JMO Assets/WarFX/_Effects (Mobile)/MuzzleFlashes/FPS/WFXMR_MF FPS RIFLE1.prefab using Guid(234e5aa95353f0643b0181dc3872cda9) Importer(2089858483,b0f066a214c2f5e87bad3c948f4d605d) (ScriptedImporter) -> (Import Result ID: 'dc2683fe48da5e7b4e769cad082df4ef') in 0.0246294 seconds [static and dynamic dependencies]. Details - ImportResultOutputID=91abf33dc2ffc02fbe1d6d7f1448603e DependenciesID=230f1cd445caedcaad4605ebe734ee4d StaticDependenciesID=a13ccc8f1b2e09cb7a596f6e9a8c7a34 
Number of updated asset objects reloaded before import = 0Number of asset objects unloaded after import = 17

========================================================================
Received Import Request.
  Time since last request: 0.000021 seconds.
  path: Assets/JMO Assets/WarFX/_Effects (Mobile)/Fire/No Smoke/WFXMR_GazFire (No Smoke).prefab
  importAddress: Guid(3df2db25d0e8c43499712fa1808b0960) Importer(2089858483,b0f066a214c2f5e87bad3c948f4d605d)
Start importing Assets/JMO Assets/WarFX/_Effects (Mobile)/Fire/No Smoke/WFXMR_GazFire (No Smoke).prefab using Guid(3df2db25d0e8c43499712fa1808b0960) Importer(2089858483,b0f066a214c2f5e87bad3c948f4d605d) (ScriptedImporter) -> (Import Result ID: '321af7cadfec875dac4a37705b771782') in 0.0294383 seconds [static and dynamic dependencies]. Details - ImportResultOutputID=d4cd3d6c85f294bc1fd9fb05098e822a DependenciesID=08e14fac15b811821abb033ca2d8495f StaticDependenciesID=862f8908faa63d795cc14336c6e03d32 
Number of updated asset objects reloaded before import = 0Number of asset objects unloaded after import = 11

========================================================================
Received Import Request.
  Time since last request: 0.000022 seconds.
  path: Assets/JMO Assets/WarFX/Mobile/Textures/MuzzleFlashes/WFXM_T_MF Sparks RIFLE3 A8.tga
  importAddress: Guid(c07b27fb95623dd4db154ece46390112) Importer(2089858483,b0f066a214c2f5e87bad3c948f4d605d)
Start importing Assets/JMO Assets/WarFX/Mobile/Textures/MuzzleFlashes/WFXM_T_MF Sparks RIFLE3 A8.tga using Guid(c07b27fb95623dd4db154ece46390112) Importer(2089858483,b0f066a214c2f5e87bad3c948f4d605d) (ScriptedImporter) -> (Import Result ID: '66d66d067fd90b6fec7e8b1bc0987719') in 0.0133095 seconds [static and dynamic dependencies]. Details - ImportResultOutputID=75f271d8af67336cfcf76b2e899dba50 DependenciesID=4d66810b1d7c5cb2b643479d4662be06 StaticDependenciesID=b3ba62f263cde4189395e1f1816306d8 
Number of updated asset objects reloaded before import = 0Number of asset objects unloaded after import = 1

========================================================================
Received Import Request.
  Time since last request: 0.000024 seconds.
  path: Assets/JMO Assets/WarFX/Desktop/Materials/Smoke/WFX_M_SmokeGrenadeWhite.mat
  importAddress: Guid(8125e28080ea54248a42c7c6494cd5b4) Importer(2089858483,b0f066a214c2f5e87bad3c948f4d605d)
Start importing Assets/JMO Assets/WarFX/Desktop/Materials/Smoke/WFX_M_SmokeGrenadeWhite.mat using Guid(8125e28080ea54248a42c7c6494cd5b4) Importer(2089858483,b0f066a214c2f5e87bad3c948f4d605d) (ScriptedImporter) -> (Import Result ID: '890d7aa7a49413fa3013b735487f6f86') in 0.0117818 seconds [static and dynamic dependencies]. Details - ImportResultOutputID=96b9adf5cbadf16eb4acc450d694ba5e DependenciesID=ebc7827d3292d7e003cc00801ae4d1c6 StaticDependenciesID=ee6f85ca95ea48e26033a1bd86261bcd 
Number of updated asset objects reloaded before import = 0Number of asset objects unloaded after import = 3

========================================================================
Received Import Request.
  Time since last request: 0.000030 seconds.
  path: Assets/JMO Assets/WarFX/_Effects (Mobile)/Explosions
  importAddress: Guid(2d0b91ad70efda443a374f232847e8b2) Importer(2089858483,b0f066a214c2f5e87bad3c948f4d605d)
Start importing Assets/JMO Assets/WarFX/_Effects (Mobile)/Explosions using Guid(2d0b91ad70efda443a374f232847e8b2) Importer(2089858483,b0f066a214c2f5e87bad3c948f4d605d) (ScriptedImporter) -> (Import Result ID: '2b3b10e9af9c05af38ea74383d8325ee') in 0.0121135 seconds [static and dynamic dependencies]. Details - ImportResultOutputID=aeaa02367149ce4c7c7c1ff72ca145b9 DependenciesID=149d7ffd30467cd76f485d9905cdb095 StaticDependenciesID=c62d5384838b75ccb614fc53b06d7d42 
Number of updated asset objects reloaded before import = 0Number of asset objects unloaded after import = 1

========================================================================
Received Import Request.
  Time since last request: 0.000023 seconds.
  path: Assets/JMO Assets/WarFX/Mobile/Textures/Misc/WFXM_T_Debris Generic.tga
  importAddress: Guid(e776eb0d9da93f44685734becef98a43) Importer(2089858483,b0f066a214c2f5e87bad3c948f4d605d)
Start importing Assets/JMO Assets/WarFX/Mobile/Textures/Misc/WFXM_T_Debris Generic.tga using Guid(e776eb0d9da93f44685734becef98a43) Importer(2089858483,b0f066a214c2f5e87bad3c948f4d605d) (ScriptedImporter) -> (Import Result ID: '06c706b983620cfab74fb0e277127428') in 0.0133973 seconds [static and dynamic dependencies]. Details - ImportResultOutputID=3777c13c8c7de98a981a4ef4c6886631 DependenciesID=d1c17447f001945340fdf67d86641191 StaticDependenciesID=512f98707d4effd90c9870b84e4f8f60 
Number of updated asset objects reloaded before import = 0Number of asset objects unloaded after import = 1

========================================================================
Received Import Request.
  Time since last request: 0.000024 seconds.
  path: Assets/JMO Assets/WarFX/_Effects (Mobile)/Explosions/WFXMR_Explosion.prefab
  importAddress: Guid(084c6a87873fd6e4da7978a01aa18b34) Importer(2089858483,b0f066a214c2f5e87bad3c948f4d605d)
Start importing Assets/JMO Assets/WarFX/_Effects (Mobile)/Explosions/WFXMR_Explosion.prefab using Guid(084c6a87873fd6e4da7978a01aa18b34) Importer(2089858483,b0f066a214c2f5e87bad3c948f4d605d) (ScriptedImporter) -> (Import Result ID: 'c366b992292f9c78e69c963bd0b19f13') in 0.0275424 seconds [static and dynamic dependencies]. Details - ImportResultOutputID=d595c6dc73c1a9e97d6b38aefb9d33ae DependenciesID=80420bf38f4836c97cee5c4dcb85e986 StaticDependenciesID=12d8669531a252995509fceca7b7bb33 
Number of updated asset objects reloaded before import = 0Number of asset objects unloaded after import = 39

========================================================================
Received Import Request.
  Time since last request: 0.000023 seconds.
  path: Assets/JMO Assets/WarFX/Demo/UI Canvas/CFX Demo Btn Camera.png
  importAddress: Guid(4c72f3c555f96274787f31379fabb6ff) Importer(2089858483,b0f066a214c2f5e87bad3c948f4d605d)
Start importing Assets/JMO Assets/WarFX/Demo/UI Canvas/CFX Demo Btn Camera.png using Guid(4c72f3c555f96274787f31379fabb6ff) Importer(2089858483,b0f066a214c2f5e87bad3c948f4d605d) (ScriptedImporter) -> (Import Result ID: 'dfdefcc314287bfdb1e12e2ba51d4fa7') in 0.016744 seconds [static and dynamic dependencies]. Details - ImportResultOutputID=602283e5a9c545f63e7bd36906f4c58c DependenciesID=da1ce587ee0ca58380f4e11bf33abf10 StaticDependenciesID=d8ca921a16f2ff1e76a79eb584888bcd 
Number of updated asset objects reloaded before import = 0Number of asset objects unloaded after import = 3

========================================================================
Received Import Request.
  Time since last request: 0.000056 seconds.
  path: Assets/JMO Assets/WarFX/Mobile
  importAddress: Guid(885e36481eeb36c4dac769d36bcc55db) Importer(2089858483,b0f066a214c2f5e87bad3c948f4d605d)
Start importing Assets/JMO Assets/WarFX/Mobile using Guid(885e36481eeb36c4dac769d36bcc55db) Importer(2089858483,b0f066a214c2f5e87bad3c948f4d605d) (ScriptedImporter) -> (Import Result ID: '092f692007616d2e5c8002a367255000') in 0.0104603 seconds [static and dynamic dependencies]. Details - ImportResultOutputID=70d94a9a18f83bf3f96c371031f7ff45 DependenciesID=8c2c476a002fa2246f7f4a4aea2dc30e StaticDependenciesID=b9ebdf6ea6cbabac403a8df71c0d39e9 
Number of updated asset objects reloaded before import = 0Number of asset objects unloaded after import = 1

========================================================================
Received Import Request.
  Time since last request: 0.000032 seconds.
  path: Assets/JMO Assets/WarFX/_Effects (Mobile)/Fire/No Smoke/WFXMR_Fire Natural (No Smoke).prefab
  importAddress: Guid(cb074760d265371429c786718a7ca5e8) Importer(2089858483,b0f066a214c2f5e87bad3c948f4d605d)
Start importing Assets/JMO Assets/WarFX/_Effects (Mobile)/Fire/No Smoke/WFXMR_Fire Natural (No Smoke).prefab using Guid(cb074760d265371429c786718a7ca5e8) Importer(2089858483,b0f066a214c2f5e87bad3c948f4d605d) (ScriptedImporter) -> (Import Result ID: 'f0e657bc55b82bc61e978672514ec6b5') in 0.027319 seconds [static and dynamic dependencies]. Details - ImportResultOutputID=19de0fb366d841b3edf6f7b59358c637 DependenciesID=d601dd6221436d29bee2f72a9b7799b2 StaticDependenciesID=f5215cd94056b3c9fba280c36a3c273e 
Number of updated asset objects reloaded before import = 0Number of asset objects unloaded after import = 11

========================================================================
Received Import Request.
  Time since last request: 0.000026 seconds.
  path: Assets/JMO Assets/WarFX/Mobile/Textures/Flames/WFXM_T_NukeFlames.tga
  importAddress: Guid(b0f27e4f35172fe46aa755afaafdb432) Importer(2089858483,b0f066a214c2f5e87bad3c948f4d605d)
Start importing Assets/JMO Assets/WarFX/Mobile/Textures/Flames/WFXM_T_NukeFlames.tga using Guid(b0f27e4f35172fe46aa755afaafdb432) Importer(2089858483,b0f066a214c2f5e87bad3c948f4d605d) (ScriptedImporter) -> (Import Result ID: '361c1af2c9fc9d749a7277e55d7cb81b') in 0.0175386 seconds [static and dynamic dependencies]. Details - ImportResultOutputID=f8a5070105c1970ff57463513f2be005 DependenciesID=bd03c4faf216c9274fa2ee4087fff28d StaticDependenciesID=f8c3decda1119ccea46b86f86b69a78e 
Number of updated asset objects reloaded before import = 0Number of asset objects unloaded after import = 1

========================================================================
Received Import Request.
  Time since last request: 0.000022 seconds.
  path: Assets/JMO Assets/WarFX/_Effects (Mobile)/Fire/No Smoke/WFXMR_GazFireBig (No Smoke).prefab
  importAddress: Guid(f5f4774c5dade3f42aa77b7966ea95c8) Importer(2089858483,b0f066a214c2f5e87bad3c948f4d605d)
Start importing Assets/JMO Assets/WarFX/_Effects (Mobile)/Fire/No Smoke/WFXMR_GazFireBig (No Smoke).prefab using Guid(f5f4774c5dade3f42aa77b7966ea95c8) Importer(2089858483,b0f066a214c2f5e87bad3c948f4d605d) (ScriptedImporter) -> (Import Result ID: 'd542d5caa13dede11565b3f34e287360') in 0.0272605 seconds [static and dynamic dependencies]. Details - ImportResultOutputID=a3d7c0d953f414db7271538edc79dfc1 DependenciesID=eb5810fbf310bbcb087324d9b5818a05 StaticDependenciesID=c17225b0e5662afd5f4fd74a03fd2f5e 
Number of updated asset objects reloaded before import = 0Number of asset objects unloaded after import = 11

========================================================================
Received Import Request.
  Time since last request: 0.000025 seconds.
  path: Assets/JMO Assets/WarFX/Mobile/Materials/Flames/WFXM_M_FlameSmall 4F Add.mat
  importAddress: Guid(86b5f27ac71d7754fa5f0159ae8f0d92) Importer(2089858483,b0f066a214c2f5e87bad3c948f4d605d)
Start importing Assets/JMO Assets/WarFX/Mobile/Materials/Flames/WFXM_M_FlameSmall 4F Add.mat using Guid(86b5f27ac71d7754fa5f0159ae8f0d92) Importer(2089858483,b0f066a214c2f5e87bad3c948f4d605d) (ScriptedImporter) -> (Import Result ID: 'cc7b0a9959d96e960f749e9287ea2bf3') in 0.0146827 seconds [static and dynamic dependencies]. Details - ImportResultOutputID=d673d25e11c0ee2de34ecc0a6cfd3e72 DependenciesID=f02aa101037fc7e526ec9f6e0842aa48 StaticDependenciesID=c94e2b6b75aac13c56e5d0fb6bbb35b1 
Number of updated asset objects reloaded before import = 0Number of asset objects unloaded after import = 2

========================================================================
Received Import Request.
  Time since last request: 0.000036 seconds.
  path: Assets/JMO Assets/WarFX/Demo/Assets/WFX_Demo_RandomDir.cs
  importAddress: Guid(936f98d748ce69c4caf9bc76c7e38a8b) Importer(2089858483,b0f066a214c2f5e87bad3c948f4d605d)
Start importing Assets/JMO Assets/WarFX/Demo/Assets/WFX_Demo_RandomDir.cs using Guid(936f98d748ce69c4caf9bc76c7e38a8b) Importer(2089858483,b0f066a214c2f5e87bad3c948f4d605d) (ScriptedImporter) -> (Import Result ID: 'df2bc6c06a8357cbaeb8ef1c8930ffa2') in 0.0150236 seconds [static and dynamic dependencies]. Details - ImportResultOutputID=5c3827a48cacde07f49151ffe214f473 DependenciesID=ec3ba861c0d4789b42faa41e3d8e55da StaticDependenciesID=03e458893566197932bb2761d4985974 
Number of updated asset objects reloaded before import = 0Number of asset objects unloaded after import = 0

========================================================================
Received Import Request.
  Time since last request: 0.000052 seconds.
  path: Assets/JMO Assets/WarFX/Desktop/Textures/MuzzleFlashes/WFX_T_MF Sparks RIFLE1 A8.tga
  importAddress: Guid(9bece53dc19e3a040bcb3277a7721499) Importer(2089858483,b0f066a214c2f5e87bad3c948f4d605d)
Start importing Assets/JMO Assets/WarFX/Desktop/Textures/MuzzleFlashes/WFX_T_MF Sparks RIFLE1 A8.tga using Guid(9bece53dc19e3a040bcb3277a7721499) Importer(2089858483,b0f066a214c2f5e87bad3c948f4d605d) (ScriptedImporter) -> (Import Result ID: 'e17b3c78a9d342b2d642506aa66e0f50') in 0.0191273 seconds [static and dynamic dependencies]. Details - ImportResultOutputID=87ad321b2456113fd9f2304ae6603c54 DependenciesID=2954f951d8a51001efaeb9c5bd1434f3 StaticDependenciesID=7ea174c020482395eff9625bb65fac3c 
Number of updated asset objects reloaded before import = 0Number of asset objects unloaded after import = 1

========================================================================
Received Import Request.
  Time since last request: 0.000024 seconds.
  path: Assets/JMO Assets/WarFX/Demo/UI Canvas/WFX Demo Logo.png
  importAddress: Guid(9162d39dfff8eee418769488b7282343) Importer(2089858483,b0f066a214c2f5e87bad3c948f4d605d)
Start importing Assets/JMO Assets/WarFX/Demo/UI Canvas/WFX Demo Logo.png using Guid(9162d39dfff8eee418769488b7282343) Importer(2089858483,b0f066a214c2f5e87bad3c948f4d605d) (ScriptedImporter) -> (Import Result ID: '11bbb23a9e96b509359e7c90341b213c') in 0.018543 seconds [static and dynamic dependencies]. Details - ImportResultOutputID=82752837b2becefa3a490d55f74a3991 DependenciesID=1df872778e5b53964c06f5b668ad5a10 StaticDependenciesID=87d3983e779ae191f64c132ab8efeb4b 
Number of updated asset objects reloaded before import = 0Number of asset objects unloaded after import = 3

========================================================================
Received Import Request.
  Time since last request: 0.000035 seconds.
  path: Assets/JMO Assets/WarFX/_Effects (Mobile)/Bullet Impacts/+ Bullet Hole/Unlit/WFXMR_BImpact Concrete NoCollision + Hole Unlit.prefab
  importAddress: Guid(2b4ffdf4a64f87d4ca3c0de925e6d343) Importer(2089858483,b0f066a214c2f5e87bad3c948f4d605d)
Start importing Assets/JMO Assets/WarFX/_Effects (Mobile)/Bullet Impacts/+ Bullet Hole/Unlit/WFXMR_BImpact Concrete NoCollision + Hole Unlit.prefab using Guid(2b4ffdf4a64f87d4ca3c0de925e6d343) Importer(2089858483,b0f066a214c2f5e87bad3c948f4d605d) (ScriptedImporter) -> (Import Result ID: '23fd5e73dcff17964bf33bffc20c2050') in 0.029675 seconds [static and dynamic dependencies]. Details - ImportResultOutputID=267912a13dad413660a67b3116f9fd4d DependenciesID=5f2725fa67ed50fb86b7eb2b67b83298 StaticDependenciesID=893dce451691bf518313bb7662f12589 
Number of updated asset objects reloaded before import = 0Number of asset objects unloaded after import = 21

========================================================================
Received Import Request.
  Time since last request: 0.000057 seconds.
  path: Assets/JMO Assets/WarFX/_Effects (Mobile)/MuzzleFlashes
  importAddress: Guid(d02b6b21ba730ad429ea99052d3aa296) Importer(2089858483,b0f066a214c2f5e87bad3c948f4d605d)
Start importing Assets/JMO Assets/WarFX/_Effects (Mobile)/MuzzleFlashes using Guid(d02b6b21ba730ad429ea99052d3aa296) Importer(2089858483,b0f066a214c2f5e87bad3c948f4d605d) (ScriptedImporter) -> (Import Result ID: '2ca5d0f64fa004f452503e5c7ef69121') in 0.0130733 seconds [static and dynamic dependencies]. Details - ImportResultOutputID=48d9422ae0861ff9225ddec7a1503a46 DependenciesID=326b023bec3e30d56cf9744020334118 StaticDependenciesID=1f744cf9f76b6125d8b0dafedef8f458 
Number of updated asset objects reloaded before import = 0Number of asset objects unloaded after import = 1

========================================================================
Received Import Request.
  Time since last request: 0.000065 seconds.
  path: Assets/JMO Assets/WarFX/Desktop/Materials/MuzzleFlashes/WFX_M_MF Side RIFLE1.mat
  importAddress: Guid(cef9a0c8b14aecf4096e3ff65ed281fb) Importer(2089858483,b0f066a214c2f5e87bad3c948f4d605d)
Start importing Assets/JMO Assets/WarFX/Desktop/Materials/MuzzleFlashes/WFX_M_MF Side RIFLE1.mat using Guid(cef9a0c8b14aecf4096e3ff65ed281fb) Importer(2089858483,b0f066a214c2f5e87bad3c948f4d605d) (ScriptedImporter) -> (Import Result ID: '8b719f63d4838660c3429365a1c7ff4c') in 0.0186049 seconds [static and dynamic dependencies]. Details - ImportResultOutputID=4e1a6805b72012089ae78179ce1c54a2 DependenciesID=b855b8cd07392d4a7186dd0fc6f85694 StaticDependenciesID=406a99d4d0be863f8cde482bd62baf23 
Number of updated asset objects reloaded before import = 0Number of asset objects unloaded after import = 3

========================================================================
Received Import Request.
  Time since last request: 0.000024 seconds.
  path: Assets/JMO Assets/WarFX/_Effects (Mobile)/Explosions/WFXMR_ExplosiveSmoke.prefab
  importAddress: Guid(e4704660d196fac40802911e12ac76f1) Importer(2089858483,b0f066a214c2f5e87bad3c948f4d605d)
Start importing Assets/JMO Assets/WarFX/_Effects (Mobile)/Explosions/WFXMR_ExplosiveSmoke.prefab using Guid(e4704660d196fac40802911e12ac76f1) Importer(2089858483,b0f066a214c2f5e87bad3c948f4d605d) (ScriptedImporter) -> (Import Result ID: 'a2ab805c8f744e3cad2d21fd7a8e0187') in 0.0317481 seconds [static and dynamic dependencies]. Details - ImportResultOutputID=cf2bcfb25e9a9da2d143b1ca12a3b5d6 DependenciesID=c4f97cdcd8b381360ff630d8bd227858 StaticDependenciesID=c9bd231b045c3d0fc361758ddc73d01e 
Number of updated asset objects reloaded before import = 0Number of asset objects unloaded after import = 27

========================================================================
Received Import Request.
  Time since last request: 0.000024 seconds.
  path: Assets/JMO Assets/WarFX/_Effects/Fire/No Smoke/WFX_GazFire (No Smoke).prefab
  importAddress: Guid(ce4491e862939974997f1e487c3ea84b) Importer(2089858483,b0f066a214c2f5e87bad3c948f4d605d)
Start importing Assets/JMO Assets/WarFX/_Effects/Fire/No Smoke/WFX_GazFire (No Smoke).prefab using Guid(ce4491e862939974997f1e487c3ea84b) Importer(2089858483,b0f066a214c2f5e87bad3c948f4d605d) (ScriptedImporter) -> (Import Result ID: '4abba9761418d4a62f7c72b922893e3c') in 0.0249992 seconds [static and dynamic dependencies]. Details - ImportResultOutputID=7b5e7d98ecdd7985ba5896227e9ad935 DependenciesID=07e1499bf8ffdf50d3c74537eba77d91 StaticDependenciesID=cdb0ba15abef94cf25e79e29ea3ff18e 
Number of updated asset objects reloaded before import = 0Number of asset objects unloaded after import = 11

========================================================================
Received Import Request.
  Time since last request: 0.000073 seconds.
  path: Assets/JMO Assets/WarFX/_Effects (Mobile)/Bullet Impacts/WFXMR_BImpact SoftBody.prefab
  importAddress: Guid(f75efcef4bb42054abf94f8e5c701adc) Importer(2089858483,b0f066a214c2f5e87bad3c948f4d605d)
Start importing Assets/JMO Assets/WarFX/_Effects (Mobile)/Bullet Impacts/WFXMR_BImpact SoftBody.prefab using Guid(f75efcef4bb42054abf94f8e5c701adc) Importer(2089858483,b0f066a214c2f5e87bad3c948f4d605d) (ScriptedImporter) -> (Import Result ID: '7d4f75199c8f50828595d759b49e37d3') in 0.0252142 seconds [static and dynamic dependencies]. Details - ImportResultOutputID=c2133d33062a4a5c680601eb3063c140 DependenciesID=0edd66d0a2923944e23c4b51f9257a9a StaticDependenciesID=19b011bd823fdcd9208346b65cf8d5e5 
Number of updated asset objects reloaded before import = 0Number of asset objects unloaded after import = 15

========================================================================
Received Import Request.
  Time since last request: 0.000044 seconds.
  path: Assets/JMO Assets/WarFX/Mobile/Textures/Flames/WFXM_T_FlamesSmall 4frm.tga
  importAddress: Guid(3306c33d592bee140a52099c1882241a) Importer(2089858483,b0f066a214c2f5e87bad3c948f4d605d)
Start importing Assets/JMO Assets/WarFX/Mobile/Textures/Flames/WFXM_T_FlamesSmall 4frm.tga using Guid(3306c33d592bee140a52099c1882241a) Importer(2089858483,b0f066a214c2f5e87bad3c948f4d605d) (ScriptedImporter) -> (Import Result ID: '0102ba142166df8045b4e55c6e134a9d') in 0.0161639 seconds [static and dynamic dependencies]. Details - ImportResultOutputID=1d7e82fc5eb5edcf4d1c164c4a827008 DependenciesID=311e5fc38d16bc959eac51237598a1db StaticDependenciesID=56ab0d3eb6e94d7b6cce15b63d853f20 
Number of updated asset objects reloaded before import = 0Number of asset objects unloaded after import = 1

========================================================================
Received Import Request.
  Time since last request: 0.000027 seconds.
  path: Assets/JMO Assets/WarFX/Demo/Assets/WFX_Demo_T_M4 Normal.jpg
  importAddress: Guid(b58f7bfc777b4ad45af55a8166ff1d01) Importer(2089858483,b0f066a214c2f5e87bad3c948f4d605d)
Start importing Assets/JMO Assets/WarFX/Demo/Assets/WFX_Demo_T_M4 Normal.jpg using Guid(b58f7bfc777b4ad45af55a8166ff1d01) Importer(2089858483,b0f066a214c2f5e87bad3c948f4d605d) (ScriptedImporter) -> (Import Result ID: 'de259cae0d6273fd5d25c8ba9cae8249') in 0.0161797 seconds [static and dynamic dependencies]. Details - ImportResultOutputID=b0edf49f98404cce8f3fec77953f4877 DependenciesID=0af9d826ee55d4a84356289cfefff622 StaticDependenciesID=65870b5936c6b28564bd206e72005add 
Number of updated asset objects reloaded before import = 0Number of asset objects unloaded after import = 1

========================================================================
Received Import Request.
  Time since last request: 0.000028 seconds.
  path: Assets/JMO Assets/WarFX/_Effects/Explosions/WFX_Explosion LandMine.prefab
  importAddress: Guid(6890a03af913b874092fbb1e8337747d) Importer(2089858483,b0f066a214c2f5e87bad3c948f4d605d)
Start importing Assets/JMO Assets/WarFX/_Effects/Explosions/WFX_Explosion LandMine.prefab using Guid(6890a03af913b874092fbb1e8337747d) Importer(2089858483,b0f066a214c2f5e87bad3c948f4d605d) (ScriptedImporter) -> (Import Result ID: '4285a7e43ef6b3925025a5ed621c3e3e') in 0.0364447 seconds [static and dynamic dependencies]. Details - ImportResultOutputID=5cd494d292053e02a0c036a0c2effb8c DependenciesID=17023aebec0af90d5d6d9727b9c03a67 StaticDependenciesID=63898515c7e943accae0ecb63208c99a 
Number of updated asset objects reloaded before import = 0Number of asset objects unloaded after import = 35

========================================================================
Received Import Request.
  Time since last request: 0.000041 seconds.
  path: Assets/JMO Assets/WarFX/_Effects/Bullet Impacts/+ Bullet Hole/Unlit
  importAddress: Guid(03e4da61826ffbf4fa0c7fb798d1dacf) Importer(2089858483,b0f066a214c2f5e87bad3c948f4d605d)
Start importing Assets/JMO Assets/WarFX/_Effects/Bullet Impacts/+ Bullet Hole/Unlit using Guid(03e4da61826ffbf4fa0c7fb798d1dacf) Importer(2089858483,b0f066a214c2f5e87bad3c948f4d605d) (ScriptedImporter) -> (Import Result ID: 'c4d513d9ef5ae01b83eea01e6d505de9') in 0.0110588 seconds [static and dynamic dependencies]. Details - ImportResultOutputID=361d7026f62325cbd81b10f4d9f7c00a DependenciesID=9097be829b35352f31ab64c4eacfc187 StaticDependenciesID=ea17287bf52d3d506457d5c960cd0af7 
Number of updated asset objects reloaded before import = 0Number of asset objects unloaded after import = 1

========================================================================
Received Import Request.
  Time since last request: 0.000037 seconds.
  path: Assets/JMO Assets/WarFX/Mobile/Textures/Smoke/WFXM_T_SmokeSpikeStretched A8.tga
  importAddress: Guid(3d5bde7f288675e46aa301ac5bb9a959) Importer(2089858483,b0f066a214c2f5e87bad3c948f4d605d)
Start importing Assets/JMO Assets/WarFX/Mobile/Textures/Smoke/WFXM_T_SmokeSpikeStretched A8.tga using Guid(3d5bde7f288675e46aa301ac5bb9a959) Importer(2089858483,b0f066a214c2f5e87bad3c948f4d605d) (ScriptedImporter) -> (Import Result ID: 'c3cc986b9854049bf72fec50dd518819') in 0.0151236 seconds [static and dynamic dependencies]. Details - ImportResultOutputID=771f025358bf8dba7a92be6dab87343c DependenciesID=594c098659a0766f596f544901221523 StaticDependenciesID=b62258511ee7edb13dfdfba558de2c00 
Number of updated asset objects reloaded before import = 0Number of asset objects unloaded after import = 1

========================================================================
Received Import Request.
  Time since last request: 0.000027 seconds.
  path: Assets/JMO Assets/WarFX/_Effects/MuzzleFlashes/4Planes/WFX_MF 4P RIFLE2.prefab
  importAddress: Guid(b0a227fc2e558f241b1c747820ccc361) Importer(2089858483,b0f066a214c2f5e87bad3c948f4d605d)
Start importing Assets/JMO Assets/WarFX/_Effects/MuzzleFlashes/4Planes/WFX_MF 4P RIFLE2.prefab using Guid(b0a227fc2e558f241b1c747820ccc361) Importer(2089858483,b0f066a214c2f5e87bad3c948f4d605d) (ScriptedImporter) -> (Import Result ID: 'b1ff0fa479856ac02d8341af7b0267f9') in 0.0296822 seconds [static and dynamic dependencies]. Details - ImportResultOutputID=9387f09e115cdf116acbd1021ab1c294 DependenciesID=c634ee2ad61ac85af75b6d0fca3f0297 StaticDependenciesID=862826f7cfe907264a938cfe5f955a78 
Number of updated asset objects reloaded before import = 0Number of asset objects unloaded after import = 31

========================================================================
Received Import Request.
  Time since last request: 0.000029 seconds.
  path: Assets/JMO Assets/WarFX/Desktop/Textures/Flames/WFX_T_FlamesBig A8.tga
  importAddress: Guid(506236d9deb4c264fa0e4c47cc390fe8) Importer(2089858483,b0f066a214c2f5e87bad3c948f4d605d)
Start importing Assets/JMO Assets/WarFX/Desktop/Textures/Flames/WFX_T_FlamesBig A8.tga using Guid(506236d9deb4c264fa0e4c47cc390fe8) Importer(2089858483,b0f066a214c2f5e87bad3c948f4d605d) (ScriptedImporter) -> (Import Result ID: 'ca154270001c67d13e8970d054b6c06b') in 0.0148554 seconds [static and dynamic dependencies]. Details - ImportResultOutputID=a6bf19b757ae0d2662896441528d31e0 DependenciesID=aa05ed7f0f44e8d45416f4b4afb3c34d StaticDependenciesID=196cbc42ac473ea4a2f39870418c171d 
Number of updated asset objects reloaded before import = 0Number of asset objects unloaded after import = 1

========================================================================
Received Import Request.
  Time since last request: 0.000046 seconds.
  path: Assets/JMO Assets/WarFX/Mobile/Textures/Smoke/WFXM_T_SmokeLoopAlpha.tga
  importAddress: Guid(00102373043eef842bee9e986845e68b) Importer(2089858483,b0f066a214c2f5e87bad3c948f4d605d)
Start importing Assets/JMO Assets/WarFX/Mobile/Textures/Smoke/WFXM_T_SmokeLoopAlpha.tga using Guid(00102373043eef842bee9e986845e68b) Importer(2089858483,b0f066a214c2f5e87bad3c948f4d605d) (ScriptedImporter) -> (Import Result ID: '50b8927fb408047247eeb74331a55383') in 0.0145247 seconds [static and dynamic dependencies]. Details - ImportResultOutputID=62608f48b79f48317bae9e1102009487 DependenciesID=528237eaf3a4e7b85b0b9a88bcbafdf6 StaticDependenciesID=76bfd121334419355ccd51500764016c 
Number of updated asset objects reloaded before import = 0Number of asset objects unloaded after import = 1

========================================================================
Received Import Request.
  Time since last request: 0.000026 seconds.
  path: Assets/JMO Assets/WarFX/_Effects/Smoke/Color Variants/WFX_SmokeGrenade AlphaBlend Blue.prefab
  importAddress: Guid(bc0b2f96facec664db900c70be366a48) Importer(2089858483,b0f066a214c2f5e87bad3c948f4d605d)
Start importing Assets/JMO Assets/WarFX/_Effects/Smoke/Color Variants/WFX_SmokeGrenade AlphaBlend Blue.prefab using Guid(bc0b2f96facec664db900c70be366a48) Importer(2089858483,b0f066a214c2f5e87bad3c948f4d605d) (ScriptedImporter) -> (Import Result ID: 'b94f76d103fdfdde058d28d1c94320b5') in 0.0249249 seconds [static and dynamic dependencies]. Details - ImportResultOutputID=9fdd7a1217a3684adb700dbb613c6c81 DependenciesID=92fe70c091a632f9edc3b99b8cc0b523 StaticDependenciesID=6ff9a8197f9d5eb3d93c3ef3423b539b 
Number of updated asset objects reloaded before import = 0Number of asset objects unloaded after import = 11

========================================================================
Received Import Request.
  Time since last request: 0.000029 seconds.
  path: Assets/JMO Assets/WarFX/Shaders/WFX_S Add Scroll.shader
  importAddress: Guid(7439add42f7e65b4dbc36568299dde17) Importer(2089858483,b0f066a214c2f5e87bad3c948f4d605d)
Start importing Assets/JMO Assets/WarFX/Shaders/WFX_S Add Scroll.shader using Guid(7439add42f7e65b4dbc36568299dde17) Importer(2089858483,b0f066a214c2f5e87bad3c948f4d605d) (ScriptedImporter) -> (Import Result ID: '3ea676bfb5099fc92da44d92fcdb56bd') in 0.0160415 seconds [static and dynamic dependencies]. Details - ImportResultOutputID=b5e59faf7fc0dcda6bdff413b4df3b35 DependenciesID=07ec95b940a8b64f4f583e4a58a10833 StaticDependenciesID=af19ecaf19cb76d9e5bbfd1727d2e6e7 
Number of updated asset objects reloaded before import = 0Number of asset objects unloaded after import = 1

========================================================================
Received Import Request.
  Time since last request: 0.000024 seconds.
  path: Assets/JMO Assets/WarFX/Desktop/Materials/Misc/WFX_M_SmallDots Add.mat
  importAddress: Guid(e4f85b2e68822a041b8df56db88fbd27) Importer(2089858483,b0f066a214c2f5e87bad3c948f4d605d)
Start importing Assets/JMO Assets/WarFX/Desktop/Materials/Misc/WFX_M_SmallDots Add.mat using Guid(e4f85b2e68822a041b8df56db88fbd27) Importer(2089858483,b0f066a214c2f5e87bad3c948f4d605d) (ScriptedImporter) -> (Import Result ID: 'd499eeae8d83d277b85f55a107527f28') in 0.0129689 seconds [static and dynamic dependencies]. Details - ImportResultOutputID=8424b2df9e3a721377932566f1423584 DependenciesID=6dc6290b8244f0544efa11ade3f7b4db StaticDependenciesID=79efe70ca2760579c037ac2540d86d63 
Number of updated asset objects reloaded before import = 0Number of asset objects unloaded after import = 3

========================================================================
Received Import Request.
  Time since last request: 0.000034 seconds.
  path: Assets/JMO Assets/WarFX/Desktop/Textures/Bullet Holes/WFX_T_BulletHoles Wood.tga
  importAddress: Guid(89d0c674ad2352b469bf11932fcb9711) Importer(2089858483,b0f066a214c2f5e87bad3c948f4d605d)
Start importing Assets/JMO Assets/WarFX/Desktop/Textures/Bullet Holes/WFX_T_BulletHoles Wood.tga using Guid(89d0c674ad2352b469bf11932fcb9711) Importer(2089858483,b0f066a214c2f5e87bad3c948f4d605d) (ScriptedImporter) -> (Import Result ID: '37110b62dcb9977ed683fdbb5453aabb') in 0.0164196 seconds [static and dynamic dependencies]. Details - ImportResultOutputID=f5fadfdadae7c8d2ab58c48506291f22 DependenciesID=b897217dc2a8bd0e6fb55956aa82af64 StaticDependenciesID=728430c68e76f5edc36cdb4056775141 
Number of updated asset objects reloaded before import = 0Number of asset objects unloaded after import = 1

========================================================================
Received Import Request.
  Time since last request: 0.000127 seconds.
  path: Assets/JMO Assets/WarFX/Scripts
  importAddress: Guid(6b2cbf6bed65b8d4989bb74e47046392) Importer(2089858483,b0f066a214c2f5e87bad3c948f4d605d)
Start importing Assets/JMO Assets/WarFX/Scripts using Guid(6b2cbf6bed65b8d4989bb74e47046392) Importer(2089858483,b0f066a214c2f5e87bad3c948f4d605d) (ScriptedImporter) -> (Import Result ID: '253aced397bcb2c5a12e336677d7c7fa') in 0.0134275 seconds [static and dynamic dependencies]. Details - ImportResultOutputID=4486e1ebc41b139aa181fbe8a10e65ed DependenciesID=8e527129e01fbe450249ca817e3e0433 StaticDependenciesID=784d983cea540ad57315a3f066755ccd 
Number of updated asset objects reloaded before import = 0Number of asset objects unloaded after import = 1

========================================================================
Received Import Request.
  Time since last request: 0.000022 seconds.
  path: Assets/JMO Assets
  importAddress: Guid(976974e4d3018034e87caeb9f51f20f6) Importer(2089858483,b0f066a214c2f5e87bad3c948f4d605d)
Start importing Assets/JMO Assets using Guid(976974e4d3018034e87caeb9f51f20f6) Importer(2089858483,b0f066a214c2f5e87bad3c948f4d605d) (ScriptedImporter) -> (Import Result ID: 'b4c9b23975f1f2000a9996383c3f4d7f') in 0.0137973 seconds [static and dynamic dependencies]. Details - ImportResultOutputID=d25344b65240bf8d794151c206963396 DependenciesID=7d81133057259b463cdeada913c7d73a StaticDependenciesID=e0a15688b84b6f91606100dcec5ef6fe 
Number of updated asset objects reloaded before import = 0Number of asset objects unloaded after import = 1

========================================================================
Received Import Request.
  Time since last request: 0.000026 seconds.
  path: Assets/JMO Assets/WarFX/Shaders/WFX_S Smoke Scroll.shader
  importAddress: Guid(179c22242d881384a9a9b7abd22a944b) Importer(2089858483,b0f066a214c2f5e87bad3c948f4d605d)
Start importing Assets/JMO Assets/WarFX/Shaders/WFX_S Smoke Scroll.shader using Guid(179c22242d881384a9a9b7abd22a944b) Importer(2089858483,b0f066a214c2f5e87bad3c948f4d605d) (ScriptedImporter) -> (Import Result ID: 'dad2943cfc66f1e8445fe66000a7ac78') in 0.0135927 seconds [static and dynamic dependencies]. Details - ImportResultOutputID=85aab164e37d4dd2203c1bb2bcd3c3a3 DependenciesID=585f8338206e9bec425120de0bc62583 StaticDependenciesID=ac047800aa36e1238f2f45e34a640520 
Number of updated asset objects reloaded before import = 0Number of asset objects unloaded after import = 1

========================================================================
Received Import Request.
  Time since last request: 0.000024 seconds.
  path: Assets/JMO Assets/WarFX/Desktop/Materials/Bullet Holes/WFX_BulletHole Metal Lighted.mat
  importAddress: Guid(4775d7a61c94a87418fe5ebc4f938090) Importer(2089858483,b0f066a214c2f5e87bad3c948f4d605d)
Start importing Assets/JMO Assets/WarFX/Desktop/Materials/Bullet Holes/WFX_BulletHole Metal Lighted.mat using Guid(4775d7a61c94a87418fe5ebc4f938090) Importer(2089858483,b0f066a214c2f5e87bad3c948f4d605d) (ScriptedImporter)Shader 'WFX/Transparent Specular': fallback shader 'Particles/Alpha Blended' not found
 -> (Import Result ID: 'c7c027fb75b2d4cfcee747db1dd500ab') in 0.0135364 seconds [static and dynamic dependencies]. Details - ImportResultOutputID=44b46ded3c6e7a6730de02eb64955791 DependenciesID=5ef7dc3e14cc40e6a45ab7527a512016 StaticDependenciesID=d267985b71f3c8d823472419a5690440 
Number of updated asset objects reloaded before import = 0Number of asset objects unloaded after import = 3

========================================================================
Received Import Request.
  Time since last request: 0.000032 seconds.
  path: Assets/JMO Assets/WarFX/_Effects (Mobile)/Smoke/WFXMR_SmokeGrenade AlphaBlend Black.prefab
  importAddress: Guid(c380d2dd36b7ec44cb9ea6098511faa9) Importer(2089858483,b0f066a214c2f5e87bad3c948f4d605d)
Start importing Assets/JMO Assets/WarFX/_Effects (Mobile)/Smoke/WFXMR_SmokeGrenade AlphaBlend Black.prefab using Guid(c380d2dd36b7ec44cb9ea6098511faa9) Importer(2089858483,b0f066a214c2f5e87bad3c948f4d605d) (ScriptedImporter) -> (Import Result ID: 'b4b9eca6cc73b10508a8073a71826201') in 0.0292134 seconds [static and dynamic dependencies]. Details - ImportResultOutputID=34bf0447e0eb83397391a0ef9e3aa435 DependenciesID=3f5823c96347b16cbfdc39725b27422d StaticDependenciesID=bbc89328cffc783fccf2c23aab8fad13 
Number of updated asset objects reloaded before import = 0Number of asset objects unloaded after import = 11

========================================================================
Received Import Request.
  Time since last request: 0.000045 seconds.
  path: Assets/JMO Assets/WarFX/Demo/Assets/CFX_Demo_RandomDir.cs
  importAddress: Guid(27666076fd6e86245aa62dfd9e943d6c) Importer(2089858483,b0f066a214c2f5e87bad3c948f4d605d)
Start importing Assets/JMO Assets/WarFX/Demo/Assets/CFX_Demo_RandomDir.cs using Guid(27666076fd6e86245aa62dfd9e943d6c) Importer(2089858483,b0f066a214c2f5e87bad3c948f4d605d) (ScriptedImporter) -> (Import Result ID: '0ebc0bc33a9f8693be211aa188052db2') in 0.012695 seconds [static and dynamic dependencies]. Details - ImportResultOutputID=0219d731694390e710528a5fc4de8da2 DependenciesID=837529243b18f2f81210184c8514ef97 StaticDependenciesID=d148ac5e58b80ddb46d71c907059e30d 
Number of updated asset objects reloaded before import = 0Number of asset objects unloaded after import = 0

========================================================================
Received Import Request.
  Time since last request: 0.000025 seconds.
  path: Assets/JMO Assets/WarFX/Demo/UI Canvas/CFX Demo Btn Camera H.png
  importAddress: Guid(90cdb91b8028d984b9adf63a23402f86) Importer(2089858483,b0f066a214c2f5e87bad3c948f4d605d)
Start importing Assets/JMO Assets/WarFX/Demo/UI Canvas/CFX Demo Btn Camera H.png using Guid(90cdb91b8028d984b9adf63a23402f86) Importer(2089858483,b0f066a214c2f5e87bad3c948f4d605d) (ScriptedImporter) -> (Import Result ID: '63e02edf1e675751ef3c960605b859e7') in 0.0170622 seconds [static and dynamic dependencies]. Details - ImportResultOutputID=7bc218d9f7a13efab53539e678175d02 DependenciesID=1a28c4efd9173c606d5e1eb2a66c5499 StaticDependenciesID=a8be6eca4d584b300460bde03c63e0f3 
Number of updated asset objects reloaded before import = 0Number of asset objects unloaded after import = 3

========================================================================
Received Import Request.
  Time since last request: 0.000027 seconds.
  path: Assets/JMO Assets/WarFX/_Effects (Mobile)/Fire/WFXMR_FlameThrower Big Alt Looped.prefab
  importAddress: Guid(4a7daf0e176b21a4b945be7a6e3ba2cb) Importer(2089858483,b0f066a214c2f5e87bad3c948f4d605d)
Start importing Assets/JMO Assets/WarFX/_Effects (Mobile)/Fire/WFXMR_FlameThrower Big Alt Looped.prefab using Guid(4a7daf0e176b21a4b945be7a6e3ba2cb) Importer(2089858483,b0f066a214c2f5e87bad3c948f4d605d) (ScriptedImporter) -> (Import Result ID: 'cac863f8c6899bab1549d3e8a5c96ddb') in 0.0292494 seconds [static and dynamic dependencies]. Details - ImportResultOutputID=1cf8acf077f31cf72d34413fe61b81da DependenciesID=752aef4f6e240d4fc337828ba2652a3e StaticDependenciesID=5f00c658dc543920e441240a8c220938 
Number of updated asset objects reloaded before import = 0Number of asset objects unloaded after import = 15

========================================================================
Received Import Request.
  Time since last request: 0.000036 seconds.
  path: Assets/JMO Assets/WarFX/_Effects (Mobile)/Bullet Impacts/+ Bullet Hole/Unlit
  importAddress: Guid(37c92bd243149504da47a5bd94260a87) Importer(2089858483,b0f066a214c2f5e87bad3c948f4d605d)
Start importing Assets/JMO Assets/WarFX/_Effects (Mobile)/Bullet Impacts/+ Bullet Hole/Unlit using Guid(37c92bd243149504da47a5bd94260a87) Importer(2089858483,b0f066a214c2f5e87bad3c948f4d605d) (ScriptedImporter) -> (Import Result ID: 'c1d875361d978d0d74531f5300c0e11a') in 0.014869 seconds [static and dynamic dependencies]. Details - ImportResultOutputID=5d0777d43ac58129fa3169c73f993a55 DependenciesID=073d26b9f52a2e98e6048f952d4af6f6 StaticDependenciesID=013d7392961201021f82fd0dd55fd1ef 
Number of updated asset objects reloaded before import = 0Number of asset objects unloaded after import = 1

========================================================================
Received Import Request.
  Time since last request: 0.000034 seconds.
  path: Assets/JMO Assets/WarFX/Demo/Assets/WFX_Demo_M4.fbx
  importAddress: Guid(7350c439920074a58a63ca710c013777) Importer(2089858483,b0f066a214c2f5e87bad3c948f4d605d)
Start importing Assets/JMO Assets/WarFX/Demo/Assets/WFX_Demo_M4.fbx using Guid(7350c439920074a58a63ca710c013777) Importer(2089858483,b0f066a214c2f5e87bad3c948f4d605d) (ScriptedImporter) -> (Import Result ID: 'd0a6c76e7a535ef455cdcc93f108c32e') in 0.0523661 seconds [static and dynamic dependencies]. Details - ImportResultOutputID=4863e91dd6c396b1a1fe3463912a7c66 DependenciesID=9058ca9f1ec68f4a82a964bad4c89ef5 StaticDependenciesID=4356d3a9d3d5d2e22e47e24e7b274aa9 
Number of updated asset objects reloaded before import = 0Number of asset objects unloaded after import = 8

========================================================================
Received Import Request.
  Time since last request: 0.000025 seconds.
  path: Assets/JMO Assets/WarFX/Mobile/Textures/MuzzleFlashes
  importAddress: Guid(31e0aba18d4c3a249aa70e12b3ed3d06) Importer(2089858483,b0f066a214c2f5e87bad3c948f4d605d)
Start importing Assets/JMO Assets/WarFX/Mobile/Textures/MuzzleFlashes using Guid(31e0aba18d4c3a249aa70e12b3ed3d06) Importer(2089858483,b0f066a214c2f5e87bad3c948f4d605d) (ScriptedImporter) -> (Import Result ID: '385fa061290a477da0a7f7b84d2ac06a') in 0.0123736 seconds [static and dynamic dependencies]. Details - ImportResultOutputID=da9ca95596bfa1d63349f2b0f8ba2dbf DependenciesID=6c5126adf4925375a381bc9056ad3b8f StaticDependenciesID=ad1a3d3c32bd8a62e035380c945ff410 
Number of updated asset objects reloaded before import = 0Number of asset objects unloaded after import = 1

========================================================================
Received Import Request.
  Time since last request: 0.000023 seconds.
  path: Assets/JMO Assets/WarFX/_Effects/Smoke/WFX_SmokeGrenade Gray.prefab
  importAddress: Guid(a24c2dc4ddb2fb34591d1bbab6a8354a) Importer(2089858483,b0f066a214c2f5e87bad3c948f4d605d)
Start importing Assets/JMO Assets/WarFX/_Effects/Smoke/WFX_SmokeGrenade Gray.prefab using Guid(a24c2dc4ddb2fb34591d1bbab6a8354a) Importer(2089858483,b0f066a214c2f5e87bad3c948f4d605d) (ScriptedImporter) -> (Import Result ID: 'b0851e8e6da4c6023ad1b7432fac1e21') in 0.027598 seconds [static and dynamic dependencies]. Details - ImportResultOutputID=4701ac7b75436b01067f1e6ebd8e90ad DependenciesID=3ac024b55f949b59196a5e7f31dc30c2 StaticDependenciesID=fa438678e24032f16401fc152c8e7b94 
Number of updated asset objects reloaded before import = 0Number of asset objects unloaded after import = 11

========================================================================
Received Import Request.
  Time since last request: 0.000025 seconds.
  path: Assets/JMO Assets/WarFX/_Effects/Fire/No Smoke/WFX_Fire SmallFlame (No Smoke).prefab
  importAddress: Guid(9fdb9361d90a0c64688ffb3004e8682c) Importer(2089858483,b0f066a214c2f5e87bad3c948f4d605d)
Start importing Assets/JMO Assets/WarFX/_Effects/Fire/No Smoke/WFX_Fire SmallFlame (No Smoke).prefab using Guid(9fdb9361d90a0c64688ffb3004e8682c) Importer(2089858483,b0f066a214c2f5e87bad3c948f4d605d) (ScriptedImporter) -> (Import Result ID: '5a8c999548a86f8886b415b55586e91d') in 0.0262308 seconds [static and dynamic dependencies]. Details - ImportResultOutputID=22639cc02d7ca43b752ed8a2425e3b98 DependenciesID=1600b96137b8d28e569612796336efc6 StaticDependenciesID=4e61a83fd8834c687509abb3b49e2356 
Number of updated asset objects reloaded before import = 0Number of asset objects unloaded after import = 11

========================================================================
Received Import Request.
  Time since last request: 0.000034 seconds.
  path: Assets/JMO Assets/WarFX/_Effects (Mobile)/Fire/WFXMR_FlameThrower Big Alt.prefab
  importAddress: Guid(e8fb3f256cf9d9e439bd069f42a5a246) Importer(2089858483,b0f066a214c2f5e87bad3c948f4d605d)
Start importing Assets/JMO Assets/WarFX/_Effects (Mobile)/Fire/WFXMR_FlameThrower Big Alt.prefab using Guid(e8fb3f256cf9d9e439bd069f42a5a246) Importer(2089858483,b0f066a214c2f5e87bad3c948f4d605d) (ScriptedImporter) -> (Import Result ID: '9f59ea38e9ccc7638a589f9812533665') in 0.026779 seconds [static and dynamic dependencies]. Details - ImportResultOutputID=56c36772de3ba4963db64fec660399a2 DependenciesID=b00edca9080790405cfe5d9d9fa413fd StaticDependenciesID=b4416c27d731439dca5890dd193c90d9 
Number of updated asset objects reloaded before import = 0Number of asset objects unloaded after import = 15

========================================================================
Received Import Request.
  Time since last request: 0.000027 seconds.
  path: Assets/JMO Assets/WarFX/Mobile/Materials/Bullet Holes/WFXM_BulletHole Metal Lighted.mat
  importAddress: Guid(ad9313fb9df08c943873fb1f4fb3a662) Importer(2089858483,b0f066a214c2f5e87bad3c948f4d605d)
Start importing Assets/JMO Assets/WarFX/Mobile/Materials/Bullet Holes/WFXM_BulletHole Metal Lighted.mat using Guid(ad9313fb9df08c943873fb1f4fb3a662) Importer(2089858483,b0f066a214c2f5e87bad3c948f4d605d) (ScriptedImporter)Shader 'WFX/Transparent Specular': fallback shader 'Particles/Alpha Blended' not found
 -> (Import Result ID: 'ad08c95d5d70a8488b15f37879708ac6') in 0.0166219 seconds [static and dynamic dependencies]. Details - ImportResultOutputID=16b64a488e7e9bb4ca0569724b778593 DependenciesID=2dcba1f3a1a28f055c86204b529e24aa StaticDependenciesID=030072340d442d9c32a5a60ea9b824d0 
Number of updated asset objects reloaded before import = 0Number of asset objects unloaded after import = 3

========================================================================
Received Import Request.
  Time since last request: 0.000025 seconds.
  path: Assets/JMO Assets/WarFX/Mobile/Materials/Bullet Holes/WFXM_BulletHole Concrete.mat
  importAddress: Guid(00e20022f37f79945a4cdfd232315024) Importer(2089858483,b0f066a214c2f5e87bad3c948f4d605d)
Start importing Assets/JMO Assets/WarFX/Mobile/Materials/Bullet Holes/WFXM_BulletHole Concrete.mat using Guid(00e20022f37f79945a4cdfd232315024) Importer(2089858483,b0f066a214c2f5e87bad3c948f4d605d) (ScriptedImporter) -> (Import Result ID: 'a6b315243d1f80c65f70c2123183fd48') in 0.0164271 seconds [static and dynamic dependencies]. Details - ImportResultOutputID=e3b1e638cc6e66d8f8d80b86eeefca1f DependenciesID=4b1442284ca1d433d3c1e8718c162f7c StaticDependenciesID=530d19183da29d708315fc3c85c43d88 
Number of updated asset objects reloaded before import = 0Number of asset objects unloaded after import = 3

========================================================================
Received Import Request.
  Time since last request: 0.000030 seconds.
  path: Assets/JMO Assets/WarFX/Desktop/Textures/Smoke/WFX_T_SmokeNoise.tga
  importAddress: Guid(232c443afd6ed994aa4da1d352911753) Importer(2089858483,b0f066a214c2f5e87bad3c948f4d605d)
Start importing Assets/JMO Assets/WarFX/Desktop/Textures/Smoke/WFX_T_SmokeNoise.tga using Guid(232c443afd6ed994aa4da1d352911753) Importer(2089858483,b0f066a214c2f5e87bad3c948f4d605d) (ScriptedImporter) -> (Import Result ID: 'a8fb5b27dfd7778fdb406f840308420c') in 0.0186859 seconds [static and dynamic dependencies]. Details - ImportResultOutputID=ea87d59eaeb39b561ab4fd385305cafa DependenciesID=6418b8ad5d05678de9fb0cfd16fc3390 StaticDependenciesID=d448ba22598449ea518f8e53abe93d4e 
Number of updated asset objects reloaded before import = 0Number of asset objects unloaded after import = 1

========================================================================
Received Import Request.
  Time since last request: 0.000097 seconds.
  path: Assets/JMO Assets/WarFX/Mobile/Materials/Misc/WFXM_M_GroundGlow Add.mat
  importAddress: Guid(d6d92f40e7533cf47b41548fdff21781) Importer(2089858483,b0f066a214c2f5e87bad3c948f4d605d)
Start importing Assets/JMO Assets/WarFX/Mobile/Materials/Misc/WFXM_M_GroundGlow Add.mat using Guid(d6d92f40e7533cf47b41548fdff21781) Importer(2089858483,b0f066a214c2f5e87bad3c948f4d605d) (ScriptedImporter) -> (Import Result ID: '85c09a52273183f38f9fe6d5b310191b') in 0.0187151 seconds [static and dynamic dependencies]. Details - ImportResultOutputID=1bb80448b93a8e6fed9bb8de02956e89 DependenciesID=47d4c64d7ad082bb7004cbccbfa8e1b6 StaticDependenciesID=35b9cebbef920852665ab443111121cd 
Number of updated asset objects reloaded before import = 0Number of asset objects unloaded after import = 3

========================================================================
Received Import Request.
  Time since last request: 0.000025 seconds.
  path: Assets/JMO Assets/WarFX/Desktop/Materials/Smoke/WFX_M_SmokeScroll Add.mat
  importAddress: Guid(08860f5a2ea791b418ad49e30b240d79) Importer(2089858483,b0f066a214c2f5e87bad3c948f4d605d)
Start importing Assets/JMO Assets/WarFX/Desktop/Materials/Smoke/WFX_M_SmokeScroll Add.mat using Guid(08860f5a2ea791b418ad49e30b240d79) Importer(2089858483,b0f066a214c2f5e87bad3c948f4d605d) (ScriptedImporter) -> (Import Result ID: '27bf3dac56ba00f4c8d887c26aacd7e2') in 0.0187646 seconds [static and dynamic dependencies]. Details - ImportResultOutputID=6c2e29236bb5622746a638edd96cb79f DependenciesID=d51292a029357cb74df837e286213069 StaticDependenciesID=9989e2e56c72873d192069492ea2bbc5 
Number of updated asset objects reloaded before import = 0Number of asset objects unloaded after import = 3

========================================================================
Received Import Request.
  Time since last request: 0.000029 seconds.
  path: Assets/JMO Assets/WarFX/_Effects/Smoke/WFX_SmokeGrenade Black.prefab
  importAddress: Guid(6a3cb4ac8fa12944ba1233cbec0e9c69) Importer(2089858483,b0f066a214c2f5e87bad3c948f4d605d)
Start importing Assets/JMO Assets/WarFX/_Effects/Smoke/WFX_SmokeGrenade Black.prefab using Guid(6a3cb4ac8fa12944ba1233cbec0e9c69) Importer(2089858483,b0f066a214c2f5e87bad3c948f4d605d) (ScriptedImporter) -> (Import Result ID: '3d76edd3c497b9e591db06ec1bdec352') in 0.0258903 seconds [static and dynamic dependencies]. Details - ImportResultOutputID=ee611d2e07952de3ef043accd9f67abf DependenciesID=a10d7ed909a270c27af1258ea002c074 StaticDependenciesID=a0a02fd670cc08430fca39fcd46000a0 
Number of updated asset objects reloaded before import = 0Number of asset objects unloaded after import = 11

========================================================================
Received Import Request.
  Time since last request: 0.000030 seconds.
  path: Assets/JMO Assets/WarFX/_Effects (Mobile)/Explosions/WFXMR_Nuke.prefab
  importAddress: Guid(4bf22a1d8d9e7724b9af67921436851d) Importer(2089858483,b0f066a214c2f5e87bad3c948f4d605d)
Start importing Assets/JMO Assets/WarFX/_Effects (Mobile)/Explosions/WFXMR_Nuke.prefab using Guid(4bf22a1d8d9e7724b9af67921436851d) Importer(2089858483,b0f066a214c2f5e87bad3c948f4d605d) (ScriptedImporter) -> (Import Result ID: '63b51c42dc42911e5d5758284b866fe4') in 0.0333229 seconds [static and dynamic dependencies]. Details - ImportResultOutputID=d2e2e4d8f616172128c237acafffe483 DependenciesID=62e98f8fe7d3fe401bb04a364668704e StaticDependenciesID=cab4d85d508a833b31bdfff38623ae43 
Number of updated asset objects reloaded before import = 0Number of asset objects unloaded after import = 31

========================================================================
Received Import Request.
  Time since last request: 0.000040 seconds.
  path: Assets/JMO Assets/WarFX/Desktop/Materials/Flames/WFX_M_FlameBig Add.mat
  importAddress: Guid(5a595d561ddb2ac4aad808dc54e08e6a) Importer(2089858483,b0f066a214c2f5e87bad3c948f4d605d)
Start importing Assets/JMO Assets/WarFX/Desktop/Materials/Flames/WFX_M_FlameBig Add.mat using Guid(5a595d561ddb2ac4aad808dc54e08e6a) Importer(2089858483,b0f066a214c2f5e87bad3c948f4d605d) (ScriptedImporter) -> (Import Result ID: '5418fb8e7815b7ed2da22926e8245fd6') in 0.0149245 seconds [static and dynamic dependencies]. Details - ImportResultOutputID=19fe52b27a4e21965e8d90ad38b3e64a DependenciesID=5d25e0902a819af6b60b92b19dde5af2 StaticDependenciesID=15888dfd0b9ef01b797372dd0b7e9dac 
Number of updated asset objects reloaded before import = 0Number of asset objects unloaded after import = 2

========================================================================
Received Import Request.
  Time since last request: 0.000026 seconds.
  path: Assets/JMO Assets/WarFX/Mobile/Textures/Misc/WFXM_T_SmallDots A8.png
  importAddress: Guid(496676ffecd2dcf42bb99bc8a7ebd3a6) Importer(2089858483,b0f066a214c2f5e87bad3c948f4d605d)
Start importing Assets/JMO Assets/WarFX/Mobile/Textures/Misc/WFXM_T_SmallDots A8.png using Guid(496676ffecd2dcf42bb99bc8a7ebd3a6) Importer(2089858483,b0f066a214c2f5e87bad3c948f4d605d) (ScriptedImporter) -> (Import Result ID: '335b2e568a0655f4506cdf589a1b21f0') in 0.0143013 seconds [static and dynamic dependencies]. Details - ImportResultOutputID=18bce0be1390798bc950c8d0d6ee0dcc DependenciesID=a9a9b388395a4dfee54244a0a0fa0699 StaticDependenciesID=7fdcb0c6f5a3f5c7766f812a44ce14af 
Number of updated asset objects reloaded before import = 0Number of asset objects unloaded after import = 1

========================================================================
Received Import Request.
  Time since last request: 0.000023 seconds.
  path: Assets/JMO Assets/WarFX/_Effects (Mobile)/Bullet Impacts/WFXMR_BImpact Wood.prefab
  importAddress: Guid(855f647f81ad9774a905ff23fdc26618) Importer(2089858483,b0f066a214c2f5e87bad3c948f4d605d)
Start importing Assets/JMO Assets/WarFX/_Effects (Mobile)/Bullet Impacts/WFXMR_BImpact Wood.prefab using Guid(855f647f81ad9774a905ff23fdc26618) Importer(2089858483,b0f066a214c2f5e87bad3c948f4d605d) (ScriptedImporter) -> (Import Result ID: '9752540ed23b17ffbe24377cbdeb9d27') in 0.0281455 seconds [static and dynamic dependencies]. Details - ImportResultOutputID=93a1b18ae4543dcc18fc92614af388f8 DependenciesID=d975939170f127637256dd45b730fddd StaticDependenciesID=e62f923270f72e2bb1d3e6bd6f30d22b 
Number of updated asset objects reloaded before import = 0Number of asset objects unloaded after import = 15

========================================================================
Received Import Request.
  Time since last request: 0.000025 seconds.
  path: Assets/JMO Assets/WarFX/Desktop/Materials/Impacts/WFX_M_Impact Debris.mat
  importAddress: Guid(dcc19ce42d48d6648a4d66911790b60f) Importer(2089858483,b0f066a214c2f5e87bad3c948f4d605d)
Start importing Assets/JMO Assets/WarFX/Desktop/Materials/Impacts/WFX_M_Impact Debris.mat using Guid(dcc19ce42d48d6648a4d66911790b60f) Importer(2089858483,b0f066a214c2f5e87bad3c948f4d605d) (ScriptedImporter) -> (Import Result ID: 'fd7a5279e1d787f40c99c5a64a7ec0a3') in 0.013937 seconds [static and dynamic dependencies]. Details - ImportResultOutputID=e9035d553c548ea724367dae471c79fc DependenciesID=68ba1756c01e4bca96138790402f8db0 StaticDependenciesID=2a4409cd04f4c00082d12d99a068f6e8 
Number of updated asset objects reloaded before import = 0Number of asset objects unloaded after import = 2

========================================================================
Received Import Request.
  Time since last request: 0.000024 seconds.
  path: Assets/JMO Assets/WarFX/Demo/Assets/WFX_Demo_T_Cobblestone Normal.tga
  importAddress: Guid(9ad1b7cbb4464c54ea0514cfe41f9bed) Importer(2089858483,b0f066a214c2f5e87bad3c948f4d605d)
Start importing Assets/JMO Assets/WarFX/Demo/Assets/WFX_Demo_T_Cobblestone Normal.tga using Guid(9ad1b7cbb4464c54ea0514cfe41f9bed) Importer(2089858483,b0f066a214c2f5e87bad3c948f4d605d) (ScriptedImporter) -> (Import Result ID: 'c8bb35bbf8e4ec037e70c919afec4ca6') in 0.0169352 seconds [static and dynamic dependencies]. Details - ImportResultOutputID=367968edd950246172df9c3160b0bfc7 DependenciesID=961b95bfb78d6b26f83a84765b6ae747 StaticDependenciesID=dcd114ccb054beae91c31f823aeec6a2 
Number of updated asset objects reloaded before import = 0Number of asset objects unloaded after import = 1

========================================================================
Received Import Request.
  Time since last request: 0.000045 seconds.
  path: Assets/JMO Assets/WarFX/Desktop/Textures/Flames/WFX_T_FlamesSmallLoopAlpha.tga
  importAddress: Guid(a9fd5240a7e9ed246b133b0059ab2cac) Importer(2089858483,b0f066a214c2f5e87bad3c948f4d605d)
Start importing Assets/JMO Assets/WarFX/Desktop/Textures/Flames/WFX_T_FlamesSmallLoopAlpha.tga using Guid(a9fd5240a7e9ed246b133b0059ab2cac) Importer(2089858483,b0f066a214c2f5e87bad3c948f4d605d) (ScriptedImporter) -> (Import Result ID: 'c2646f8e49446629e8c3af1d44eca2f5') in 0.019418 seconds [static and dynamic dependencies]. Details - ImportResultOutputID=cb788033b5cc00f4cce09b859b42a35f DependenciesID=c78cfa7d7ca0e1531407c25340642ef4 StaticDependenciesID=2d4ee635028ac74158d78e5d3bee1d74 
Number of updated asset objects reloaded before import = 0Number of asset objects unloaded after import = 1

========================================================================
Received Import Request.
  Time since last request: 0.000025 seconds.
  path: Assets/JMO Assets/WarFX/Desktop/Textures/MuzzleFlashes/WFX_T_MF Side RIFLE3 A8.png
  importAddress: Guid(0c536cd41eb26c84880ad44b182415fd) Importer(2089858483,b0f066a214c2f5e87bad3c948f4d605d)
Start importing Assets/JMO Assets/WarFX/Desktop/Textures/MuzzleFlashes/WFX_T_MF Side RIFLE3 A8.png using Guid(0c536cd41eb26c84880ad44b182415fd) Importer(2089858483,b0f066a214c2f5e87bad3c948f4d605d) (ScriptedImporter) -> (Import Result ID: '790225b64d4eb8ac6cd2e102c22f83fb') in 0.0163503 seconds [static and dynamic dependencies]. Details - ImportResultOutputID=62e5a75cc5e2c1c708e93ff484dccbd6 DependenciesID=d3bc3bcb1f2ab249f9d148b9323ce608 StaticDependenciesID=62c90144075baf8951bc536ffa69c829 
Number of updated asset objects reloaded before import = 0Number of asset objects unloaded after import = 1

========================================================================
Received Import Request.
  Time since last request: 0.000024 seconds.
  path: Assets/JMO Assets/WarFX/_Effects/MuzzleFlashes/Sprites/WFX_MF Spr RIFLE1.prefab
  importAddress: Guid(7e9c50938e32351438a7df9ccad2f2a5) Importer(2089858483,b0f066a214c2f5e87bad3c948f4d605d)
Start importing Assets/JMO Assets/WarFX/_Effects/MuzzleFlashes/Sprites/WFX_MF Spr RIFLE1.prefab using Guid(7e9c50938e32351438a7df9ccad2f2a5) Importer(2089858483,b0f066a214c2f5e87bad3c948f4d605d) (ScriptedImporter) -> (Import Result ID: 'e5f981fa65c327f5095ac83a6d20679f') in 0.0327139 seconds [static and dynamic dependencies]. Details - ImportResultOutputID=77ac7dfabb36a68b89dfa72caa50aba8 DependenciesID=8ee9dc4d4e0001f70c1b063ecdb521a7 StaticDependenciesID=ada59419dd763871145a4e322907723d 
Number of updated asset objects reloaded before import = 0Number of asset objects unloaded after import = 23

========================================================================
Received Import Request.
  Time since last request: 0.000036 seconds.
  path: Assets/JMO Assets/WarFX/_Effects (Mobile)/Smoke/Color Variants/WFXMR_SmokeGrenade Yellow.prefab
  importAddress: Guid(b5a53f08c73a5384c8790c0c16fa56ab) Importer(2089858483,b0f066a214c2f5e87bad3c948f4d605d)
Start importing Assets/JMO Assets/WarFX/_Effects (Mobile)/Smoke/Color Variants/WFXMR_SmokeGrenade Yellow.prefab using Guid(b5a53f08c73a5384c8790c0c16fa56ab) Importer(2089858483,b0f066a214c2f5e87bad3c948f4d605d) (ScriptedImporter) -> (Import Result ID: 'd265e19b6c442033979cafe7534096f3') in 0.0280575 seconds [static and dynamic dependencies]. Details - ImportResultOutputID=2ec7e54299e1ed2541ae63df99b4226a DependenciesID=1f40cb52256f2d19c279ad203369b716 StaticDependenciesID=950fb51d4bb720cad494dd0e50a43880 
Number of updated asset objects reloaded before import = 0Number of asset objects unloaded after import = 11

========================================================================
Received Import Request.
  Time since last request: 0.000035 seconds.
  path: Assets/JMO Assets/WarFX/Scripts/CFX_LightIntensityFade.cs
  importAddress: Guid(c2255468ea97f384a9ebbb13e497e050) Importer(2089858483,b0f066a214c2f5e87bad3c948f4d605d)
Start importing Assets/JMO Assets/WarFX/Scripts/CFX_LightIntensityFade.cs using Guid(c2255468ea97f384a9ebbb13e497e050) Importer(2089858483,b0f066a214c2f5e87bad3c948f4d605d) (ScriptedImporter) -> (Import Result ID: '8b04f2407dad9ef549efde7112b32c4f') in 0.0121524 seconds [static and dynamic dependencies]. Details - ImportResultOutputID=e31ec09058afb1e8a632264b7398e535 DependenciesID=88de499e4fe54618816a699e844b8117 StaticDependenciesID=e13a3fd26fc02857b48e617f627b859f 
Number of updated asset objects reloaded before import = 0Number of asset objects unloaded after import = 0

========================================================================
Received Import Request.
  Time since last request: 0.000028 seconds.
  path: Assets/JMO Assets/WarFX/_Effects (Mobile)/Fire/Gray Smoke/WFXMR_GazFireBig (Gray Smoke).prefab
  importAddress: Guid(0cb8c2d73332b6845b2eec02e21e91f2) Importer(2089858483,b0f066a214c2f5e87bad3c948f4d605d)
Start importing Assets/JMO Assets/WarFX/_Effects (Mobile)/Fire/Gray Smoke/WFXMR_GazFireBig (Gray Smoke).prefab using Guid(0cb8c2d73332b6845b2eec02e21e91f2) Importer(2089858483,b0f066a214c2f5e87bad3c948f4d605d) (ScriptedImporter) -> (Import Result ID: 'a587d0e5cd4f1c73be2d1387ff945c8a') in 0.0275042 seconds [static and dynamic dependencies]. Details - ImportResultOutputID=a0c1855e92a991de0f9ed3f34359d26c DependenciesID=03a707c5422606eb67049e3e645e150a StaticDependenciesID=72e690a241766838e33c182aa019f265 
Number of updated asset objects reloaded before import = 0Number of asset objects unloaded after import = 15

========================================================================
Received Import Request.
  Time since last request: 0.000022 seconds.
  path: Assets/JMO Assets/WarFX/Desktop/Materials/Smoke/WFX_M_Smoke SoftMult.mat
  importAddress: Guid(eb2412df5134fe749b8468bef9340100) Importer(2089858483,b0f066a214c2f5e87bad3c948f4d605d)
Start importing Assets/JMO Assets/WarFX/Desktop/Materials/Smoke/WFX_M_Smoke SoftMult.mat using Guid(eb2412df5134fe749b8468bef9340100) Importer(2089858483,b0f066a214c2f5e87bad3c948f4d605d) (ScriptedImporter) -> (Import Result ID: '871adc31922808ac16df7f262e607322') in 0.0193558 seconds [static and dynamic dependencies]. Details - ImportResultOutputID=3ef2bcaf006ee958aabec6fe66690f5f DependenciesID=a1eb2c47dfc60542c430a26ff38f3024 StaticDependenciesID=9a7f00e895244bab12f726b1b8d10a65 
Number of updated asset objects reloaded before import = 0Number of asset objects unloaded after import = 3

========================================================================
Received Import Request.
  Time since last request: 0.000030 seconds.
  path: Assets/JMO Assets/WarFX/Desktop/Textures/Misc/WFX_T_StretchPalet A8.png
  importAddress: Guid(16aa7f45fd438dd41a1e882bd67f5701) Importer(2089858483,b0f066a214c2f5e87bad3c948f4d605d)
Start importing Assets/JMO Assets/WarFX/Desktop/Textures/Misc/WFX_T_StretchPalet A8.png using Guid(16aa7f45fd438dd41a1e882bd67f5701) Importer(2089858483,b0f066a214c2f5e87bad3c948f4d605d) (ScriptedImporter) -> (Import Result ID: 'e20ba38293e575e82bda9ce67f237468') in 0.0152605 seconds [static and dynamic dependencies]. Details - ImportResultOutputID=f87ef43c5fc00d7824e94ec8e891323d DependenciesID=e636e7026e2289f5338620e53da73059 StaticDependenciesID=788dcb73450c5347377c1ee03bf55d40 
Number of updated asset objects reloaded before import = 0Number of asset objects unloaded after import = 1

========================================================================
Received Import Request.
  Time since last request: 0.000139 seconds.
  path: Assets/JMO Assets/WarFX/Mobile/Materials/Flames/WFXM_M_StarFlames.mat
  importAddress: Guid(ca50e5d898bcba4489bb430ccdc2135e) Importer(2089858483,b0f066a214c2f5e87bad3c948f4d605d)
Start importing Assets/JMO Assets/WarFX/Mobile/Materials/Flames/WFXM_M_StarFlames.mat using Guid(ca50e5d898bcba4489bb430ccdc2135e) Importer(2089858483,b0f066a214c2f5e87bad3c948f4d605d) (ScriptedImporter) -> (Import Result ID: '92b42c41ddd3141eaab02618ad4c05a3') in 0.0172212 seconds [static and dynamic dependencies]. Details - ImportResultOutputID=fb9674bec1d16c060905db9147b448ac DependenciesID=8d042e8e4db64edd0073875c23b4ef32 StaticDependenciesID=22aa54f4993c1f9149e312ccf522c155 
Number of updated asset objects reloaded before import = 0Number of asset objects unloaded after import = 3

========================================================================
Received Import Request.
  Time since last request: 0.000028 seconds.
  path: Assets/JMO Assets/WarFX/Mobile/Textures/Bullet Holes/WFXM_T_BulletHoles Wood.tga
  importAddress: Guid(22b2fb4b5fccb7f42a75c83a2ceecaa9) Importer(2089858483,b0f066a214c2f5e87bad3c948f4d605d)
Start importing Assets/JMO Assets/WarFX/Mobile/Textures/Bullet Holes/WFXM_T_BulletHoles Wood.tga using Guid(22b2fb4b5fccb7f42a75c83a2ceecaa9) Importer(2089858483,b0f066a214c2f5e87bad3c948f4d605d) (ScriptedImporter) -> (Import Result ID: '067bdcf65206fe8934af4a717a207962') in 0.0206173 seconds [static and dynamic dependencies]. Details - ImportResultOutputID=e8a0dc4366d3d6b1f3ced632345899bc DependenciesID=d4303eeba1948aef61f4948e8af44a83 StaticDependenciesID=bfcb1536e018a4408ef790f8aed36630 
Number of updated asset objects reloaded before import = 0Number of asset objects unloaded after import = 1

========================================================================
Received Import Request.
  Time since last request: 0.000029 seconds.
  path: Assets/JMO Assets/WarFX/_Effects/Bullet Impacts/WFX_BImpact Wood NoCollision.prefab
  importAddress: Guid(d39ab699aa314a147969fd483aa55205) Importer(2089858483,b0f066a214c2f5e87bad3c948f4d605d)
Start importing Assets/JMO Assets/WarFX/_Effects/Bullet Impacts/WFX_BImpact Wood NoCollision.prefab using Guid(d39ab699aa314a147969fd483aa55205) Importer(2089858483,b0f066a214c2f5e87bad3c948f4d605d) (ScriptedImporter) -> (Import Result ID: 'ea57fb7d1b564ece11506b85e4dcacd5') in 0.0247314 seconds [static and dynamic dependencies]. Details - ImportResultOutputID=23dc1767461e8d7849ec1a9cf5bd22e3 DependenciesID=3bcf105715d7cb48d039ce845b1f4b80 StaticDependenciesID=10b8338d6acfe864ce24c62d95ecf36e 
Number of updated asset objects reloaded before import = 0Number of asset objects unloaded after import = 15

========================================================================
Received Import Request.
  Time since last request: 0.000030 seconds.
  path: Assets/JMO Assets/WarFX/Desktop/Textures/Smoke/WFX_T_SmokeSpikeStretched A8.tga
  importAddress: Guid(0f3f5635b6a7c0c4c9723fd09fa51d5a) Importer(2089858483,b0f066a214c2f5e87bad3c948f4d605d)
Start importing Assets/JMO Assets/WarFX/Desktop/Textures/Smoke/WFX_T_SmokeSpikeStretched A8.tga using Guid(0f3f5635b6a7c0c4c9723fd09fa51d5a) Importer(2089858483,b0f066a214c2f5e87bad3c948f4d605d) (ScriptedImporter) -> (Import Result ID: 'd168462c9fa766b7832b6f0a4ac2769b') in 0.0172567 seconds [static and dynamic dependencies]. Details - ImportResultOutputID=e32e8259d5ff50192b10cb1d84a3c583 DependenciesID=0217555dfb73fefb7cfe21a9731f92ee StaticDependenciesID=918c37782822de49a3ec637a90a315d5 
Number of updated asset objects reloaded before import = 0Number of asset objects unloaded after import = 1

========================================================================
Received Import Request.
  Time since last request: 0.000036 seconds.
  path: Assets/JMO Assets/Cartoon FX Easy Editor/CartoonFX Easy Editor Readme.txt
  importAddress: Guid(459d1fc7f02e45a45806af5efd38b025) Importer(2089858483,b0f066a214c2f5e87bad3c948f4d605d)
Start importing Assets/JMO Assets/Cartoon FX Easy Editor/CartoonFX Easy Editor Readme.txt using Guid(459d1fc7f02e45a45806af5efd38b025) Importer(2089858483,b0f066a214c2f5e87bad3c948f4d605d) (ScriptedImporter) -> (Import Result ID: '4b3cbda2cc6b29353b066fa798c29981') in 0.0107552 seconds [static and dynamic dependencies]. Details - ImportResultOutputID=f79120299f38504ecc1fc41b3ff93250 DependenciesID=8eb02551f1fd63608ce4c21db9c52d95 StaticDependenciesID=7341cf816bef8856a089dfb352159d49 
Number of updated asset objects reloaded before import = 0Number of asset objects unloaded after import = 1

========================================================================
Received Import Request.
  Time since last request: 0.000027 seconds.
  path: Assets/JMO Assets/WarFX/Demo/Assets/WFX_Demo_M_Checker.mat
  importAddress: Guid(dc070aa3464121b4d92dc268f1a79c93) Importer(2089858483,b0f066a214c2f5e87bad3c948f4d605d)
Start importing Assets/JMO Assets/WarFX/Demo/Assets/WFX_Demo_M_Checker.mat using Guid(dc070aa3464121b4d92dc268f1a79c93) Importer(2089858483,b0f066a214c2f5e87bad3c948f4d605d) (ScriptedImporter) -> (Import Result ID: '45f2db148e5e6b0504b00599879be066') in 0.0127145 seconds [static and dynamic dependencies]. Details - ImportResultOutputID=69be898a1ce2d07ef8db33a04a3d5b6e DependenciesID=39f1294335869dbd7a7dbbb91729c7f5 StaticDependenciesID=5847b0e9854d78c8bc2480ae3a3af71e 
Number of updated asset objects reloaded before import = 0Number of asset objects unloaded after import = 2

========================================================================
Received Import Request.
  Time since last request: 0.000022 seconds.
  path: Assets/JMO Assets/WarFX/Desktop/Textures/Flames/WFX_T_DoubleFlames A8.tga
  importAddress: Guid(36e77c9c3b4c7af45acccb2a04cbbb1c) Importer(2089858483,b0f066a214c2f5e87bad3c948f4d605d)
Start importing Assets/JMO Assets/WarFX/Desktop/Textures/Flames/WFX_T_DoubleFlames A8.tga using Guid(36e77c9c3b4c7af45acccb2a04cbbb1c) Importer(2089858483,b0f066a214c2f5e87bad3c948f4d605d) (ScriptedImporter) -> (Import Result ID: '49870e182194b9600ce7fc424d25b704') in 0.0148275 seconds [static and dynamic dependencies]. Details - ImportResultOutputID=1b6a50665222248c807a5335f1e4e562 DependenciesID=de1af934a3bfe143699a0939ef9e4646 StaticDependenciesID=0e40b5d63feff08a321792e460fad0ac 
Number of updated asset objects reloaded before import = 0Number of asset objects unloaded after import = 1

========================================================================
Received Import Request.
  Time since last request: 0.000022 seconds.
  path: Assets/JMO Assets/WarFX/Mobile/Materials/Flames/WFXM_M_FlameSmall Add.mat
  importAddress: Guid(f2e62d2a3f971454da5211512393653f) Importer(2089858483,b0f066a214c2f5e87bad3c948f4d605d)
Start importing Assets/JMO Assets/WarFX/Mobile/Materials/Flames/WFXM_M_FlameSmall Add.mat using Guid(f2e62d2a3f971454da5211512393653f) Importer(2089858483,b0f066a214c2f5e87bad3c948f4d605d) (ScriptedImporter) -> (Import Result ID: '3e26263a5d65d50814728e034b11a3ab') in 0.0146212 seconds [static and dynamic dependencies]. Details - ImportResultOutputID=44b7f0565560503d35379fc1873741b3 DependenciesID=d3f8f407dc764d025a9234ca7fbd2ba4 StaticDependenciesID=2950bca5fdfa78bc9198e26e312de0be 
Number of updated asset objects reloaded before import = 0Number of asset objects unloaded after import = 2

========================================================================
Received Import Request.
  Time since last request: 0.000035 seconds.
  path: Assets/JMO Assets/WarFX/_Effects (Mobile)/Fire/Black Smoke/WFXMR_GazFireBig (Black Smoke).prefab
  importAddress: Guid(2522b91780559a44794173d3dae9723b) Importer(2089858483,b0f066a214c2f5e87bad3c948f4d605d)
Start importing Assets/JMO Assets/WarFX/_Effects (Mobile)/Fire/Black Smoke/WFXMR_GazFireBig (Black Smoke).prefab using Guid(2522b91780559a44794173d3dae9723b) Importer(2089858483,b0f066a214c2f5e87bad3c948f4d605d) (ScriptedImporter) -> (Import Result ID: 'af109327dbfce15440dd10cbdaffad22') in 0.0328055 seconds [static and dynamic dependencies]. Details - ImportResultOutputID=744b91074f302755c36ae1b3341a8627 DependenciesID=e7a08d730e521b902a4393181d8e6028 StaticDependenciesID=91acee9629ae5b7b1880c1d4f247d783 
Number of updated asset objects reloaded before import = 0Number of asset objects unloaded after import = 15

========================================================================
Received Import Request.
  Time since last request: 0.000037 seconds.
  path: Assets/JMO Assets/WarFX/Mobile/Textures/Smoke/WFXM_T_SmokeLoopAlpha Average.tga
  importAddress: Guid(d4a2006d08ce68a41a5ca355a39d697e) Importer(2089858483,b0f066a214c2f5e87bad3c948f4d605d)
Start importing Assets/JMO Assets/WarFX/Mobile/Textures/Smoke/WFXM_T_SmokeLoopAlpha Average.tga using Guid(d4a2006d08ce68a41a5ca355a39d697e) Importer(2089858483,b0f066a214c2f5e87bad3c948f4d605d) (ScriptedImporter) -> (Import Result ID: '5856a8584a8948250bac32ca13649b96') in 0.0204323 seconds [static and dynamic dependencies]. Details - ImportResultOutputID=99d21604c0b24bf8341f2b7d7105314a DependenciesID=6971c796abe392ed5b158069dddffe12 StaticDependenciesID=a965d68e9415c56aec6c20b87e959b3c 
Number of updated asset objects reloaded before import = 0Number of asset objects unloaded after import = 1

========================================================================
Received Import Request.
  Time since last request: 0.000023 seconds.
  path: Assets/JMO Assets/WarFX/_Effects (Mobile)/Fire/Gray Smoke
  importAddress: Guid(f787f30e49619514f88adc139a98e143) Importer(2089858483,b0f066a214c2f5e87bad3c948f4d605d)
Start importing Assets/JMO Assets/WarFX/_Effects (Mobile)/Fire/Gray Smoke using Guid(f787f30e49619514f88adc139a98e143) Importer(2089858483,b0f066a214c2f5e87bad3c948f4d605d) (ScriptedImporter) -> (Import Result ID: 'be0b7516392147af2ef6fc39d0b7ee5c') in 0.0119638 seconds [static and dynamic dependencies]. Details - ImportResultOutputID=e1a1f51cb776c81175554852d17c30c1 DependenciesID=981f5d0ff3b1eadca1f311a475ea2f37 StaticDependenciesID=6b784ab324091218c3c738cb8a2ba3d3 
Number of updated asset objects reloaded before import = 0Number of asset objects unloaded after import = 1

========================================================================
Received Import Request.
  Time since last request: 0.000024 seconds.
  path: Assets/JMO Assets/WarFX/_Effects (Mobile)/Explosions/WFXMR_ExplosiveSmoke Big Alt.prefab
  importAddress: Guid(d609d5ebc845aca409f72e9c6a56dc60) Importer(2089858483,b0f066a214c2f5e87bad3c948f4d605d)
Start importing Assets/JMO Assets/WarFX/_Effects (Mobile)/Explosions/WFXMR_ExplosiveSmoke Big Alt.prefab using Guid(d609d5ebc845aca409f72e9c6a56dc60) Importer(2089858483,b0f066a214c2f5e87bad3c948f4d605d) (ScriptedImporter) -> (Import Result ID: '88446096f0d4dee1fd3df4a6aaaf13be') in 0.0275124 seconds [static and dynamic dependencies]. Details - ImportResultOutputID=5f2a5b59965ee9040fd583da0b07cf75 DependenciesID=9e422b163d3f0435e02bc1017ad508c3 StaticDependenciesID=5c364a0cc9e4de77fbf27661ccf9dbe8 
Number of updated asset objects reloaded before import = 0Number of asset objects unloaded after import = 27

========================================================================
Received Import Request.
  Time since last request: 0.000026 seconds.
  path: Assets/JMO Assets/WarFX/Desktop/Materials/Bullet Holes/WFX_BulletHole Generic.mat
  importAddress: Guid(38f55d80fabc44846a1222921faa20bf) Importer(2089858483,b0f066a214c2f5e87bad3c948f4d605d)
Start importing Assets/JMO Assets/WarFX/Desktop/Materials/Bullet Holes/WFX_BulletHole Generic.mat using Guid(38f55d80fabc44846a1222921faa20bf) Importer(2089858483,b0f066a214c2f5e87bad3c948f4d605d) (ScriptedImporter) -> (Import Result ID: '765f8b0f60626ed152477e859ae00543') in 0.0164229 seconds [static and dynamic dependencies]. Details - ImportResultOutputID=2a18f74026b0f0be1fe35d880675a142 DependenciesID=b6d6f357551db73be26f83e7a8220957 StaticDependenciesID=336eef375e35bfa7f8b0f7bcf22cebd6 
Number of updated asset objects reloaded before import = 0Number of asset objects unloaded after import = 3

========================================================================
Received Import Request.
  Time since last request: 0.000034 seconds.
  path: Assets/JMO Assets/WarFX/Mobile/Materials/MuzzleFlashes
  importAddress: Guid(3250ef24f16b307479a4e78902491208) Importer(2089858483,b0f066a214c2f5e87bad3c948f4d605d)
Start importing Assets/JMO Assets/WarFX/Mobile/Materials/MuzzleFlashes using Guid(3250ef24f16b307479a4e78902491208) Importer(2089858483,b0f066a214c2f5e87bad3c948f4d605d) (ScriptedImporter) -> (Import Result ID: '023a88ff1d6024c208b9a90bc08b2c12') in 0.0105361 seconds [static and dynamic dependencies]. Details - ImportResultOutputID=849b79590a1b46241318a46222316db5 DependenciesID=5b368c39fd1c14248e71fe218abfc337 StaticDependenciesID=dbf4f86ccd6368d8608d6bef27be62d4 
Number of updated asset objects reloaded before import = 0Number of asset objects unloaded after import = 1

========================================================================
Received Import Request.
  Time since last request: 0.000021 seconds.
  path: Assets/JMO Assets/WarFX/Mobile/Textures/Bullet Holes/WFXM_T_BulletHoles Generic.tga
  importAddress: Guid(2aa9c70524e11f647be7f37d87fde7a4) Importer(2089858483,b0f066a214c2f5e87bad3c948f4d605d)
Start importing Assets/JMO Assets/WarFX/Mobile/Textures/Bullet Holes/WFXM_T_BulletHoles Generic.tga using Guid(2aa9c70524e11f647be7f37d87fde7a4) Importer(2089858483,b0f066a214c2f5e87bad3c948f4d605d) (ScriptedImporter) -> (Import Result ID: '0a9b4cc6c5d48d6439d0c2ee5e56af34') in 0.0198226 seconds [static and dynamic dependencies]. Details - ImportResultOutputID=cf8c2dfa9ef3cf1cf076f203c47ce52d DependenciesID=cc9d49279de2b6e3d6acca1089ed62b3 StaticDependenciesID=ffec1708faadf273916c8220c63f92b2 
Number of updated asset objects reloaded before import = 0Number of asset objects unloaded after import = 1

========================================================================
Received Import Request.
  Time since last request: 0.000029 seconds.
  path: Assets/JMO Assets/WarFX/_Effects/Bullet Impacts/+ Bullet Hole/Unlit/WFX_BImpact Concrete + Hole Unlit.prefab
  importAddress: Guid(94a130fb17f1cae4388a8fe1d8bd3055) Importer(2089858483,b0f066a214c2f5e87bad3c948f4d605d)
Start importing Assets/JMO Assets/WarFX/_Effects/Bullet Impacts/+ Bullet Hole/Unlit/WFX_BImpact Concrete + Hole Unlit.prefab using Guid(94a130fb17f1cae4388a8fe1d8bd3055) Importer(2089858483,b0f066a214c2f5e87bad3c948f4d605d) (ScriptedImporter) -> (Import Result ID: '14a06454dad578b9496a241028cefa20') in 0.0284814 seconds [static and dynamic dependencies]. Details - ImportResultOutputID=4e482aac38e0ebf3ed8e923a8b374f5a DependenciesID=8504bd1e9c0c164e71cfbd91b238a66c StaticDependenciesID=00f29150b7dce10ab274b8f872be794a 
Number of updated asset objects reloaded before import = 0Number of asset objects unloaded after import = 21

========================================================================
Received Import Request.
  Time since last request: 0.000027 seconds.
  path: Assets/JMO Assets/WarFX/_Effects (Mobile)/Bullet Impacts/+ Bullet Hole/WFXMR_BImpact SoftBody + Hole.prefab
  importAddress: Guid(ba261927bb2ae4244b20b0eb77a96415) Importer(2089858483,b0f066a214c2f5e87bad3c948f4d605d)
Start importing Assets/JMO Assets/WarFX/_Effects (Mobile)/Bullet Impacts/+ Bullet Hole/WFXMR_BImpact SoftBody + Hole.prefab using Guid(ba261927bb2ae4244b20b0eb77a96415) Importer(2089858483,b0f066a214c2f5e87bad3c948f4d605d) (ScriptedImporter) -> (Import Result ID: '39fa35697383f69cf2a6ba084bae3122') in 0.0256091 seconds [static and dynamic dependencies]. Details - ImportResultOutputID=c59868de37d88790109ff148cae2fb68 DependenciesID=af42d4fd6f720aaae5f738eda1f317c8 StaticDependenciesID=3c472124f657044ec33af39e0b9b4950 
Number of updated asset objects reloaded before import = 0Number of asset objects unloaded after import = 21

========================================================================
Received Import Request.
  Time since last request: 0.000045 seconds.
  path: Assets/JMO Assets/WarFX/_Effects/Fire/Gray Smoke/WFX_Fire Natural (Gray Smoke).prefab
  importAddress: Guid(717898f1e82d6b94f8dfa819112cc432) Importer(2089858483,b0f066a214c2f5e87bad3c948f4d605d)
Start importing Assets/JMO Assets/WarFX/_Effects/Fire/Gray Smoke/WFX_Fire Natural (Gray Smoke).prefab using Guid(717898f1e82d6b94f8dfa819112cc432) Importer(2089858483,b0f066a214c2f5e87bad3c948f4d605d) (ScriptedImporter) -> (Import Result ID: '2a1fa0208c5b18b088f52fe736e4ea4e') in 0.030824 seconds [static and dynamic dependencies]. Details - ImportResultOutputID=9f7388a102fb5d8f645cd3670994a910 DependenciesID=3d40a34e5db526b74e154004341fccf1 StaticDependenciesID=b040e0a46bbb5e6c5d346367f46b5e8e 
Number of updated asset objects reloaded before import = 0Number of asset objects unloaded after import = 15

========================================================================
Received Import Request.
  Time since last request: 0.000024 seconds.
  path: Assets/JMO Assets/WarFX/_Effects/Explosions/WFX_ExplosiveSmokeGround.prefab
  importAddress: Guid(93485fd5fc2ccf2439cb3239186f6382) Importer(2089858483,b0f066a214c2f5e87bad3c948f4d605d)
Start importing Assets/JMO Assets/WarFX/_Effects/Explosions/WFX_ExplosiveSmokeGround.prefab using Guid(93485fd5fc2ccf2439cb3239186f6382) Importer(2089858483,b0f066a214c2f5e87bad3c948f4d605d) (ScriptedImporter) -> (Import Result ID: 'e226b415f2ec7f064e1117ce5ed9edc3') in 0.0346759 seconds [static and dynamic dependencies]. Details - ImportResultOutputID=f53989e43563b022bb4d645860ab96bd DependenciesID=00bfc64c4d970b50177f68273273fd6c StaticDependenciesID=c8bec14a62f207d5e73bea2b03d68876 
Number of updated asset objects reloaded before import = 0Number of asset objects unloaded after import = 31

========================================================================
Received Import Request.
  Time since last request: 0.000033 seconds.
  path: Assets/JMO Assets/WarFX/Desktop/Materials/MuzzleFlashes/WFX_M_MF Sparks RIFLE2.mat
  importAddress: Guid(9baa6e6151fb8a142b545fafb52c362f) Importer(2089858483,b0f066a214c2f5e87bad3c948f4d605d)
Start importing Assets/JMO Assets/WarFX/Desktop/Materials/MuzzleFlashes/WFX_M_MF Sparks RIFLE2.mat using Guid(9baa6e6151fb8a142b545fafb52c362f) Importer(2089858483,b0f066a214c2f5e87bad3c948f4d605d) (ScriptedImporter) -> (Import Result ID: '05417c61bf5f88ccfae3a41ca9acc1b8') in 0.0154049 seconds [static and dynamic dependencies]. Details - ImportResultOutputID=521c0834ff021d605f5e81fd92b6269a DependenciesID=ef63ebcf1d22ed5b4f0c725407579a30 StaticDependenciesID=5ad4b156effeb484598e164a6e977125 
Number of updated asset objects reloaded before import = 0Number of asset objects unloaded after import = 3

========================================================================
Received Import Request.
  Time since last request: 0.000027 seconds.
  path: Assets/JMO Assets/WarFX/_Effects (Mobile)/Smoke/Color Variants
  importAddress: Guid(e34f20ff74f8b35439b37c33d0aae585) Importer(2089858483,b0f066a214c2f5e87bad3c948f4d605d)
Start importing Assets/JMO Assets/WarFX/_Effects (Mobile)/Smoke/Color Variants using Guid(e34f20ff74f8b35439b37c33d0aae585) Importer(2089858483,b0f066a214c2f5e87bad3c948f4d605d) (ScriptedImporter) -> (Import Result ID: '1ffa8e12c5a4fbee80ff2f0085f520e1') in 0.0135804 seconds [static and dynamic dependencies]. Details - ImportResultOutputID=5073e924fafa6cc8be31c4b16498d631 DependenciesID=fdad2a5350e3452242f51ccd4ae5697d StaticDependenciesID=8c7e30625e8ee6133f30016fad0f39cf 
Number of updated asset objects reloaded before import = 0Number of asset objects unloaded after import = 1

========================================================================
Received Import Request.
  Time since last request: 0.000034 seconds.
  path: Assets/JMO Assets/WarFX/_Effects/Fire/WFX_FlameThrower Big.prefab
  importAddress: Guid(e3b931080c9262e408c0378d77443cb7) Importer(2089858483,b0f066a214c2f5e87bad3c948f4d605d)
Start importing Assets/JMO Assets/WarFX/_Effects/Fire/WFX_FlameThrower Big.prefab using Guid(e3b931080c9262e408c0378d77443cb7) Importer(2089858483,b0f066a214c2f5e87bad3c948f4d605d) (ScriptedImporter) -> (Import Result ID: '159275bc480e66674170cf0009f4a277') in 0.0297702 seconds [static and dynamic dependencies]. Details - ImportResultOutputID=c3dd364cfe1d5280669aceb69066daba DependenciesID=a62db2a5dbe027a1200af41c476f9916 StaticDependenciesID=c1ca85483595c5fd3ef5f8465965023a 
Number of updated asset objects reloaded before import = 0Number of asset objects unloaded after import = 11

========================================================================
Received Import Request.
  Time since last request: 0.000028 seconds.
  path: Assets/JMO Assets/WarFX/Mobile/Materials/Misc/WFXM_M_GlowPalet Add.mat
  importAddress: Guid(2f247612a97dc9646b9624cf12731e38) Importer(2089858483,b0f066a214c2f5e87bad3c948f4d605d)
Start importing Assets/JMO Assets/WarFX/Mobile/Materials/Misc/WFXM_M_GlowPalet Add.mat using Guid(2f247612a97dc9646b9624cf12731e38) Importer(2089858483,b0f066a214c2f5e87bad3c948f4d605d) (ScriptedImporter) -> (Import Result ID: '6d6a806c20a41e06cdc94e042d138311') in 0.0155484 seconds [static and dynamic dependencies]. Details - ImportResultOutputID=a8956b12bbfabc33d31400079fd4dfc3 DependenciesID=8a361c4159e3ce404c0028fbeaed7fa5 StaticDependenciesID=c67f2bb8c6df94986fb35db7f7aa274e 
Number of updated asset objects reloaded before import = 0Number of asset objects unloaded after import = 3

========================================================================
Received Import Request.
  Time since last request: 0.000030 seconds.
  path: Assets/JMO Assets/Cartoon FX Easy Editor/Editor/CFXEasyEditor.cs
  importAddress: Guid(d56b3c7055d81cb44803b5d7db4b65e0) Importer(2089858483,b0f066a214c2f5e87bad3c948f4d605d)
Start importing Assets/JMO Assets/Cartoon FX Easy Editor/Editor/CFXEasyEditor.cs using Guid(d56b3c7055d81cb44803b5d7db4b65e0) Importer(2089858483,b0f066a214c2f5e87bad3c948f4d605d) (ScriptedImporter) -> (Import Result ID: 'ffba4b1789f7475f49221cfc68731361') in 0.0113097 seconds [static and dynamic dependencies]. Details - ImportResultOutputID=7d54fb447aaa3aa6b66d9414f3f527e7 DependenciesID=3628944981fb13df9072e7c70f7e44af StaticDependenciesID=1c39a68f227194f36f21168730bdc194 
Number of updated asset objects reloaded before import = 0Number of asset objects unloaded after import = 0

========================================================================
Received Import Request.
  Time since last request: 0.000027 seconds.
  path: Assets/JMO Assets/WarFX/_Effects/Fire/Black Smoke/WFX_Fire Natural Broad (Black Smoke).prefab
  importAddress: Guid(002c8e66c11fe4048a8c3a08b7f0fe74) Importer(2089858483,b0f066a214c2f5e87bad3c948f4d605d)
Start importing Assets/JMO Assets/WarFX/_Effects/Fire/Black Smoke/WFX_Fire Natural Broad (Black Smoke).prefab using Guid(002c8e66c11fe4048a8c3a08b7f0fe74) Importer(2089858483,b0f066a214c2f5e87bad3c948f4d605d) (ScriptedImporter) -> (Import Result ID: 'a473691d133a1b3f1e42d70338edce19') in 0.0300335 seconds [static and dynamic dependencies]. Details - ImportResultOutputID=22163ff8ec37c9dcde3b7725c2632263 DependenciesID=ac573a0c6b1ec1458e3054b281078b0d StaticDependenciesID=dd4a6fd29c25a3cfb9cc787c33579e95 
Number of updated asset objects reloaded before import = 0Number of asset objects unloaded after import = 15

========================================================================
Received Import Request.
  Time since last request: 0.000036 seconds.
  path: Assets/JMO Assets/WarFX/Desktop/Materials/MuzzleFlashes/WFX_M_MF FrontRear RIFLE1.mat
  importAddress: Guid(f75cfa7d313f4ca4a9a0367922a04e8b) Importer(2089858483,b0f066a214c2f5e87bad3c948f4d605d)
Start importing Assets/JMO Assets/WarFX/Desktop/Materials/MuzzleFlashes/WFX_M_MF FrontRear RIFLE1.mat using Guid(f75cfa7d313f4ca4a9a0367922a04e8b) Importer(2089858483,b0f066a214c2f5e87bad3c948f4d605d) (ScriptedImporter) -> (Import Result ID: '324d21e28881a768451c945b38d53f3e') in 0.0153862 seconds [static and dynamic dependencies]. Details - ImportResultOutputID=ffdff520ec88ba2fb7c274af31557dad DependenciesID=b75b056cad8d78302813c30eb48727ff StaticDependenciesID=78dc836544d7893f00b393b5af434b6c 
Number of updated asset objects reloaded before import = 0Number of asset objects unloaded after import = 3

========================================================================
Received Import Request.
  Time since last request: 0.000035 seconds.
  path: Assets/JMO Assets/WarFX/Mobile/Materials/MuzzleFlashes/WFXM_M_MF Sparks RIFLE3.mat
  importAddress: Guid(e177f0751f2e83247a552614d8363cca) Importer(2089858483,b0f066a214c2f5e87bad3c948f4d605d)
Start importing Assets/JMO Assets/WarFX/Mobile/Materials/MuzzleFlashes/WFXM_M_MF Sparks RIFLE3.mat using Guid(e177f0751f2e83247a552614d8363cca) Importer(2089858483,b0f066a214c2f5e87bad3c948f4d605d) (ScriptedImporter) -> (Import Result ID: 'ce567e2652960373b246c0cc7a66e6d1') in 0.0170277 seconds [static and dynamic dependencies]. Details - ImportResultOutputID=63a405ff858f77d07de871383e4f78da DependenciesID=6949068b43339ddadd622720ef56db70 StaticDependenciesID=d9b49c0ecc7ff1ceaeaca66052aadb09 
Number of updated asset objects reloaded before import = 0Number of asset objects unloaded after import = 3

========================================================================
Received Import Request.
  Time since last request: 0.000025 seconds.
  path: Assets/JMO Assets/WarFX/Mobile/Textures/MuzzleFlashes/WFXM_T_MF Side RIFLE2 A8.png
  importAddress: Guid(c1f93861bd2b8a4498997334a868b1a5) Importer(2089858483,b0f066a214c2f5e87bad3c948f4d605d)
Start importing Assets/JMO Assets/WarFX/Mobile/Textures/MuzzleFlashes/WFXM_T_MF Side RIFLE2 A8.png using Guid(c1f93861bd2b8a4498997334a868b1a5) Importer(2089858483,b0f066a214c2f5e87bad3c948f4d605d) (ScriptedImporter) -> (Import Result ID: '7c3d8880c09ec76c5399a98be137b184') in 0.0219525 seconds [static and dynamic dependencies]. Details - ImportResultOutputID=29fe857a34e6fd2b0c438af7343fe91d DependenciesID=fb33b597cad3329d9034f10e895d97ee StaticDependenciesID=748018b130884ea868818f76d55a740d 
Number of updated asset objects reloaded before import = 0Number of asset objects unloaded after import = 1

========================================================================
Received Import Request.
  Time since last request: 0.000049 seconds.
  path: Assets/JMO Assets/WarFX/_Effects/Fire/Gray Smoke
  importAddress: Guid(466ff9af76410f145b239b80db5a98c0) Importer(2089858483,b0f066a214c2f5e87bad3c948f4d605d)
Start importing Assets/JMO Assets/WarFX/_Effects/Fire/Gray Smoke using Guid(466ff9af76410f145b239b80db5a98c0) Importer(2089858483,b0f066a214c2f5e87bad3c948f4d605d) (ScriptedImporter) -> (Import Result ID: '4396238bad819811246a4fc09cf46195') in 0.0142423 seconds [static and dynamic dependencies]. Details - ImportResultOutputID=43d430bdd7c1a2df596123011d42332c DependenciesID=cc0088f2b87653770ea085717611143a StaticDependenciesID=f6119441a827ee1d12cc9a06ae2e56ae 
Number of updated asset objects reloaded before import = 0Number of asset objects unloaded after import = 1

========================================================================
Received Import Request.
  Time since last request: 0.000033 seconds.
  path: Assets/JMO Assets/WarFX/_Effects (Mobile)/Explosions/WFXMR_Explosion LandMine.prefab
  importAddress: Guid(872363974360b1540b92d8d9e0453afa) Importer(2089858483,b0f066a214c2f5e87bad3c948f4d605d)
Start importing Assets/JMO Assets/WarFX/_Effects (Mobile)/Explosions/WFXMR_Explosion LandMine.prefab using Guid(872363974360b1540b92d8d9e0453afa) Importer(2089858483,b0f066a214c2f5e87bad3c948f4d605d) (ScriptedImporter) -> (Import Result ID: '3e89a2a0513cf3d9cce4fbd01beeba90') in 0.0312737 seconds [static and dynamic dependencies]. Details - ImportResultOutputID=41b8da37ec5cdb711406ad4ee58a332c DependenciesID=e2b9907cd48b1726b24a42f22cada9e3 StaticDependenciesID=657b3a8c62e4759eaf6089aaa6c94e27 
Number of updated asset objects reloaded before import = 0Number of asset objects unloaded after import = 35

========================================================================
Received Import Request.
  Time since last request: 0.000027 seconds.
  path: Assets/JMO Assets/WarFX/_Effects (Mobile)/Bullet Impacts/+ Bullet Hole/Unlit/WFXMR_BImpact Wood + Hole Unlit.prefab
  importAddress: Guid(33eec706dfcaa3146b43f2b99b1e59a0) Importer(2089858483,b0f066a214c2f5e87bad3c948f4d605d)
Start importing Assets/JMO Assets/WarFX/_Effects (Mobile)/Bullet Impacts/+ Bullet Hole/Unlit/WFXMR_BImpact Wood + Hole Unlit.prefab using Guid(33eec706dfcaa3146b43f2b99b1e59a0) Importer(2089858483,b0f066a214c2f5e87bad3c948f4d605d) (ScriptedImporter) -> (Import Result ID: 'ed0f17cf2fc8fdc7878f01c80ef7521c') in 0.0316758 seconds [static and dynamic dependencies]. Details - ImportResultOutputID=5c33fa45adc09383b227cf8589c02048 DependenciesID=0b5996c741b7b87c2a0d5d1a8a361b1d StaticDependenciesID=a12ec28e6c602f2313af45033ee88e55 
Number of updated asset objects reloaded before import = 0Number of asset objects unloaded after import = 21

========================================================================
Received Import Request.
  Time since last request: 0.000025 seconds.
  path: Assets/JMO Assets/WarFX/_Effects/Explosions/WFX_Explosion.prefab
  importAddress: Guid(b46890100828db6429ff69c322b45893) Importer(2089858483,b0f066a214c2f5e87bad3c948f4d605d)
Start importing Assets/JMO Assets/WarFX/_Effects/Explosions/WFX_Explosion.prefab using Guid(b46890100828db6429ff69c322b45893) Importer(2089858483,b0f066a214c2f5e87bad3c948f4d605d) (ScriptedImporter) -> (Import Result ID: 'a73cfa8584dcda3f0e621bf7f253b006') in 0.0331637 seconds [static and dynamic dependencies]. Details - ImportResultOutputID=3234e7604a399ca82a4de6f291e0ddda DependenciesID=05979f23ec07dc9f2ccb69b827a6fdb2 StaticDependenciesID=bf5a07248974ff32c1891aeda48550b1 
Number of updated asset objects reloaded before import = 0Number of asset objects unloaded after import = 39

========================================================================
Received Import Request.
  Time since last request: 0.000025 seconds.
  path: Assets/JMO Assets/WarFX/Desktop/Materials/Bullet Holes/WFX_BulletHole Metal.mat
  importAddress: Guid(042184d6004731842a52c613f8df564d) Importer(2089858483,b0f066a214c2f5e87bad3c948f4d605d)
Start importing Assets/JMO Assets/WarFX/Desktop/Materials/Bullet Holes/WFX_BulletHole Metal.mat using Guid(042184d6004731842a52c613f8df564d) Importer(2089858483,b0f066a214c2f5e87bad3c948f4d605d) (ScriptedImporter) -> (Import Result ID: 'ae114259eb12fa60009e2cb0c2f237ba') in 0.0156367 seconds [static and dynamic dependencies]. Details - ImportResultOutputID=19e8d47f3cdeb281a5c03fb79c352128 DependenciesID=a14065ca2895a125527c26d433fea37a StaticDependenciesID=8eefd2a3e51f9fcd00457f0e1e2668d1 
Number of updated asset objects reloaded before import = 0Number of asset objects unloaded after import = 3

========================================================================
Received Import Request.
  Time since last request: 0.000034 seconds.
  path: Assets/JMO Assets/WarFX/Shaders/WFX_S Multiply Soft.shader
  importAddress: Guid(60ec2dfa19167834fbf25b2bced33360) Importer(2089858483,b0f066a214c2f5e87bad3c948f4d605d)
Start importing Assets/JMO Assets/WarFX/Shaders/WFX_S Multiply Soft.shader using Guid(60ec2dfa19167834fbf25b2bced33360) Importer(2089858483,b0f066a214c2f5e87bad3c948f4d605d) (ScriptedImporter) -> (Import Result ID: 'd4e4dff1ea0b72da1562b974c03b0f34') in 0.014903 seconds [static and dynamic dependencies]. Details - ImportResultOutputID=37ddf1d22348cc3333dc9af9880ce639 DependenciesID=6dd100d8c0f825ecd8cc52a00c3a775d StaticDependenciesID=1e14113ffb2116767da4d0b77260c7c1 
Number of updated asset objects reloaded before import = 0Number of asset objects unloaded after import = 1

========================================================================
Received Import Request.
  Time since last request: 0.000026 seconds.
  path: Assets/JMO Assets/WarFX/_Effects (Mobile)/Explosions/WFXMR_Explosion Simple.prefab
  importAddress: Guid(8f611da60097c85438a2947021f045cf) Importer(2089858483,b0f066a214c2f5e87bad3c948f4d605d)
Start importing Assets/JMO Assets/WarFX/_Effects (Mobile)/Explosions/WFXMR_Explosion Simple.prefab using Guid(8f611da60097c85438a2947021f045cf) Importer(2089858483,b0f066a214c2f5e87bad3c948f4d605d) (ScriptedImporter) -> (Import Result ID: '4f23fd26bb58950f47d26a72524ddf4f') in 0.0323315 seconds [static and dynamic dependencies]. Details - ImportResultOutputID=3117a505fee2380d3b006b17d62296d2 DependenciesID=098af76e910b4986a23c92ad5651aea9 StaticDependenciesID=11d2dc713cfeb940f7d57699e3473e1c 
Number of updated asset objects reloaded before import = 0Number of asset objects unloaded after import = 27

========================================================================
Received Import Request.
  Time since last request: 0.000024 seconds.
  path: Assets/JMO Assets/WarFX/_Effects/Fire/WFX_FlameThrower Big Alt.prefab
  importAddress: Guid(aedd4bb62ac8dfd48ae575c52e6e4267) Importer(2089858483,b0f066a214c2f5e87bad3c948f4d605d)
Start importing Assets/JMO Assets/WarFX/_Effects/Fire/WFX_FlameThrower Big Alt.prefab using Guid(aedd4bb62ac8dfd48ae575c52e6e4267) Importer(2089858483,b0f066a214c2f5e87bad3c948f4d605d) (ScriptedImporter) -> (Import Result ID: '20e08af6a53bacc4f2cd86231f04ac7f') in 0.0324454 seconds [static and dynamic dependencies]. Details - ImportResultOutputID=6fae8df355502c429b5439cbe58485f5 DependenciesID=1574993cdc018f46945db591e81fc6a6 StaticDependenciesID=f261b080de1af8b6bddc020a67e7d74f 
Number of updated asset objects reloaded before import = 0Number of asset objects unloaded after import = 15

========================================================================
Received Import Request.
  Time since last request: 0.000030 seconds.
  path: Assets/JMO Assets/WarFX/_Effects/Explosions/WFX_Nuke.prefab
  importAddress: Guid(6ecf76dc4f268d340b2666896a954bcc) Importer(2089858483,b0f066a214c2f5e87bad3c948f4d605d)
Start importing Assets/JMO Assets/WarFX/_Effects/Explosions/WFX_Nuke.prefab using Guid(6ecf76dc4f268d340b2666896a954bcc) Importer(2089858483,b0f066a214c2f5e87bad3c948f4d605d) (ScriptedImporter) -> (Import Result ID: '1426e34849cf2562a35c50ce7cf7a16f') in 0.0369019 seconds [static and dynamic dependencies]. Details - ImportResultOutputID=5ff32a08bf57196ee952257e0205219c DependenciesID=37012de10682c8e2c11dc4d8e3467b2a StaticDependenciesID=6882c152c513269d9f5ee98af1711115 
Number of updated asset objects reloaded before import = 0Number of asset objects unloaded after import = 31

========================================================================
Received Import Request.
  Time since last request: 0.000036 seconds.
  path: Assets/JMO Assets/WarFX/Mobile/Textures/Flames/WFXM_T_FlamesBig.tga
  importAddress: Guid(c75eb77b7d09e4e42a99f9adf75e32cb) Importer(2089858483,b0f066a214c2f5e87bad3c948f4d605d)
Start importing Assets/JMO Assets/WarFX/Mobile/Textures/Flames/WFXM_T_FlamesBig.tga using Guid(c75eb77b7d09e4e42a99f9adf75e32cb) Importer(2089858483,b0f066a214c2f5e87bad3c948f4d605d) (ScriptedImporter) -> (Import Result ID: '4133585b95050d3746142389fbeacc25') in 0.020154 seconds [static and dynamic dependencies]. Details - ImportResultOutputID=4eb69a7d38a0e8befd134d92f4faef8c DependenciesID=53a9286a1b5e5c7d564050310255af2c StaticDependenciesID=299b0d493c416c66ed9a2b71bb24145c 
Number of updated asset objects reloaded before import = 0Number of asset objects unloaded after import = 1

========================================================================
Received Import Request.
  Time since last request: 0.000024 seconds.
  path: Assets/JMO Assets/WarFX/_Effects/Bullet Impacts/+ Bullet Hole/WFX_BImpact Dirt + Hole.prefab
  importAddress: Guid(2f9348d6583cde14eb0d82bb9732647e) Importer(2089858483,b0f066a214c2f5e87bad3c948f4d605d)
Start importing Assets/JMO Assets/WarFX/_Effects/Bullet Impacts/+ Bullet Hole/WFX_BImpact Dirt + Hole.prefab using Guid(2f9348d6583cde14eb0d82bb9732647e) Importer(2089858483,b0f066a214c2f5e87bad3c948f4d605d) (ScriptedImporter) -> (Import Result ID: '8320c5e308ea2fdddf998403070ed807') in 0.0272003 seconds [static and dynamic dependencies]. Details - ImportResultOutputID=f3234370bc3cad29963892a34b5b9666 DependenciesID=0c19765c62bad89833346c94a607b48c StaticDependenciesID=763e118131571635e0d4eb1ab93163dc 
Number of updated asset objects reloaded before import = 0Number of asset objects unloaded after import = 21

========================================================================
Received Import Request.
  Time since last request: 0.000024 seconds.
  path: Assets/JMO Assets/WarFX/_Effects (Mobile)/Fire/No Smoke
  importAddress: Guid(c01b147c9d89f6a43868b328d0d8245d) Importer(2089858483,b0f066a214c2f5e87bad3c948f4d605d)
Start importing Assets/JMO Assets/WarFX/_Effects (Mobile)/Fire/No Smoke using Guid(c01b147c9d89f6a43868b328d0d8245d) Importer(2089858483,b0f066a214c2f5e87bad3c948f4d605d) (ScriptedImporter) -> (Import Result ID: 'cb8ac5319b4996b80e41eaa655d4a40e') in 0.011298 seconds [static and dynamic dependencies]. Details - ImportResultOutputID=2ed7c212ae6dbfa94f234799d411ea86 DependenciesID=c764212e4a4f2b56dfeffc66a46fe396 StaticDependenciesID=a95c6cbaef8aef7d54a29e9d1f75576a 
Number of updated asset objects reloaded before import = 0Number of asset objects unloaded after import = 1

========================================================================
Received Import Request.
  Time since last request: 0.000029 seconds.
  path: Assets/JMO Assets/WarFX/Demo/Assets/WFX_Demo_M_M4.mat
  importAddress: Guid(59a86acc489cd454cbc07c4848d68ef3) Importer(2089858483,b0f066a214c2f5e87bad3c948f4d605d)
Start importing Assets/JMO Assets/WarFX/Demo/Assets/WFX_Demo_M_M4.mat using Guid(59a86acc489cd454cbc07c4848d68ef3) Importer(2089858483,b0f066a214c2f5e87bad3c948f4d605d) (ScriptedImporter) -> (Import Result ID: '5fa875e0801202a49d9e624c2e891e5e') in 0.0168171 seconds [static and dynamic dependencies]. Details - ImportResultOutputID=b7290043147fa988d4ee4da80b390160 DependenciesID=3cc007ac0cf8c041bb0a35c6b0152576 StaticDependenciesID=ea3474a300b5edcf63bf65cadbbcbdea 
Number of updated asset objects reloaded before import = 0Number of asset objects unloaded after import = 3

========================================================================
Received Import Request.
  Time since last request: 0.000063 seconds.
  path: Assets/JMO Assets/WarFX/Mobile/Materials/Misc/WFXM_M_SmallDotsInv Mult.mat
  importAddress: Guid(afc088e5b35f1fe409dc180d1424ea1e) Importer(2089858483,b0f066a214c2f5e87bad3c948f4d605d)
Start importing Assets/JMO Assets/WarFX/Mobile/Materials/Misc/WFXM_M_SmallDotsInv Mult.mat using Guid(afc088e5b35f1fe409dc180d1424ea1e) Importer(2089858483,b0f066a214c2f5e87bad3c948f4d605d) (ScriptedImporter) -> (Import Result ID: 'f9a919fff659cf079d935174b6282be7') in 0.0161271 seconds [static and dynamic dependencies]. Details - ImportResultOutputID=ab83a09c77495228ffe3eccaac61fead DependenciesID=6b45dd4df5408a2844dcc417ff3d20e0 StaticDependenciesID=6869c708a4543141cd6defac1adb6364 
Number of updated asset objects reloaded before import = 0Number of asset objects unloaded after import = 3

========================================================================
Received Import Request.
  Time since last request: 0.000062 seconds.
  path: Assets/JMO Assets/WarFX/_Effects/Fire/No Smoke/WFX_Fire Natural Broad (No Smoke).prefab
  importAddress: Guid(cfa5cd38b0eeb5d45aafdbe57871168c) Importer(2089858483,b0f066a214c2f5e87bad3c948f4d605d)
Start importing Assets/JMO Assets/WarFX/_Effects/Fire/No Smoke/WFX_Fire Natural Broad (No Smoke).prefab using Guid(cfa5cd38b0eeb5d45aafdbe57871168c) Importer(2089858483,b0f066a214c2f5e87bad3c948f4d605d) (ScriptedImporter) -> (Import Result ID: '6fca736f4b06f509089082638d12c14e') in 0.032069 seconds [static and dynamic dependencies]. Details - ImportResultOutputID=0f65159762a260fba52bc073e346c730 DependenciesID=65432ab0693c6937c4f22a1094ef1442 StaticDependenciesID=110c51d91f868f12af60baf13761e9ab 
Number of updated asset objects reloaded before import = 0Number of asset objects unloaded after import = 11

========================================================================
Received Import Request.
  Time since last request: 0.000024 seconds.
  path: Assets/JMO Assets/WarFX/_Effects (Mobile)/Fire/Gray Smoke/WFXMR_Fire Natural Broad (Gray Smoke).prefab
  importAddress: Guid(6653f15cda5958544adcee9813458b88) Importer(2089858483,b0f066a214c2f5e87bad3c948f4d605d)
Start importing Assets/JMO Assets/WarFX/_Effects (Mobile)/Fire/Gray Smoke/WFXMR_Fire Natural Broad (Gray Smoke).prefab using Guid(6653f15cda5958544adcee9813458b88) Importer(2089858483,b0f066a214c2f5e87bad3c948f4d605d) (ScriptedImporter) -> (Import Result ID: '0b867d9267afef3b6dd68c74a4ffa67f') in 0.0308989 seconds [static and dynamic dependencies]. Details - ImportResultOutputID=1839df5f0abaf93fc3526b08c3985945 DependenciesID=f4cf140b3cf6ecb39fd432e0e4a2f62a StaticDependenciesID=4212fc7d1eeecb7533195a26525db809 
Number of updated asset objects reloaded before import = 0Number of asset objects unloaded after import = 15

========================================================================
Received Import Request.
  Time since last request: 0.000036 seconds.
  path: Assets/JMO Assets/WarFX/_Effects/Smoke/WFX_SmokeGrenade Additive.prefab
  importAddress: Guid(4ecfa3d3919108f4fbff80d1c4d920a1) Importer(2089858483,b0f066a214c2f5e87bad3c948f4d605d)
Start importing Assets/JMO Assets/WarFX/_Effects/Smoke/WFX_SmokeGrenade Additive.prefab using Guid(4ecfa3d3919108f4fbff80d1c4d920a1) Importer(2089858483,b0f066a214c2f5e87bad3c948f4d605d) (ScriptedImporter) -> (Import Result ID: '43f242e2bd17ef730663999cb4798155') in 0.0351372 seconds [static and dynamic dependencies]. Details - ImportResultOutputID=a6d40f4697b2841c7f80d3e8939cdeef DependenciesID=827b79dbb239d15a7334deb6bc4ff21d StaticDependenciesID=3272640536ea7aec7e98830a163983e1 
Number of updated asset objects reloaded before import = 0Number of asset objects unloaded after import = 11

========================================================================
Received Import Request.
  Time since last request: 0.000038 seconds.
  path: Assets/JMO Assets/WarFX/_Effects (Mobile)/MuzzleFlashes/Sprites
  importAddress: Guid(774ba9c6a94829b4aa13d36297e5ab8d) Importer(2089858483,b0f066a214c2f5e87bad3c948f4d605d)
Start importing Assets/JMO Assets/WarFX/_Effects (Mobile)/MuzzleFlashes/Sprites using Guid(774ba9c6a94829b4aa13d36297e5ab8d) Importer(2089858483,b0f066a214c2f5e87bad3c948f4d605d) (ScriptedImporter) -> (Import Result ID: 'c0fe8ba94d0737ad13a8eadbb07e29ea') in 0.0126767 seconds [static and dynamic dependencies]. Details - ImportResultOutputID=c6c7674920d26c528aca09485bdb011a DependenciesID=b1a952f800191d85fd9038a675274a31 StaticDependenciesID=0b0efa2881a6816efc8ed889e3010810 
Number of updated asset objects reloaded before import = 0Number of asset objects unloaded after import = 1

========================================================================
Received Import Request.
  Time since last request: 0.000023 seconds.
  path: Assets/JMO Assets/WarFX/Mobile/Materials/Smoke
  importAddress: Guid(910c36fb3e330d74ab4187f848a92ad1) Importer(2089858483,b0f066a214c2f5e87bad3c948f4d605d)
Start importing Assets/JMO Assets/WarFX/Mobile/Materials/Smoke using Guid(910c36fb3e330d74ab4187f848a92ad1) Importer(2089858483,b0f066a214c2f5e87bad3c948f4d605d) (ScriptedImporter) -> (Import Result ID: '75c1915824cf46c9ec6dd7396c6812b6') in 0.013825 seconds [static and dynamic dependencies]. Details - ImportResultOutputID=8b1dd9477827d5e4517f52c6bd1d45de DependenciesID=4de44f61cc84182f9946793b05e436ef StaticDependenciesID=512a603937634cb213f171e1553df843 
Number of updated asset objects reloaded before import = 0Number of asset objects unloaded after import = 1

========================================================================
Received Import Request.
  Time since last request: 0.000024 seconds.
  path: Assets/JMO Assets/WarFX/Mobile/Textures/Smoke
  importAddress: Guid(c1f67eed32284fe46968303720ea9049) Importer(2089858483,b0f066a214c2f5e87bad3c948f4d605d)
Start importing Assets/JMO Assets/WarFX/Mobile/Textures/Smoke using Guid(c1f67eed32284fe46968303720ea9049) Importer(2089858483,b0f066a214c2f5e87bad3c948f4d605d) (ScriptedImporter) -> (Import Result ID: '4ba3ccd25e4e04befc0ab6dd0e476486') in 0.0136131 seconds [static and dynamic dependencies]. Details - ImportResultOutputID=a2adea483c382fd46b9bf6d109d08e78 DependenciesID=b269bc2750da0853d98d50cde6e37b88 StaticDependenciesID=b021c46b86cbae793807ab9363a3e72c 
Number of updated asset objects reloaded before import = 0Number of asset objects unloaded after import = 1

========================================================================
Received Import Request.
  Time since last request: 0.000026 seconds.
  path: Assets/JMO Assets/WarFX/Demo/UI Canvas/CFX Demo Btn Arrow R.png
  importAddress: Guid(3783f195e2c8dc84cb1461fbe881e9cb) Importer(2089858483,b0f066a214c2f5e87bad3c948f4d605d)
Start importing Assets/JMO Assets/WarFX/Demo/UI Canvas/CFX Demo Btn Arrow R.png using Guid(3783f195e2c8dc84cb1461fbe881e9cb) Importer(2089858483,b0f066a214c2f5e87bad3c948f4d605d) (ScriptedImporter) -> (Import Result ID: '08de97bf1206010814bc867f908a821b') in 0.0176419 seconds [static and dynamic dependencies]. Details - ImportResultOutputID=57cd0114106701550c9ba7b89c86c2f5 DependenciesID=ca1c87a1474dbff7ba4c74c3591765fb StaticDependenciesID=ae0b1f2896002c28e4c0c8e7057dcacc 
Number of updated asset objects reloaded before import = 0Number of asset objects unloaded after import = 3

========================================================================
Received Import Request.
  Time since last request: 0.000023 seconds.
  path: Assets/JMO Assets/WarFX/_Effects (Mobile)/Fire/Gray Smoke/WFXMR_Fire Natural Circle (Gray Smoke).prefab
  importAddress: Guid(c48f33b59c53b3b40bafa4a218e28aaf) Importer(2089858483,b0f066a214c2f5e87bad3c948f4d605d)
Start importing Assets/JMO Assets/WarFX/_Effects (Mobile)/Fire/Gray Smoke/WFXMR_Fire Natural Circle (Gray Smoke).prefab using Guid(c48f33b59c53b3b40bafa4a218e28aaf) Importer(2089858483,b0f066a214c2f5e87bad3c948f4d605d) (ScriptedImporter) -> (Import Result ID: 'ee8c588cf5977c15774f069301b953e0') in 0.0320409 seconds [static and dynamic dependencies]. Details - ImportResultOutputID=525380963b41f3ac8821c7a2b264cd50 DependenciesID=627d96a65bce45d1ae1969b7aeb55bc5 StaticDependenciesID=0657f29fd6f7ca3d68aa14bbcca40537 
Number of updated asset objects reloaded before import = 0Number of asset objects unloaded after import = 15

========================================================================
Received Import Request.
  Time since last request: 0.000036 seconds.
  path: Assets/JMO Assets/WarFX/Desktop/Textures/MuzzleFlashes/WFX_T_MF FrontRear RIFLE2 A8.png
  importAddress: Guid(59c69318c9a78bf45b43a128a860c97b) Importer(2089858483,b0f066a214c2f5e87bad3c948f4d605d)
Start importing Assets/JMO Assets/WarFX/Desktop/Textures/MuzzleFlashes/WFX_T_MF FrontRear RIFLE2 A8.png using Guid(59c69318c9a78bf45b43a128a860c97b) Importer(2089858483,b0f066a214c2f5e87bad3c948f4d605d) (ScriptedImporter) -> (Import Result ID: '89876656dcd899e75bcd9fc7facbdd3e') in 0.015059 seconds [static and dynamic dependencies]. Details - ImportResultOutputID=e2ec53b56d02ca10c0ac76162290c65c DependenciesID=833b7c2d385538d27b8b6d53087d1f48 StaticDependenciesID=496b5c19b619fb654ca5381e898d91d7 
Number of updated asset objects reloaded before import = 0Number of asset objects unloaded after import = 1

========================================================================
Received Import Request.
  Time since last request: 0.000028 seconds.
  path: Assets/JMO Assets/WarFX/Shaders/WFX_S AlphaBlend NoSoftParticles.shader
  importAddress: Guid(1f056903eb75cee4591fce095534ce2e) Importer(2089858483,b0f066a214c2f5e87bad3c948f4d605d)
Start importing Assets/JMO Assets/WarFX/Shaders/WFX_S AlphaBlend NoSoftParticles.shader using Guid(1f056903eb75cee4591fce095534ce2e) Importer(2089858483,b0f066a214c2f5e87bad3c948f4d605d) (ScriptedImporter) -> (Import Result ID: '23cfde44626b38ed284ca453554ab0a2') in 0.0124562 seconds [static and dynamic dependencies]. Details - ImportResultOutputID=04a14408b92ba80247522abf0add0dd5 DependenciesID=5c2c386e34f8ebd7a5f955f29cec306c StaticDependenciesID=d9d15a593c5da8f5b86f96c2b0163ea8 
Number of updated asset objects reloaded before import = 0Number of asset objects unloaded after import = 1

========================================================================
Received Import Request.
  Time since last request: 0.000026 seconds.
  path: Assets/JMO Assets/WarFX/Demo/UI Canvas
  importAddress: Guid(e9d55d43b1e68cc40a16c4de3455b729) Importer(2089858483,b0f066a214c2f5e87bad3c948f4d605d)
Start importing Assets/JMO Assets/WarFX/Demo/UI Canvas using Guid(e9d55d43b1e68cc40a16c4de3455b729) Importer(2089858483,b0f066a214c2f5e87bad3c948f4d605d) (ScriptedImporter) -> (Import Result ID: '8bad72a0d56a90ec31babbaf7fa3899c') in 0.012006 seconds [static and dynamic dependencies]. Details - ImportResultOutputID=0dcea9bc1f2a3e88b0204521eac12c58 DependenciesID=ea3c58f50ca13b28b74f41de009e4dbe StaticDependenciesID=b7ed6fabcdb445ea16433859eea1ac0a 
Number of updated asset objects reloaded before import = 0Number of asset objects unloaded after import = 1

========================================================================
Received Import Request.
  Time since last request: 0.000023 seconds.
  path: Assets/JMO Assets/WarFX/_Effects (Mobile)/Fire/Gray Smoke/WFXMR_Fire Natural (Gray Smoke).prefab
  importAddress: Guid(70f4ae7b25c458e45a1f83a9bbf8f2d9) Importer(2089858483,b0f066a214c2f5e87bad3c948f4d605d)
Start importing Assets/JMO Assets/WarFX/_Effects (Mobile)/Fire/Gray Smoke/WFXMR_Fire Natural (Gray Smoke).prefab using Guid(70f4ae7b25c458e45a1f83a9bbf8f2d9) Importer(2089858483,b0f066a214c2f5e87bad3c948f4d605d) (ScriptedImporter) -> (Import Result ID: '110af2b623afe49a9d18cc140e17b69f') in 0.0305026 seconds [static and dynamic dependencies]. Details - ImportResultOutputID=8b60f889fe0947189de5b36dc8825129 DependenciesID=f7a76214e86b65f20d7e5d6b839f0d72 StaticDependenciesID=f9b282582a6bb4b89c8175f1924abc5e 
Number of updated asset objects reloaded before import = 0Number of asset objects unloaded after import = 15

========================================================================
Received Import Request.
  Time since last request: 0.000033 seconds.
  path: Assets/JMO Assets/WarFX/_Effects/Fire/WFX_FlameThrower Looped.prefab
  importAddress: Guid(21f6aea0c9b788c4b9b6275efc33d0f9) Importer(2089858483,b0f066a214c2f5e87bad3c948f4d605d)
Start importing Assets/JMO Assets/WarFX/_Effects/Fire/WFX_FlameThrower Looped.prefab using Guid(21f6aea0c9b788c4b9b6275efc33d0f9) Importer(2089858483,b0f066a214c2f5e87bad3c948f4d605d) (ScriptedImporter) -> (Import Result ID: 'd233896a5c2b971a08e9439930fbc11c') in 0.028919 seconds [static and dynamic dependencies]. Details - ImportResultOutputID=1ac9f7829d7ad8e11cf9ccb3d94c698d DependenciesID=46e5d9edbc44b237cccc4e9d537f2572 StaticDependenciesID=48e59045b45d1f160cce5c599e167bd3 
Number of updated asset objects reloaded before import = 0Number of asset objects unloaded after import = 11

========================================================================
Received Import Request.
  Time since last request: 0.000050 seconds.
  path: Assets/JMO Assets/WarFX/Mobile/Textures/Flames/WFXM_T_FlameThrower Stream.tga
  importAddress: Guid(2d79bd5c0ba916f4eaef7a2026471516) Importer(2089858483,b0f066a214c2f5e87bad3c948f4d605d)
Start importing Assets/JMO Assets/WarFX/Mobile/Textures/Flames/WFXM_T_FlameThrower Stream.tga using Guid(2d79bd5c0ba916f4eaef7a2026471516) Importer(2089858483,b0f066a214c2f5e87bad3c948f4d605d) (ScriptedImporter) -> (Import Result ID: '2eaa1119f31d30bc22a5402ca6ad0bae') in 0.0176282 seconds [static and dynamic dependencies]. Details - ImportResultOutputID=a1cc586a92853cd9c3ace0ffaf1bc0b8 DependenciesID=d6736f260a035db06c7642093aa85b69 StaticDependenciesID=c21c73ad05e3ee294d2dcee99519904e 
Number of updated asset objects reloaded before import = 0Number of asset objects unloaded after import = 1

========================================================================
Received Import Request.
  Time since last request: 0.000024 seconds.
  path: Assets/JMO Assets/WarFX/Mesh/CirclePlane12v.FBX
  importAddress: Guid(3d152f67f64ca4e4a8b6fd7697f7bf25) Importer(2089858483,b0f066a214c2f5e87bad3c948f4d605d)
Start importing Assets/JMO Assets/WarFX/Mesh/CirclePlane12v.FBX using Guid(3d152f67f64ca4e4a8b6fd7697f7bf25) Importer(2089858483,b0f066a214c2f5e87bad3c948f4d605d) (ScriptedImporter) -> (Import Result ID: 'a5061e67d970cfa35a865f5881f21811') in 0.0195777 seconds [static and dynamic dependencies]. Details - ImportResultOutputID=a8446f531d21517a04a7e668b37a9c34 DependenciesID=b37979b81bbaf1f4a6de8568272bee33 StaticDependenciesID=4eb152474b959b7f4ee2b7b62b3fe574 
Number of updated asset objects reloaded before import = 0Number of asset objects unloaded after import = 8

========================================================================
Received Import Request.
  Time since last request: 0.000027 seconds.
  path: Assets/JMO Assets/WarFX/Demo/Assets/WFX_Demo_M_Checker Wall.mat
  importAddress: Guid(af09f8959d2e3e5409129ec9ec5ab06e) Importer(2089858483,b0f066a214c2f5e87bad3c948f4d605d)
Start importing Assets/JMO Assets/WarFX/Demo/Assets/WFX_Demo_M_Checker Wall.mat using Guid(af09f8959d2e3e5409129ec9ec5ab06e) Importer(2089858483,b0f066a214c2f5e87bad3c948f4d605d) (ScriptedImporter) -> (Import Result ID: 'f3df06f708659d87e2420fda0461d90c') in 0.015739 seconds [static and dynamic dependencies]. Details - ImportResultOutputID=5e67a5e838462cf5067037c17df4996e DependenciesID=62348654851f5fc0b2708e7f1257ba59 StaticDependenciesID=82119528e88fd29f4fdeb3f63cc2a5c0 
Number of updated asset objects reloaded before import = 0Number of asset objects unloaded after import = 2

========================================================================
Received Import Request.
  Time since last request: 7.594761 seconds.
  path: Assets/JMO Assets/WarFX/Demo/Assets/WFX_Demo.cs
  importAddress: Guid(f29cbe1088b10084fb12c7ba8a19f151) Importer(815301076,1909f56bfc062723c751e8b465ee728b)
Start importing Assets/JMO Assets/WarFX/Demo/Assets/WFX_Demo.cs using Guid(f29cbe1088b10084fb12c7ba8a19f151) Importer(815301076,1909f56bfc062723c751e8b465ee728b) (PreviewImporter) -> (Import Result ID: 'cf77771b17a147473abb45223bde8a19') in 0.0010055 seconds [static and dynamic dependencies]. Details - ImportResultOutputID=b6fc6834ce68ae60270390255ae5d89b DependenciesID=7343a7f89105fb4e8aa315fe22866568 StaticDependenciesID=128e5be02c82a89d644d04fe99d1192a 
Number of updated asset objects reloaded before import = 0Number of asset objects unloaded after import = 0

========================================================================
Received Prepare
Refreshing native plugins compatible for Editor in 2.89 ms, found 4 plugins.
Unloading 36 Unused Serialized files (Serialized files now loaded: 0)
Unloading 8116 unused Assets / (7.2 MB). Loaded Objects now: 9106.
Memory consumption went from 188.0 MB to 180.8 MB.
Total: 18.429300 ms (FindLiveObjects: 1.111500 ms CreateObjectMapping: 0.527200 ms MarkObjects: 13.090100 ms  DeleteObjects: 3.698900 ms)

Prepare: number of updated asset objects reloaded= 0
========================================================================
Received Prepare
Begin MonoManager ReloadAssembly
[Licensing::Client] Successfully resolved entitlement details
[Licensing::Module] License group:
  Id: F4-ZF4W-JG7U-QS5D-T52E-XXXX
  Product: Unity Personal
  Type: ULF
  Expiration: Unlimited
[Licensing::Module] License group:
  Id: 4673487441905-UnityPersXXXX
  Product: Unity Personal
  Type: Assigned
  Expiration: Unlimited
Assembly Assembly-CSharp-Editor-firstpass.dll at Library/ScriptAssemblies/Assembly-CSharp-Editor-firstpass.dll not valid. Loading of assembly skipped.
Assembly Assembly-CSharp-firstpass.dll at Library/ScriptAssemblies/Assembly-CSharp-firstpass.dll not valid. Loading of assembly skipped.
Assembly DocCodeExamples.dll at Library/ScriptAssemblies/DocCodeExamples.dll not valid. Loading of assembly skipped.
Assembly TestNewCustomAssembly.dll at Library/ScriptAssemblies/TestNewCustomAssembly.dll not valid. Loading of assembly skipped.
Assembly Unity.2D.Sprite.Package.EditorTests.dll at Library/ScriptAssemblies/Unity.2D.Sprite.Package.EditorTests.dll not valid. Loading of assembly skipped.
Assembly Unity.Addressables.Editor.Tests.dll at Library/ScriptAssemblies/Unity.Addressables.Editor.Tests.dll not valid. Loading of assembly skipped.
Assembly Unity.Addressables.Runtime.Tests.dll at Library/ScriptAssemblies/Unity.Addressables.Runtime.Tests.dll not valid. Loading of assembly skipped.
Assembly Unity.Collections.BurstCompatibilityGen.dll at Library/ScriptAssemblies/Unity.Collections.BurstCompatibilityGen.dll not valid. Loading of assembly skipped.
Assembly Unity.Collections.DocCodeSamples.dll at Library/ScriptAssemblies/Unity.Collections.DocCodeSamples.dll not valid. Loading of assembly skipped.
Assembly Unity.Collections.PerformanceTests.dll at Library/ScriptAssemblies/Unity.Collections.PerformanceTests.dll not valid. Loading of assembly skipped.
Assembly Unity.Collections.Tests.dll at Library/ScriptAssemblies/Unity.Collections.Tests.dll not valid. Loading of assembly skipped.
Assembly Unity.Collections.Tests.Playmode.dll at Library/ScriptAssemblies/Unity.Collections.Tests.Playmode.dll not valid. Loading of assembly skipped.
Assembly Unity.InputSystem.IntegrationTests.dll at Library/ScriptAssemblies/Unity.InputSystem.IntegrationTests.dll not valid. Loading of assembly skipped.
Assembly Unity.Localization.DocCodeSamples.dll at Library/ScriptAssemblies/Unity.Localization.DocCodeSamples.dll not valid. Loading of assembly skipped.
Assembly Unity.Mathematics.Tests.dll at Library/ScriptAssemblies/Unity.Mathematics.Tests.dll not valid. Loading of assembly skipped.
Assembly Unity.Multiplayer.Center.Editor.Tests.dll at Library/ScriptAssemblies/Unity.Multiplayer.Center.Editor.Tests.dll not valid. Loading of assembly skipped.
Assembly Unity.Multiplayer.Center.Tests.dll at Library/ScriptAssemblies/Unity.Multiplayer.Center.Tests.dll not valid. Loading of assembly skipped.
Assembly Unity.Nuget.Mono-Cecil.dll at Library/ScriptAssemblies/Unity.Nuget.Mono-Cecil.dll not valid. Loading of assembly skipped.
Assembly Unity.PathTracing.Editor.Tests.dll at Library/ScriptAssemblies/Unity.PathTracing.Editor.Tests.dll not valid. Loading of assembly skipped.
Assembly Unity.PathTracing.Runtime.Tests.dll at Library/ScriptAssemblies/Unity.PathTracing.Runtime.Tests.dll not valid. Loading of assembly skipped.
Assembly Unity.RenderPipelines.Core.Editor.Tests.dll at Library/ScriptAssemblies/Unity.RenderPipelines.Core.Editor.Tests.dll not valid. Loading of assembly skipped.
Assembly Unity.RenderPipelines.Core.Runtime.Tests.dll at Library/ScriptAssemblies/Unity.RenderPipelines.Core.Runtime.Tests.dll not valid. Loading of assembly skipped.
Assembly Unity.RenderPipelines.Universal.Config.Editor.Tests.dll at Library/ScriptAssemblies/Unity.RenderPipelines.Universal.Config.Editor.Tests.dll not valid. Loading of assembly skipped.
Assembly Unity.RenderPipelines.Universal.Editor.Tests.dll at Library/ScriptAssemblies/Unity.RenderPipelines.Universal.Editor.Tests.dll not valid. Loading of assembly skipped.
Assembly Unity.RenderPipelines.Universal.Runtime.Tests.dll at Library/ScriptAssemblies/Unity.RenderPipelines.Universal.Runtime.Tests.dll not valid. Loading of assembly skipped.
Assembly Unity.ResourceManager.Tests.dll at Library/ScriptAssemblies/Unity.ResourceManager.Tests.dll not valid. Loading of assembly skipped.
Assembly Unity.ScriptableBuildPipeline.Editor.Tests.dll at Library/ScriptAssemblies/Unity.ScriptableBuildPipeline.Editor.Tests.dll not valid. Loading of assembly skipped.
Assembly Unity.ScriptableBuildPipeline.Tests.dll at Library/ScriptAssemblies/Unity.ScriptableBuildPipeline.Tests.dll not valid. Loading of assembly skipped.
Assembly Unity.ScriptableBuildPipelineTests.Runtime.Tests.dll at Library/ScriptAssemblies/Unity.ScriptableBuildPipelineTests.Runtime.Tests.dll not valid. Loading of assembly skipped.
Assembly Unity.Searcher.EditorTests.dll at Library/ScriptAssemblies/Unity.Searcher.EditorTests.dll not valid. Loading of assembly skipped.
Assembly Unity.Settings.Tests.dll at Library/ScriptAssemblies/Unity.Settings.Tests.dll not valid. Loading of assembly skipped.
Assembly Unity.ShaderGraph.Editor.Tests.dll at Library/ScriptAssemblies/Unity.ShaderGraph.Editor.Tests.dll not valid. Loading of assembly skipped.
Assembly Unity.TextMeshPro.Editor.Tests.dll at Library/ScriptAssemblies/Unity.TextMeshPro.Editor.Tests.dll not valid. Loading of assembly skipped.
Assembly Unity.TextMeshPro.Tests.dll at Library/ScriptAssemblies/Unity.TextMeshPro.Tests.dll not valid. Loading of assembly skipped.
Assembly Unity.UnifiedRayTracing.Editor.Tests.dll at Library/ScriptAssemblies/Unity.UnifiedRayTracing.Editor.Tests.dll not valid. Loading of assembly skipped.
Assembly UnityEditor.UI.Common.Tests.dll at Library/ScriptAssemblies/UnityEditor.UI.Common.Tests.dll not valid. Loading of assembly skipped.
Assembly UnityEditor.UI.EditorTests.dll at Library/ScriptAssemblies/UnityEditor.UI.EditorTests.dll not valid. Loading of assembly skipped.
Assembly UnityEngine.UI.Tests.dll at Library/ScriptAssemblies/UnityEngine.UI.Tests.dll not valid. Loading of assembly skipped.
Symbol file LoadedFromMemory is not a mono symbol file
Refreshing native plugins compatible for Editor in 2.54 ms, found 4 plugins.
Assertion failed on expression: 'pred(*previous, *i)'
Assertion failed on expression: 'pred(*previous, *i)'
Assertion failed on expression: 'pred(*previous, *i)'
Assertion failed on expression: 'pred(*previous, *i)'
Assertion failed on expression: 'pred(*previous, *i)'
Assertion failed on expression: 'pred(*previous, *i)'
Assertion failed on expression: 'pred(*previous, *i)'
Assertion failed on expression: 'pred(*previous, *i)'
Assertion failed on expression: 'pred(*previous, *i)'
Assertion failed on expression: 'pred(*previous, *i)'
Assertion failed on expression: 'pred(*previous, *i)'
Assertion failed on expression: 'pred(*previous, *i)'
Native extension for LinuxStandalone target not found
Native extension for iOS target not found
Native extension for Android target not found
Native extension for WindowsStandalone target not found
[Package Manager] Failed to launch server process. Reason: Unity was launched with the -noUpm command-line argument
[Package Manager] Unable to send message (not connected to server process).
[Package Manager] Cannot connect to Unity Package Manager local server
[Package Manager] Failed to launch server process. Reason: Unity was launched with the -noUpm command-line argument
[Package Manager] Unable to send message (not connected to server process).
[Package Manager] Cannot connect to Unity Package Manager local server
[MODES] ModeService[none].Initialize
[MODES] ModeService[none].LoadModes
ScheduleIndexationOnStartup MainProcess:False IndexOnStartup:True
Mono: successfully reloaded assembly
- Finished resetting the current domain, in  1.164 seconds
Domain Reload Profiling: 3358ms
	BeginReloadAssembly (637ms)
		DisableScriptedObjects (68ms)
		CreateAndSetChildDomain (165ms)
	RebuildCommonClasses (38ms)
	RebuildNativeTypeToScriptingClass (13ms)
	initialDomainReloadingComplete (84ms)
	LoadAllAssembliesAndSetupDomain (1421ms)
		LoadAssemblies (1239ms)
		AnalyzeDomain (395ms)
			TypeCache.Refresh (73ms)
			BuildScriptInfoCaches (297ms)
			ResolveRequiredComponents (13ms)
	FinalizeReload (1165ms)
		SetupLoadedEditorAssemblies (0ms)
			InitializePlatformSupportModulesInManaged (49ms)
			BeforeProcessingInitializeOnLoad (230ms)
			ProcessInitializeOnLoadAttributes (495ms)
			ProcessInitializeOnLoadMethodAttributes (107ms)
			AfterProcessingInitializeOnLoad (7ms)
		AwakeInstancesAfterBackupRestoration (16ms)
Refreshing native plugins compatible for Editor in 2.70 ms, found 4 plugins.
Unloading 36 Unused Serialized files (Serialized files now loaded: 0)
Unloading 8127 unused Assets / (6.8 MB). Loaded Objects now: 9033.
Memory consumption went from 192.9 MB to 186.1 MB.
Total: 11.151900 ms (FindLiveObjects: 1.996700 ms CreateObjectMapping: 0.680400 ms MarkObjects: 5.269900 ms  DeleteObjects: 3.203700 ms)

Prepare: number of updated asset objects reloaded= 0
========================================================================
Received Import Request.
  Time since last request: 310.203347 seconds.
  path: Assets/JMO Assets/WarFX/_Effects
  importAddress: Guid(71faefa77e7fc274fa230519616d3c3f) Importer(815301076,1909f56bfc062723c751e8b465ee728b)
Start importing Assets/JMO Assets/WarFX/_Effects using Guid(71faefa77e7fc274fa230519616d3c3f) Importer(815301076,1909f56bfc062723c751e8b465ee728b) (PreviewImporter) -> (Import Result ID: 'f01da7c37eee65273264af3418e1b7e8') in 0.0070563 seconds [static and dynamic dependencies]. Details - ImportResultOutputID=44fd8750156185854b1862cab8c868c1 DependenciesID=a554f834bbfd75eee261665ba4e978eb StaticDependenciesID=8e5a37e21509b8402a4fbe28c3947422 
Number of updated asset objects reloaded before import = 0Number of asset objects unloaded after import = 0

========================================================================
Received Import Request.
  Time since last request: 0.920035 seconds.
  path: Assets/JMO Assets/WarFX/_Effects (Mobile)
  importAddress: Guid(1ff1506253a4e704e923c2233742faf9) Importer(815301076,1909f56bfc062723c751e8b465ee728b)
Start importing Assets/JMO Assets/WarFX/_Effects (Mobile) using Guid(1ff1506253a4e704e923c2233742faf9) Importer(815301076,1909f56bfc062723c751e8b465ee728b) (PreviewImporter) -> (Import Result ID: '8ddc0b2e436b9d9781aa7c056b6f9456') in 0.0006358 seconds [static and dynamic dependencies]. Details - ImportResultOutputID=6d54044ac234ef1e5bb997cfdc3b85c2 DependenciesID=1333076e2b1d469e464b3e3caa6f7877 StaticDependenciesID=c2f4791fc0216e13b28baafabcc3f3a3 
Number of updated asset objects reloaded before import = 0Number of asset objects unloaded after import = 0

========================================================================
Received Import Request.
  Time since last request: 2.333798 seconds.
  path: Assets/JMO Assets/WarFX/_Effects (Mobile)/MuzzleFlashes
  importAddress: Guid(d02b6b21ba730ad429ea99052d3aa296) Importer(815301076,1909f56bfc062723c751e8b465ee728b)
Start importing Assets/JMO Assets/WarFX/_Effects (Mobile)/MuzzleFlashes using Guid(d02b6b21ba730ad429ea99052d3aa296) Importer(815301076,1909f56bfc062723c751e8b465ee728b) (PreviewImporter) -> (Import Result ID: '99134908e86996210185315022fbcc57') in 0.0008767 seconds [static and dynamic dependencies]. Details - ImportResultOutputID=2965642906e51b423df549b385089c86 DependenciesID=5bc02dd74aa9fce67bb20f5bf7557b78 StaticDependenciesID=6019a4c86c1c1e72d987483b2bc4ebde 
Number of updated asset objects reloaded before import = 0Number of asset objects unloaded after import = 0

========================================================================
Received Import Request.
  Time since last request: 2.630179 seconds.
  path: Assets/JMO Assets/WarFX/_Effects (Mobile)/MuzzleFlashes/FPS
  importAddress: Guid(de66e1bb2472e7642b0a4cce1b98c334) Importer(815301076,1909f56bfc062723c751e8b465ee728b)
Start importing Assets/JMO Assets/WarFX/_Effects (Mobile)/MuzzleFlashes/FPS using Guid(de66e1bb2472e7642b0a4cce1b98c334) Importer(815301076,1909f56bfc062723c751e8b465ee728b) (PreviewImporter) -> (Import Result ID: 'd357d6216312fa9ebc4832a86c0bc5d4') in 0.0005233 seconds [static and dynamic dependencies]. Details - ImportResultOutputID=9d54974697178e9063bed0a26e39eeb9 DependenciesID=fa2cfa296cc4509abd703adb7ec4b12f StaticDependenciesID=3adf58b91f2a9fd76de4f7e2afde9ea7 
Number of updated asset objects reloaded before import = 0Number of asset objects unloaded after import = 0

========================================================================
Received Import Request.
  Time since last request: 0.684915 seconds.
  path: Assets/JMO Assets/WarFX/_Effects (Mobile)/MuzzleFlashes/FPS/WFXMR_MF FPS RIFLE1.prefab
  importAddress: Guid(234e5aa95353f0643b0181dc3872cda9) Importer(815301076,1909f56bfc062723c751e8b465ee728b)
Start importing Assets/JMO Assets/WarFX/_Effects (Mobile)/MuzzleFlashes/FPS/WFXMR_MF FPS RIFLE1.prefab using Guid(234e5aa95353f0643b0181dc3872cda9) Importer(815301076,1909f56bfc062723c751e8b465ee728b) (PreviewImporter) -> (Import Result ID: '532c86748c48fff0820db3da9ff48e12') in 0.4484197 seconds [static and dynamic dependencies]. Details - ImportResultOutputID=3d094ce4b925461076d029eea1b1059a DependenciesID=53e8567068464341e62949d6711f8f56 StaticDependenciesID=397843f715804fd23b156f814b296bcf 
Number of updated asset objects reloaded before import = 0Number of asset objects unloaded after import = 24

========================================================================
Received Import Request.
  Time since last request: 5.243063 seconds.
  path: Assets/JMO Assets/WarFX/_Effects (Mobile)/MuzzleFlashes/FPS/WFXMR_MF FPS RIFLE3.prefab
  importAddress: Guid(eb8c772b30f37864d80bd845f739aa6c) Importer(815301076,1909f56bfc062723c751e8b465ee728b)
Start importing Assets/JMO Assets/WarFX/_Effects (Mobile)/MuzzleFlashes/FPS/WFXMR_MF FPS RIFLE3.prefab using Guid(eb8c772b30f37864d80bd845f739aa6c) Importer(815301076,1909f56bfc062723c751e8b465ee728b) (PreviewImporter) -> (Import Result ID: '123404ff8eefeffd19393071f5f57851') in 0.0242285 seconds [static and dynamic dependencies]. Details - ImportResultOutputID=d177d1261e73749f0fddb0f2c2d9814c DependenciesID=07923f4464e4b381febb045c19971fc0 StaticDependenciesID=3164534274dfdceb39a162a0b1780844 
Number of updated asset objects reloaded before import = 0Number of asset objects unloaded after import = 25

========================================================================
Received Import Request.
  Time since last request: 2.138326 seconds.
  path: Assets/JMO Assets/WarFX/_Effects (Mobile)/MuzzleFlashes/4Planes
  importAddress: Guid(b244af0493e9569458be5bfb1b5148fa) Importer(815301076,1909f56bfc062723c751e8b465ee728b)
Start importing Assets/JMO Assets/WarFX/_Effects (Mobile)/MuzzleFlashes/4Planes using Guid(b244af0493e9569458be5bfb1b5148fa) Importer(815301076,1909f56bfc062723c751e8b465ee728b) (PreviewImporter) -> (Import Result ID: 'f7fd5301b5d3ff9cb86dde8a0bdd8c50') in 0.0006835 seconds [static and dynamic dependencies]. Details - ImportResultOutputID=447321c93998ffca8013edea2ea732b9 DependenciesID=a414a812d9042f83c3397621c5abe6f4 StaticDependenciesID=bf05f13fdf39f5455a35dadecbae4660 
Number of updated asset objects reloaded before import = 0Number of asset objects unloaded after import = 0

========================================================================
Received Import Request.
  Time since last request: 0.655676 seconds.
  path: Assets/JMO Assets/WarFX/_Effects (Mobile)/MuzzleFlashes/4Planes/WFXMR_MF 4P RIFLE1.prefab
  importAddress: Guid(5317fde2cd7d75a4d8888fd00df21599) Importer(815301076,1909f56bfc062723c751e8b465ee728b)
Start importing Assets/JMO Assets/WarFX/_Effects (Mobile)/MuzzleFlashes/4Planes/WFXMR_MF 4P RIFLE1.prefab using Guid(5317fde2cd7d75a4d8888fd00df21599) Importer(815301076,1909f56bfc062723c751e8b465ee728b) (PreviewImporter) -> (Import Result ID: '7276b3d9e109c9f1c542f52634487609') in 0.0152494 seconds [static and dynamic dependencies]. Details - ImportResultOutputID=dfec2ad5cc7a92708b4579ca9d43c8be DependenciesID=09a82f9b45b25555eb5abcccf2117242 StaticDependenciesID=581be0cb7177f3de4a896d3d77e2d397 
Number of updated asset objects reloaded before import = 0Number of asset objects unloaded after import = 36

========================================================================
Received Import Request.
  Time since last request: 4.655371 seconds.
  path: Assets/JMO Assets/WarFX/_Effects (Mobile)/MuzzleFlashes/4Planes/WFXMR_MF 4P RIFLE2.prefab
  importAddress: Guid(40949a480f6b7d54f99564ee2b469dae) Importer(815301076,1909f56bfc062723c751e8b465ee728b)
Start importing Assets/JMO Assets/WarFX/_Effects (Mobile)/MuzzleFlashes/4Planes/WFXMR_MF 4P RIFLE2.prefab using Guid(40949a480f6b7d54f99564ee2b469dae) Importer(815301076,1909f56bfc062723c751e8b465ee728b) (PreviewImporter) -> (Import Result ID: '609b63aaa97d1c9dfb895253cf029bf8') in 0.0160864 seconds [static and dynamic dependencies]. Details - ImportResultOutputID=9196542953b1595935edbf9a7d8bd668 DependenciesID=49087bb59dff462cd9277cac2ba983b9 StaticDependenciesID=386a9dba4872142e3d1600b90127ebf3 
Number of updated asset objects reloaded before import = 0Number of asset objects unloaded after import = 36

========================================================================
Received Import Request.
  Time since last request: 1.491608 seconds.
  path: Assets/JMO Assets/WarFX/_Effects (Mobile)/MuzzleFlashes/4Planes/WFXMR_MF 4P RIFLE3.prefab
  importAddress: Guid(c5946a66b3eec2d479e20b7315b06bf8) Importer(815301076,1909f56bfc062723c751e8b465ee728b)
Start importing Assets/JMO Assets/WarFX/_Effects (Mobile)/MuzzleFlashes/4Planes/WFXMR_MF 4P RIFLE3.prefab using Guid(c5946a66b3eec2d479e20b7315b06bf8) Importer(815301076,1909f56bfc062723c751e8b465ee728b) (PreviewImporter) -> (Import Result ID: '3de01e24cf5bd5e2f4f390a79df4d39a') in 0.0153142 seconds [static and dynamic dependencies]. Details - ImportResultOutputID=812206f0c4f93f32c10404c3e46b8cfc DependenciesID=133bd848afd6c3a2f09f329fe021a42e StaticDependenciesID=92b0122f3d159898754ea38b3a4a2d65 
Number of updated asset objects reloaded before import = 0Number of asset objects unloaded after import = 36

========================================================================
Received Import Request.
  Time since last request: 3.179146 seconds.
  path: Assets/JMO Assets/WarFX/Mobile/Materials/MuzzleFlashes/WFXM_M_MF Glow.mat
  importAddress: Guid(5cd541080cf73ee4bbe682724bd0887b) Importer(815301076,1909f56bfc062723c751e8b465ee728b)
Start importing Assets/JMO Assets/WarFX/Mobile/Materials/MuzzleFlashes/WFXM_M_MF Glow.mat using Guid(5cd541080cf73ee4bbe682724bd0887b) Importer(815301076,1909f56bfc062723c751e8b465ee728b) (PreviewImporter) -> (Import Result ID: 'aa9ab0d2c70fd96d1e1cb25e4901e2ef') in 0.0635832 seconds [static and dynamic dependencies]. Details - ImportResultOutputID=159b764a50516f6f365d76ed15180aac DependenciesID=52363ae9a6d808c02f278ec424f43085 StaticDependenciesID=1bf9710222db77245eb8a413fdf08e57 
Number of updated asset objects reloaded before import = 0Number of asset objects unloaded after import = 3

========================================================================
Received Import Request.
  Time since last request: 37.146848 seconds.
  path: Assets/JMO Assets/WarFX/Mobile/Textures/MuzzleFlashes/WFXM_T_MF Sparks RIFLE3 A8.tga
  importAddress: Guid(c07b27fb95623dd4db154ece46390112) Importer(815301076,1909f56bfc062723c751e8b465ee728b)
Start importing Assets/JMO Assets/WarFX/Mobile/Textures/MuzzleFlashes/WFXM_T_MF Sparks RIFLE3 A8.tga using Guid(c07b27fb95623dd4db154ece46390112) Importer(815301076,1909f56bfc062723c751e8b465ee728b) (PreviewImporter) -> (Import Result ID: '10b9fd73909685290e0b219b636c1f69') in 0.0413992 seconds [static and dynamic dependencies]. Details - ImportResultOutputID=b9df81372c431c35acaaabba6a84ffeb DependenciesID=357d4a1c143552956f59e75a975fd34a StaticDependenciesID=3a824f1ffb04ed48f8a8b238ffd36145 
Number of updated asset objects reloaded before import = 0Number of asset objects unloaded after import = 2

========================================================================
Received Import Request.
  Time since last request: 21.258755 seconds.
  path: Assets/JMO Assets/WarFX/Mobile/Textures/MuzzleFlashes/WFXM_T_MF Side RIFLE3 A8.png
  importAddress: Guid(0928104f6967d19408c5da91119f0d42) Importer(815301076,1909f56bfc062723c751e8b465ee728b)
Start importing Assets/JMO Assets/WarFX/Mobile/Textures/MuzzleFlashes/WFXM_T_MF Side RIFLE3 A8.png using Guid(0928104f6967d19408c5da91119f0d42) Importer(815301076,1909f56bfc062723c751e8b465ee728b) (PreviewImporter) -> (Import Result ID: '5d48bcdc72a6e334a44d6f66f808330d') in 0.0216062 seconds [static and dynamic dependencies]. Details - ImportResultOutputID=fcbfc3ce6612bcfb165ee9bfdd8656ad DependenciesID=798ca8050643ca172516cd14b12c4686 StaticDependenciesID=8a93af7cbae0f14089a4f2b2a1036e9f 
Number of updated asset objects reloaded before import = 0Number of asset objects unloaded after import = 2

========================================================================
Received Import Request.
  Time since last request: 4.055577 seconds.
  path: Assets/JMO Assets/WarFX/Mobile/Textures/MuzzleFlashes/WFXM_T_MF Sparks RIFLE1 A8.tga
  importAddress: Guid(3ef55c046c7234b46b84192f57507b7d) Importer(815301076,1909f56bfc062723c751e8b465ee728b)
Start importing Assets/JMO Assets/WarFX/Mobile/Textures/MuzzleFlashes/WFXM_T_MF Sparks RIFLE1 A8.tga using Guid(3ef55c046c7234b46b84192f57507b7d) Importer(815301076,1909f56bfc062723c751e8b465ee728b) (PreviewImporter) -> (Import Result ID: '1bd945b6f60b25c9a4b6dc96c51cb629') in 0.0193131 seconds [static and dynamic dependencies]. Details - ImportResultOutputID=2ed0ada7cdf1e8fa4955f9761cd086af DependenciesID=d7eb977eba39abcc2a75e4f495afd48f StaticDependenciesID=159f7c2b8c03162cdb75ef97999cbae1 
Number of updated asset objects reloaded before import = 0Number of asset objects unloaded after import = 2

========================================================================
Received Import Request.
  Time since last request: 0.402988 seconds.
  path: Assets/JMO Assets/WarFX/Mobile/Textures/MuzzleFlashes/WFXM_T_MF Sparks RIFLE2 A8.tga
  importAddress: Guid(e5bdef96f2433ec48bd681d41f37d62c) Importer(815301076,1909f56bfc062723c751e8b465ee728b)
Start importing Assets/JMO Assets/WarFX/Mobile/Textures/MuzzleFlashes/WFXM_T_MF Sparks RIFLE2 A8.tga using Guid(e5bdef96f2433ec48bd681d41f37d62c) Importer(815301076,1909f56bfc062723c751e8b465ee728b) (PreviewImporter) -> (Import Result ID: '7b03d5eaa7d9003e38dfc528d6f3a719') in 0.0163275 seconds [static and dynamic dependencies]. Details - ImportResultOutputID=f196ed9cbcb6ae45a612abee573410e9 DependenciesID=860e06e0be6b00e9b14c1d46971f18cf StaticDependenciesID=936b5adcb7ae97059a02867373832244 
Number of updated asset objects reloaded before import = 0Number of asset objects unloaded after import = 2

========================================================================
Received Import Request.
  Time since last request: 4.558523 seconds.
  path: Assets/JMO Assets/WarFX/Mobile/Textures/MuzzleFlashes/WFXM_T_MF Side RIFLE2 A8.png
  importAddress: Guid(c1f93861bd2b8a4498997334a868b1a5) Importer(815301076,1909f56bfc062723c751e8b465ee728b)
Start importing Assets/JMO Assets/WarFX/Mobile/Textures/MuzzleFlashes/WFXM_T_MF Side RIFLE2 A8.png using Guid(c1f93861bd2b8a4498997334a868b1a5) Importer(815301076,1909f56bfc062723c751e8b465ee728b) (PreviewImporter) -> (Import Result ID: '296d00f4ef7eff8629962d5e52aa174b') in 0.0174431 seconds [static and dynamic dependencies]. Details - ImportResultOutputID=03089503ce22594601a213f2083bb502 DependenciesID=af2a21b1622fef5d5989357a63888df0 StaticDependenciesID=df11d813192f4b6cb0e252c94630e313 
Number of updated asset objects reloaded before import = 0Number of asset objects unloaded after import = 2

========================================================================
Received Import Request.
  Time since last request: 0.472680 seconds.
  path: Assets/JMO Assets/WarFX/Mobile/Textures/MuzzleFlashes/WFXM_T_MF Side RIFLE1 A8.png
  importAddress: Guid(af192a8ff3392cf489f256b2b152e039) Importer(815301076,1909f56bfc062723c751e8b465ee728b)
Start importing Assets/JMO Assets/WarFX/Mobile/Textures/MuzzleFlashes/WFXM_T_MF Side RIFLE1 A8.png using Guid(af192a8ff3392cf489f256b2b152e039) Importer(815301076,1909f56bfc062723c751e8b465ee728b) (PreviewImporter) -> (Import Result ID: 'b2e3add58619d7014b9062261e99c8ad') in 0.0160731 seconds [static and dynamic dependencies]. Details - ImportResultOutputID=15b9f149ea62f8acc0bf4d9a801663e4 DependenciesID=48a348f55d942f8afe9967f9c5a5ee43 StaticDependenciesID=98f1ca017e6438023b59cd0b8b544c71 
Number of updated asset objects reloaded before import = 0Number of asset objects unloaded after import = 2

========================================================================
Received Import Request.
  Time since last request: 19.885361 seconds.
  path: Assets/JMO Assets/WarFX/_Effects (Mobile)/MuzzleFlashes/Sprites
  importAddress: Guid(774ba9c6a94829b4aa13d36297e5ab8d) Importer(815301076,1909f56bfc062723c751e8b465ee728b)
Start importing Assets/JMO Assets/WarFX/_Effects (Mobile)/MuzzleFlashes/Sprites using Guid(774ba9c6a94829b4aa13d36297e5ab8d) Importer(815301076,1909f56bfc062723c751e8b465ee728b) (PreviewImporter) -> (Import Result ID: '1da40114c613fa4a0f2ee4c6bd08d008') in 0.0006967 seconds [static and dynamic dependencies]. Details - ImportResultOutputID=8bfda716726489d2fc953982b254825b DependenciesID=0bb11b45b76dafe9348a2658bf472488 StaticDependenciesID=2fbfcd8cdf3f992a62ecc62fd3b53cca 
Number of updated asset objects reloaded before import = 0Number of asset objects unloaded after import = 0

========================================================================
Received Import Request.
  Time since last request: 0.582619 seconds.
  path: Assets/JMO Assets/WarFX/_Effects (Mobile)/MuzzleFlashes/Sprites/WFXMR_MF Spr RIFLE2.prefab
  importAddress: Guid(acade480ec18aed4d95a5abc17649351) Importer(815301076,1909f56bfc062723c751e8b465ee728b)
Start importing Assets/JMO Assets/WarFX/_Effects (Mobile)/MuzzleFlashes/Sprites/WFXMR_MF Spr RIFLE2.prefab using Guid(acade480ec18aed4d95a5abc17649351) Importer(815301076,1909f56bfc062723c751e8b465ee728b) (PreviewImporter) -> (Import Result ID: 'c19f5fa889dfdc90e5a1c2cac76d2343') in 0.0227908 seconds [static and dynamic dependencies]. Details - ImportResultOutputID=cd3fd10852402e6a5c79980cb2e84ced DependenciesID=4dd4ca09c6b6503228bd858f133f8aa6 StaticDependenciesID=428e0308c2c5819e010880d9e594682b 
Number of updated asset objects reloaded before import = 0Number of asset objects unloaded after import = 30

========================================================================
Received Import Request.
  Time since last request: 0.075872 seconds.
  path: Assets/JMO Assets/WarFX/_Effects (Mobile)/MuzzleFlashes/Sprites/WFXMR_MF Spr RIFLE2.prefab
  importAddress: Guid(acade480ec18aed4d95a5abc17649351) Importer(815301076,1909f56bfc062723c751e8b465ee728b)
Start importing Assets/JMO Assets/WarFX/_Effects (Mobile)/MuzzleFlashes/Sprites/WFXMR_MF Spr RIFLE2.prefab using Guid(acade480ec18aed4d95a5abc17649351) Importer(815301076,1909f56bfc062723c751e8b465ee728b) (PreviewImporter) -> (Import Result ID: 'acc6270e96a525b13d709269178a7cc1') in 0.0154692 seconds [static and dynamic dependencies]. Details - ImportResultOutputID=cd3fd10852402e6a5c79980cb2e84ced DependenciesID=7ec69810a4738c1f558253c378965e4b StaticDependenciesID=bb8bdb8ad234da7b0694a90e26fd2039 
Number of updated asset objects reloaded before import = 0Number of asset objects unloaded after import = 30

========================================================================
Received Import Request.
  Time since last request: 18.679852 seconds.
  path: Assets/JMO Assets/WarFX/_Effects (Mobile)/MuzzleFlashes/Sprites/WFXMR_MF Spr RIFLE3.prefab
  importAddress: Guid(31e92f47a14b1434397c9d18b23ef28d) Importer(815301076,1909f56bfc062723c751e8b465ee728b)
Start importing Assets/JMO Assets/WarFX/_Effects (Mobile)/MuzzleFlashes/Sprites/WFXMR_MF Spr RIFLE3.prefab using Guid(31e92f47a14b1434397c9d18b23ef28d) Importer(815301076,1909f56bfc062723c751e8b465ee728b) (PreviewImporter) -> (Import Result ID: 'b3f021dc96221157974fc6eece709971') in 0.0142609 seconds [static and dynamic dependencies]. Details - ImportResultOutputID=647f4e1f5e747c2d1e73be1fa9b5083c DependenciesID=841f032f1d783ac1749bfe5d2fe06fc4 StaticDependenciesID=f966ed6bb989a12ec4a98a14fb55bb1f 
Number of updated asset objects reloaded before import = 0Number of asset objects unloaded after import = 31

========================================================================
Received Import Request.
  Time since last request: 0.000030 seconds.
  path: Assets/JMO Assets/WarFX/Mobile/Materials/MuzzleFlashes/WFXM_M_MF Side RIFLE3.mat
  importAddress: Guid(b71afc5edbc2da1479a3af6d2cb56d08) Importer(815301076,1909f56bfc062723c751e8b465ee728b)
Start importing Assets/JMO Assets/WarFX/Mobile/Materials/MuzzleFlashes/WFXM_M_MF Side RIFLE3.mat using Guid(b71afc5edbc2da1479a3af6d2cb56d08) Importer(815301076,1909f56bfc062723c751e8b465ee728b) (PreviewImporter) -> (Import Result ID: 'c5b3905a6f6f2c3e7dcb7ac3527a7884') in 0.0168858 seconds [static and dynamic dependencies]. Details - ImportResultOutputID=9ba6f7a95a582493a1094a4b226452f3 DependenciesID=e21ced49a5967c54d58007598df9060c StaticDependenciesID=bdd78d72ef8688f763c8d4250e08ab35 
Number of updated asset objects reloaded before import = 0Number of asset objects unloaded after import = 3

========================================================================
Received Import Request.
  Time since last request: 0.023027 seconds.
  path: Assets/JMO Assets/WarFX/_Effects (Mobile)/MuzzleFlashes/Sprites/WFXMR_MF Spr RIFLE3.prefab
  importAddress: Guid(31e92f47a14b1434397c9d18b23ef28d) Importer(815301076,1909f56bfc062723c751e8b465ee728b)
Start importing Assets/JMO Assets/WarFX/_Effects (Mobile)/MuzzleFlashes/Sprites/WFXMR_MF Spr RIFLE3.prefab using Guid(31e92f47a14b1434397c9d18b23ef28d) Importer(815301076,1909f56bfc062723c751e8b465ee728b) (PreviewImporter) -> (Import Result ID: 'a64872c1ff54412941a8def1f4170d79') in 0.0193682 seconds [static and dynamic dependencies]. Details - ImportResultOutputID=647f4e1f5e747c2d1e73be1fa9b5083c DependenciesID=2107281b990baadfad5b197e9c93d74a StaticDependenciesID=a020f17a83e7e573f277aff161145fea 
Number of updated asset objects reloaded before import = 0Number of asset objects unloaded after import = 31

========================================================================
Received Prepare
Refreshing native plugins compatible for Editor in 2.04 ms, found 4 plugins.
Unloading 36 Unused Serialized files (Serialized files now loaded: 0)
Unloading 8114 unused Assets / (6.6 MB). Loaded Objects now: 9181.
Memory consumption went from 195.5 MB to 188.8 MB.
Total: 13.241000 ms (FindLiveObjects: 0.768800 ms CreateObjectMapping: 0.632500 ms MarkObjects: 8.575300 ms  DeleteObjects: 3.263200 ms)

Prepare: number of updated asset objects reloaded= 0
========================================================================
Received Prepare
Begin MonoManager ReloadAssembly
[Licensing::Client] Successfully resolved entitlement details
[Licensing::Module] License group:
  Id: F4-ZF4W-JG7U-QS5D-T52E-XXXX
  Product: Unity Personal
  Type: ULF
  Expiration: Unlimited
[Licensing::Module] License group:
  Id: 4673487441905-UnityPersXXXX
  Product: Unity Personal
  Type: Assigned
  Expiration: Unlimited
Assembly Assembly-CSharp-Editor-firstpass.dll at Library/ScriptAssemblies/Assembly-CSharp-Editor-firstpass.dll not valid. Loading of assembly skipped.
Assembly Assembly-CSharp-firstpass.dll at Library/ScriptAssemblies/Assembly-CSharp-firstpass.dll not valid. Loading of assembly skipped.
Assembly DocCodeExamples.dll at Library/ScriptAssemblies/DocCodeExamples.dll not valid. Loading of assembly skipped.
Assembly TestNewCustomAssembly.dll at Library/ScriptAssemblies/TestNewCustomAssembly.dll not valid. Loading of assembly skipped.
Assembly Unity.2D.Sprite.Package.EditorTests.dll at Library/ScriptAssemblies/Unity.2D.Sprite.Package.EditorTests.dll not valid. Loading of assembly skipped.
Assembly Unity.Addressables.Editor.Tests.dll at Library/ScriptAssemblies/Unity.Addressables.Editor.Tests.dll not valid. Loading of assembly skipped.
Assembly Unity.Addressables.Runtime.Tests.dll at Library/ScriptAssemblies/Unity.Addressables.Runtime.Tests.dll not valid. Loading of assembly skipped.
Assembly Unity.Collections.BurstCompatibilityGen.dll at Library/ScriptAssemblies/Unity.Collections.BurstCompatibilityGen.dll not valid. Loading of assembly skipped.
Assembly Unity.Collections.DocCodeSamples.dll at Library/ScriptAssemblies/Unity.Collections.DocCodeSamples.dll not valid. Loading of assembly skipped.
Assembly Unity.Collections.PerformanceTests.dll at Library/ScriptAssemblies/Unity.Collections.PerformanceTests.dll not valid. Loading of assembly skipped.
Assembly Unity.Collections.Tests.dll at Library/ScriptAssemblies/Unity.Collections.Tests.dll not valid. Loading of assembly skipped.
Assembly Unity.Collections.Tests.Playmode.dll at Library/ScriptAssemblies/Unity.Collections.Tests.Playmode.dll not valid. Loading of assembly skipped.
Assembly Unity.InputSystem.IntegrationTests.dll at Library/ScriptAssemblies/Unity.InputSystem.IntegrationTests.dll not valid. Loading of assembly skipped.
Assembly Unity.Localization.DocCodeSamples.dll at Library/ScriptAssemblies/Unity.Localization.DocCodeSamples.dll not valid. Loading of assembly skipped.
Assembly Unity.Mathematics.Tests.dll at Library/ScriptAssemblies/Unity.Mathematics.Tests.dll not valid. Loading of assembly skipped.
Assembly Unity.Multiplayer.Center.Editor.Tests.dll at Library/ScriptAssemblies/Unity.Multiplayer.Center.Editor.Tests.dll not valid. Loading of assembly skipped.
Assembly Unity.Multiplayer.Center.Tests.dll at Library/ScriptAssemblies/Unity.Multiplayer.Center.Tests.dll not valid. Loading of assembly skipped.
Assembly Unity.Nuget.Mono-Cecil.dll at Library/ScriptAssemblies/Unity.Nuget.Mono-Cecil.dll not valid. Loading of assembly skipped.
Assembly Unity.PathTracing.Editor.Tests.dll at Library/ScriptAssemblies/Unity.PathTracing.Editor.Tests.dll not valid. Loading of assembly skipped.
Assembly Unity.PathTracing.Runtime.Tests.dll at Library/ScriptAssemblies/Unity.PathTracing.Runtime.Tests.dll not valid. Loading of assembly skipped.
Assembly Unity.RenderPipelines.Core.Editor.Tests.dll at Library/ScriptAssemblies/Unity.RenderPipelines.Core.Editor.Tests.dll not valid. Loading of assembly skipped.
Assembly Unity.RenderPipelines.Core.Runtime.Tests.dll at Library/ScriptAssemblies/Unity.RenderPipelines.Core.Runtime.Tests.dll not valid. Loading of assembly skipped.
Assembly Unity.RenderPipelines.Universal.Config.Editor.Tests.dll at Library/ScriptAssemblies/Unity.RenderPipelines.Universal.Config.Editor.Tests.dll not valid. Loading of assembly skipped.
Assembly Unity.RenderPipelines.Universal.Editor.Tests.dll at Library/ScriptAssemblies/Unity.RenderPipelines.Universal.Editor.Tests.dll not valid. Loading of assembly skipped.
Assembly Unity.RenderPipelines.Universal.Runtime.Tests.dll at Library/ScriptAssemblies/Unity.RenderPipelines.Universal.Runtime.Tests.dll not valid. Loading of assembly skipped.
Assembly Unity.ResourceManager.Tests.dll at Library/ScriptAssemblies/Unity.ResourceManager.Tests.dll not valid. Loading of assembly skipped.
Assembly Unity.ScriptableBuildPipeline.Editor.Tests.dll at Library/ScriptAssemblies/Unity.ScriptableBuildPipeline.Editor.Tests.dll not valid. Loading of assembly skipped.
Assembly Unity.ScriptableBuildPipeline.Tests.dll at Library/ScriptAssemblies/Unity.ScriptableBuildPipeline.Tests.dll not valid. Loading of assembly skipped.
Assembly Unity.ScriptableBuildPipelineTests.Runtime.Tests.dll at Library/ScriptAssemblies/Unity.ScriptableBuildPipelineTests.Runtime.Tests.dll not valid. Loading of assembly skipped.
Assembly Unity.Searcher.EditorTests.dll at Library/ScriptAssemblies/Unity.Searcher.EditorTests.dll not valid. Loading of assembly skipped.
Assembly Unity.Settings.Tests.dll at Library/ScriptAssemblies/Unity.Settings.Tests.dll not valid. Loading of assembly skipped.
Assembly Unity.ShaderGraph.Editor.Tests.dll at Library/ScriptAssemblies/Unity.ShaderGraph.Editor.Tests.dll not valid. Loading of assembly skipped.
Assembly Unity.TextMeshPro.Editor.Tests.dll at Library/ScriptAssemblies/Unity.TextMeshPro.Editor.Tests.dll not valid. Loading of assembly skipped.
Assembly Unity.TextMeshPro.Tests.dll at Library/ScriptAssemblies/Unity.TextMeshPro.Tests.dll not valid. Loading of assembly skipped.
Assembly Unity.UnifiedRayTracing.Editor.Tests.dll at Library/ScriptAssemblies/Unity.UnifiedRayTracing.Editor.Tests.dll not valid. Loading of assembly skipped.
Assembly UnityEditor.UI.Common.Tests.dll at Library/ScriptAssemblies/UnityEditor.UI.Common.Tests.dll not valid. Loading of assembly skipped.
Assembly UnityEditor.UI.EditorTests.dll at Library/ScriptAssemblies/UnityEditor.UI.EditorTests.dll not valid. Loading of assembly skipped.
Assembly UnityEngine.UI.Tests.dll at Library/ScriptAssemblies/UnityEngine.UI.Tests.dll not valid. Loading of assembly skipped.
Symbol file LoadedFromMemory is not a mono symbol file
Refreshing native plugins compatible for Editor in 2.36 ms, found 4 plugins.
Assertion failed on expression: 'pred(*previous, *i)'
Assertion failed on expression: 'pred(*previous, *i)'
Assertion failed on expression: 'pred(*previous, *i)'
Assertion failed on expression: 'pred(*previous, *i)'
Assertion failed on expression: 'pred(*previous, *i)'
Assertion failed on expression: 'pred(*previous, *i)'
Assertion failed on expression: 'pred(*previous, *i)'
Assertion failed on expression: 'pred(*previous, *i)'
Assertion failed on expression: 'pred(*previous, *i)'
Assertion failed on expression: 'pred(*previous, *i)'
Assertion failed on expression: 'pred(*previous, *i)'
Assertion failed on expression: 'pred(*previous, *i)'
Native extension for LinuxStandalone target not found
Native extension for iOS target not found
Native extension for Android target not found
Native extension for WindowsStandalone target not found
[Package Manager] Failed to launch server process. Reason: Unity was launched with the -noUpm command-line argument
[Package Manager] Unable to send message (not connected to server process).
[Package Manager] Cannot connect to Unity Package Manager local server
[Package Manager] Failed to launch server process. Reason: Unity was launched with the -noUpm command-line argument
[Package Manager] Unable to send message (not connected to server process).
[Package Manager] Cannot connect to Unity Package Manager local server
[MODES] ModeService[none].Initialize
[MODES] ModeService[none].LoadModes
ScheduleIndexationOnStartup MainProcess:False IndexOnStartup:True
Mono: successfully reloaded assembly
- Finished resetting the current domain, in  0.940 seconds
Domain Reload Profiling: 1931ms
	BeginReloadAssembly (250ms)
		DisableScriptedObjects (21ms)
		CreateAndSetChildDomain (64ms)
	RebuildCommonClasses (32ms)
	RebuildNativeTypeToScriptingClass (11ms)
	initialDomainReloadingComplete (71ms)
	LoadAllAssembliesAndSetupDomain (627ms)
		LoadAssemblies (470ms)
		AnalyzeDomain (254ms)
			TypeCache.Refresh (15ms)
			BuildScriptInfoCaches (226ms)
			ResolveRequiredComponents (11ms)
	FinalizeReload (940ms)
		SetupLoadedEditorAssemblies (0ms)
			InitializePlatformSupportModulesInManaged (22ms)
			BeforeProcessingInitializeOnLoad (151ms)
			ProcessInitializeOnLoadAttributes (485ms)
			ProcessInitializeOnLoadMethodAttributes (109ms)
			AfterProcessingInitializeOnLoad (7ms)
		AwakeInstancesAfterBackupRestoration (15ms)
Refreshing native plugins compatible for Editor in 2.14 ms, found 4 plugins.
Unloading 35 Unused Serialized files (Serialized files now loaded: 0)
Unloading 8126 unused Assets / (6.1 MB). Loaded Objects now: 9096.
Memory consumption went from 193.1 MB to 186.9 MB.
Total: 9.798700 ms (FindLiveObjects: 0.798800 ms CreateObjectMapping: 0.668100 ms MarkObjects: 5.137000 ms  DeleteObjects: 3.193300 ms)

Prepare: number of updated asset objects reloaded= 0
========================================================================
Received Prepare
Refreshing native plugins compatible for Editor in 2.20 ms, found 4 plugins.
Unloading 35 Unused Serialized files (Serialized files now loaded: 0)
Unloading 8114 unused Assets / (6.7 MB). Loaded Objects now: 9096.
Memory consumption went from 196.2 MB to 189.5 MB.
Total: 10.377100 ms (FindLiveObjects: 0.725900 ms CreateObjectMapping: 0.625200 ms MarkObjects: 5.903200 ms  DeleteObjects: 3.121800 ms)

Prepare: number of updated asset objects reloaded= 0
========================================================================
Received Prepare
Begin MonoManager ReloadAssembly
Assembly Assembly-CSharp-Editor-firstpass.dll at Library/ScriptAssemblies/Assembly-CSharp-Editor-firstpass.dll not valid. Loading of assembly skipped.
Assembly Assembly-CSharp-firstpass.dll at Library/ScriptAssemblies/Assembly-CSharp-firstpass.dll not valid. Loading of assembly skipped.
Assembly DocCodeExamples.dll at Library/ScriptAssemblies/DocCodeExamples.dll not valid. Loading of assembly skipped.
Assembly TestNewCustomAssembly.dll at Library/ScriptAssemblies/TestNewCustomAssembly.dll not valid. Loading of assembly skipped.
Assembly Unity.2D.Sprite.Package.EditorTests.dll at Library/ScriptAssemblies/Unity.2D.Sprite.Package.EditorTests.dll not valid. Loading of assembly skipped.
Assembly Unity.Addressables.Editor.Tests.dll at Library/ScriptAssemblies/Unity.Addressables.Editor.Tests.dll not valid. Loading of assembly skipped.
Assembly Unity.Addressables.Runtime.Tests.dll at Library/ScriptAssemblies/Unity.Addressables.Runtime.Tests.dll not valid. Loading of assembly skipped.
Assembly Unity.Collections.BurstCompatibilityGen.dll at Library/ScriptAssemblies/Unity.Collections.BurstCompatibilityGen.dll not valid. Loading of assembly skipped.
Assembly Unity.Collections.DocCodeSamples.dll at Library/ScriptAssemblies/Unity.Collections.DocCodeSamples.dll not valid. Loading of assembly skipped.
Assembly Unity.Collections.PerformanceTests.dll at Library/ScriptAssemblies/Unity.Collections.PerformanceTests.dll not valid. Loading of assembly skipped.
Assembly Unity.Collections.Tests.dll at Library/ScriptAssemblies/Unity.Collections.Tests.dll not valid. Loading of assembly skipped.
Assembly Unity.Collections.Tests.Playmode.dll at Library/ScriptAssemblies/Unity.Collections.Tests.Playmode.dll not valid. Loading of assembly skipped.
Assembly Unity.InputSystem.IntegrationTests.dll at Library/ScriptAssemblies/Unity.InputSystem.IntegrationTests.dll not valid. Loading of assembly skipped.
Assembly Unity.Localization.DocCodeSamples.dll at Library/ScriptAssemblies/Unity.Localization.DocCodeSamples.dll not valid. Loading of assembly skipped.
Assembly Unity.Mathematics.Tests.dll at Library/ScriptAssemblies/Unity.Mathematics.Tests.dll not valid. Loading of assembly skipped.
Assembly Unity.Multiplayer.Center.Editor.Tests.dll at Library/ScriptAssemblies/Unity.Multiplayer.Center.Editor.Tests.dll not valid. Loading of assembly skipped.
Assembly Unity.Multiplayer.Center.Tests.dll at Library/ScriptAssemblies/Unity.Multiplayer.Center.Tests.dll not valid. Loading of assembly skipped.
Assembly Unity.Nuget.Mono-Cecil.dll at Library/ScriptAssemblies/Unity.Nuget.Mono-Cecil.dll not valid. Loading of assembly skipped.
Assembly Unity.PathTracing.Editor.Tests.dll at Library/ScriptAssemblies/Unity.PathTracing.Editor.Tests.dll not valid. Loading of assembly skipped.
Assembly Unity.PathTracing.Runtime.Tests.dll at Library/ScriptAssemblies/Unity.PathTracing.Runtime.Tests.dll not valid. Loading of assembly skipped.
Assembly Unity.RenderPipelines.Core.Editor.Tests.dll at Library/ScriptAssemblies/Unity.RenderPipelines.Core.Editor.Tests.dll not valid. Loading of assembly skipped.
Assembly Unity.RenderPipelines.Core.Runtime.Tests.dll at Library/ScriptAssemblies/Unity.RenderPipelines.Core.Runtime.Tests.dll not valid. Loading of assembly skipped.
Assembly Unity.RenderPipelines.Universal.Config.Editor.Tests.dll at Library/ScriptAssemblies/Unity.RenderPipelines.Universal.Config.Editor.Tests.dll not valid. Loading of assembly skipped.
Assembly Unity.RenderPipelines.Universal.Editor.Tests.dll at Library/ScriptAssemblies/Unity.RenderPipelines.Universal.Editor.Tests.dll not valid. Loading of assembly skipped.
Assembly Unity.RenderPipelines.Universal.Runtime.Tests.dll at Library/ScriptAssemblies/Unity.RenderPipelines.Universal.Runtime.Tests.dll not valid. Loading of assembly skipped.
Assembly Unity.ResourceManager.Tests.dll at Library/ScriptAssemblies/Unity.ResourceManager.Tests.dll not valid. Loading of assembly skipped.
Assembly Unity.ScriptableBuildPipeline.Editor.Tests.dll at Library/ScriptAssemblies/Unity.ScriptableBuildPipeline.Editor.Tests.dll not valid. Loading of assembly skipped.
Assembly Unity.ScriptableBuildPipeline.Tests.dll at Library/ScriptAssemblies/Unity.ScriptableBuildPipeline.Tests.dll not valid. Loading of assembly skipped.
Assembly Unity.ScriptableBuildPipelineTests.Runtime.Tests.dll at Library/ScriptAssemblies/Unity.ScriptableBuildPipelineTests.Runtime.Tests.dll not valid. Loading of assembly skipped.
Assembly Unity.Searcher.EditorTests.dll at Library/ScriptAssemblies/Unity.Searcher.EditorTests.dll not valid. Loading of assembly skipped.
Assembly Unity.Settings.Tests.dll at Library/ScriptAssemblies/Unity.Settings.Tests.dll not valid. Loading of assembly skipped.
Assembly Unity.ShaderGraph.Editor.Tests.dll at Library/ScriptAssemblies/Unity.ShaderGraph.Editor.Tests.dll not valid. Loading of assembly skipped.
Assembly Unity.TextMeshPro.Editor.Tests.dll at Library/ScriptAssemblies/Unity.TextMeshPro.Editor.Tests.dll not valid. Loading of assembly skipped.
Assembly Unity.TextMeshPro.Tests.dll at Library/ScriptAssemblies/Unity.TextMeshPro.Tests.dll not valid. Loading of assembly skipped.
Assembly Unity.UnifiedRayTracing.Editor.Tests.dll at Library/ScriptAssemblies/Unity.UnifiedRayTracing.Editor.Tests.dll not valid. Loading of assembly skipped.
Assembly UnityEditor.UI.Common.Tests.dll at Library/ScriptAssemblies/UnityEditor.UI.Common.Tests.dll not valid. Loading of assembly skipped.
Assembly UnityEditor.UI.EditorTests.dll at Library/ScriptAssemblies/UnityEditor.UI.EditorTests.dll not valid. Loading of assembly skipped.
Assembly UnityEngine.UI.Tests.dll at Library/ScriptAssemblies/UnityEngine.UI.Tests.dll not valid. Loading of assembly skipped.
Symbol file LoadedFromMemory is not a mono symbol file
Refreshing native plugins compatible for Editor in 2.36 ms, found 4 plugins.
Assertion failed on expression: 'pred(*previous, *i)'
Assertion failed on expression: 'pred(*previous, *i)'
Assertion failed on expression: 'pred(*previous, *i)'
Assertion failed on expression: 'pred(*previous, *i)'
Assertion failed on expression: 'pred(*previous, *i)'
Assertion failed on expression: 'pred(*previous, *i)'
Assertion failed on expression: 'pred(*previous, *i)'
Assertion failed on expression: 'pred(*previous, *i)'
Assertion failed on expression: 'pred(*previous, *i)'
Assertion failed on expression: 'pred(*previous, *i)'
Assertion failed on expression: 'pred(*previous, *i)'
Assertion failed on expression: 'pred(*previous, *i)'
Native extension for LinuxStandalone target not found
Native extension for iOS target not found
Native extension for Android target not found
Native extension for WindowsStandalone target not found
[Package Manager] Failed to launch server process. Reason: Unity was launched with the -noUpm command-line argument
[Package Manager] Unable to send message (not connected to server process).
[Package Manager] Cannot connect to Unity Package Manager local server
[Package Manager] Failed to launch server process. Reason: Unity was launched with the -noUpm command-line argument
[Package Manager] Unable to send message (not connected to server process).
[Package Manager] Cannot connect to Unity Package Manager local server
[MODES] ModeService[none].Initialize
[MODES] ModeService[none].LoadModes
ScheduleIndexationOnStartup MainProcess:False IndexOnStartup:True
Mono: successfully reloaded assembly
- Finished resetting the current domain, in  0.986 seconds
Domain Reload Profiling: 1843ms
	BeginReloadAssembly (203ms)
		DisableScriptedObjects (5ms)
		CreateAndSetChildDomain (49ms)
	RebuildCommonClasses (36ms)
	RebuildNativeTypeToScriptingClass (11ms)
	initialDomainReloadingComplete (66ms)
	LoadAllAssembliesAndSetupDomain (541ms)
		LoadAssemblies (396ms)
		AnalyzeDomain (229ms)
			TypeCache.Refresh (14ms)
			BuildScriptInfoCaches (203ms)
			ResolveRequiredComponents (11ms)
	FinalizeReload (987ms)
		SetupLoadedEditorAssemblies (0ms)
			InitializePlatformSupportModulesInManaged (21ms)
			BeforeProcessingInitializeOnLoad (166ms)
			ProcessInitializeOnLoadAttributes (486ms)
			ProcessInitializeOnLoadMethodAttributes (133ms)
			AfterProcessingInitializeOnLoad (8ms)
		AwakeInstancesAfterBackupRestoration (20ms)
Refreshing native plugins compatible for Editor in 2.90 ms, found 4 plugins.
Unloading 35 Unused Serialized files (Serialized files now loaded: 0)
Unloading 8126 unused Assets / (7.5 MB). Loaded Objects now: 9102.
Memory consumption went from 199.3 MB to 191.9 MB.
Total: 11.964300 ms (FindLiveObjects: 0.813000 ms CreateObjectMapping: 0.707700 ms MarkObjects: 6.300300 ms  DeleteObjects: 4.141700 ms)

Prepare: number of updated asset objects reloaded= 0
========================================================================
Received Prepare
Begin MonoManager ReloadAssembly
[Licensing::Client] Successfully resolved entitlement details
[Licensing::Module] License group:
  Id: F4-ZF4W-JG7U-QS5D-T52E-XXXX
  Product: Unity Personal
  Type: ULF
  Expiration: Unlimited
[Licensing::Module] License group:
  Id: 4673487441905-UnityPersXXXX
  Product: Unity Personal
  Type: Assigned
  Expiration: Unlimited
Assembly Assembly-CSharp-Editor-firstpass.dll at Library/ScriptAssemblies/Assembly-CSharp-Editor-firstpass.dll not valid. Loading of assembly skipped.
Assembly Assembly-CSharp-firstpass.dll at Library/ScriptAssemblies/Assembly-CSharp-firstpass.dll not valid. Loading of assembly skipped.
Assembly DocCodeExamples.dll at Library/ScriptAssemblies/DocCodeExamples.dll not valid. Loading of assembly skipped.
Assembly TestNewCustomAssembly.dll at Library/ScriptAssemblies/TestNewCustomAssembly.dll not valid. Loading of assembly skipped.
Assembly Unity.2D.Sprite.Package.EditorTests.dll at Library/ScriptAssemblies/Unity.2D.Sprite.Package.EditorTests.dll not valid. Loading of assembly skipped.
Assembly Unity.Addressables.Editor.Tests.dll at Library/ScriptAssemblies/Unity.Addressables.Editor.Tests.dll not valid. Loading of assembly skipped.
Assembly Unity.Addressables.Runtime.Tests.dll at Library/ScriptAssemblies/Unity.Addressables.Runtime.Tests.dll not valid. Loading of assembly skipped.
Assembly Unity.Collections.BurstCompatibilityGen.dll at Library/ScriptAssemblies/Unity.Collections.BurstCompatibilityGen.dll not valid. Loading of assembly skipped.
Assembly Unity.Collections.DocCodeSamples.dll at Library/ScriptAssemblies/Unity.Collections.DocCodeSamples.dll not valid. Loading of assembly skipped.
Assembly Unity.Collections.PerformanceTests.dll at Library/ScriptAssemblies/Unity.Collections.PerformanceTests.dll not valid. Loading of assembly skipped.
Assembly Unity.Collections.Tests.dll at Library/ScriptAssemblies/Unity.Collections.Tests.dll not valid. Loading of assembly skipped.
Assembly Unity.Collections.Tests.Playmode.dll at Library/ScriptAssemblies/Unity.Collections.Tests.Playmode.dll not valid. Loading of assembly skipped.
Assembly Unity.InputSystem.IntegrationTests.dll at Library/ScriptAssemblies/Unity.InputSystem.IntegrationTests.dll not valid. Loading of assembly skipped.
Assembly Unity.Localization.DocCodeSamples.dll at Library/ScriptAssemblies/Unity.Localization.DocCodeSamples.dll not valid. Loading of assembly skipped.
Assembly Unity.Mathematics.Tests.dll at Library/ScriptAssemblies/Unity.Mathematics.Tests.dll not valid. Loading of assembly skipped.
Assembly Unity.Multiplayer.Center.Editor.Tests.dll at Library/ScriptAssemblies/Unity.Multiplayer.Center.Editor.Tests.dll not valid. Loading of assembly skipped.
Assembly Unity.Multiplayer.Center.Tests.dll at Library/ScriptAssemblies/Unity.Multiplayer.Center.Tests.dll not valid. Loading of assembly skipped.
Assembly Unity.Nuget.Mono-Cecil.dll at Library/ScriptAssemblies/Unity.Nuget.Mono-Cecil.dll not valid. Loading of assembly skipped.
Assembly Unity.PathTracing.Editor.Tests.dll at Library/ScriptAssemblies/Unity.PathTracing.Editor.Tests.dll not valid. Loading of assembly skipped.
Assembly Unity.PathTracing.Runtime.Tests.dll at Library/ScriptAssemblies/Unity.PathTracing.Runtime.Tests.dll not valid. Loading of assembly skipped.
Assembly Unity.RenderPipelines.Core.Editor.Tests.dll at Library/ScriptAssemblies/Unity.RenderPipelines.Core.Editor.Tests.dll not valid. Loading of assembly skipped.
Assembly Unity.RenderPipelines.Core.Runtime.Tests.dll at Library/ScriptAssemblies/Unity.RenderPipelines.Core.Runtime.Tests.dll not valid. Loading of assembly skipped.
Assembly Unity.RenderPipelines.Universal.Config.Editor.Tests.dll at Library/ScriptAssemblies/Unity.RenderPipelines.Universal.Config.Editor.Tests.dll not valid. Loading of assembly skipped.
Assembly Unity.RenderPipelines.Universal.Editor.Tests.dll at Library/ScriptAssemblies/Unity.RenderPipelines.Universal.Editor.Tests.dll not valid. Loading of assembly skipped.
Assembly Unity.RenderPipelines.Universal.Runtime.Tests.dll at Library/ScriptAssemblies/Unity.RenderPipelines.Universal.Runtime.Tests.dll not valid. Loading of assembly skipped.
Assembly Unity.ResourceManager.Tests.dll at Library/ScriptAssemblies/Unity.ResourceManager.Tests.dll not valid. Loading of assembly skipped.
Assembly Unity.ScriptableBuildPipeline.Editor.Tests.dll at Library/ScriptAssemblies/Unity.ScriptableBuildPipeline.Editor.Tests.dll not valid. Loading of assembly skipped.
Assembly Unity.ScriptableBuildPipeline.Tests.dll at Library/ScriptAssemblies/Unity.ScriptableBuildPipeline.Tests.dll not valid. Loading of assembly skipped.
Assembly Unity.ScriptableBuildPipelineTests.Runtime.Tests.dll at Library/ScriptAssemblies/Unity.ScriptableBuildPipelineTests.Runtime.Tests.dll not valid. Loading of assembly skipped.
Assembly Unity.Searcher.EditorTests.dll at Library/ScriptAssemblies/Unity.Searcher.EditorTests.dll not valid. Loading of assembly skipped.
Assembly Unity.Settings.Tests.dll at Library/ScriptAssemblies/Unity.Settings.Tests.dll not valid. Loading of assembly skipped.
Assembly Unity.ShaderGraph.Editor.Tests.dll at Library/ScriptAssemblies/Unity.ShaderGraph.Editor.Tests.dll not valid. Loading of assembly skipped.
Assembly Unity.TextMeshPro.Editor.Tests.dll at Library/ScriptAssemblies/Unity.TextMeshPro.Editor.Tests.dll not valid. Loading of assembly skipped.
Assembly Unity.TextMeshPro.Tests.dll at Library/ScriptAssemblies/Unity.TextMeshPro.Tests.dll not valid. Loading of assembly skipped.
Assembly Unity.UnifiedRayTracing.Editor.Tests.dll at Library/ScriptAssemblies/Unity.UnifiedRayTracing.Editor.Tests.dll not valid. Loading of assembly skipped.
Assembly UnityEditor.UI.Common.Tests.dll at Library/ScriptAssemblies/UnityEditor.UI.Common.Tests.dll not valid. Loading of assembly skipped.
Assembly UnityEditor.UI.EditorTests.dll at Library/ScriptAssemblies/UnityEditor.UI.EditorTests.dll not valid. Loading of assembly skipped.
Assembly UnityEngine.UI.Tests.dll at Library/ScriptAssemblies/UnityEngine.UI.Tests.dll not valid. Loading of assembly skipped.
Symbol file LoadedFromMemory is not a mono symbol file
Refreshing native plugins compatible for Editor in 10.82 ms, found 4 plugins.
Assertion failed on expression: 'pred(*previous, *i)'
Assertion failed on expression: 'pred(*previous, *i)'
Assertion failed on expression: 'pred(*previous, *i)'
Assertion failed on expression: 'pred(*previous, *i)'
Assertion failed on expression: 'pred(*previous, *i)'
Assertion failed on expression: 'pred(*previous, *i)'
Assertion failed on expression: 'pred(*previous, *i)'
Assertion failed on expression: 'pred(*previous, *i)'
Assertion failed on expression: 'pred(*previous, *i)'
Assertion failed on expression: 'pred(*previous, *i)'
Assertion failed on expression: 'pred(*previous, *i)'
Assertion failed on expression: 'pred(*previous, *i)'
Native extension for LinuxStandalone target not found
Native extension for iOS target not found
Native extension for Android target not found
Native extension for WindowsStandalone target not found
[Package Manager] Failed to launch server process. Reason: Unity was launched with the -noUpm command-line argument
[Package Manager] Unable to send message (not connected to server process).
[Package Manager] Cannot connect to Unity Package Manager local server
[Package Manager] Failed to launch server process. Reason: Unity was launched with the -noUpm command-line argument
[Package Manager] Unable to send message (not connected to server process).
[Package Manager] Cannot connect to Unity Package Manager local server
[MODES] ModeService[none].Initialize
[MODES] ModeService[none].LoadModes
ScheduleIndexationOnStartup MainProcess:False IndexOnStartup:True
Mono: successfully reloaded assembly
- Finished resetting the current domain, in  1.601 seconds
Domain Reload Profiling: 9172ms
	BeginReloadAssembly (3090ms)
		DisableScriptedObjects (123ms)
		ReleaseScriptingObjects (8ms)
		CreateAndSetChildDomain (931ms)
	RebuildCommonClasses (61ms)
	RebuildNativeTypeToScriptingClass (20ms)
	initialDomainReloadingComplete (323ms)
	LoadAllAssembliesAndSetupDomain (4075ms)
		LoadAssemblies (3342ms)
		AnalyzeDomain (1059ms)
			TypeCache.Refresh (203ms)
				TypeCache.ScanAssembly (9ms)
			BuildScriptInfoCaches (805ms)
			ResolveRequiredComponents (35ms)
	FinalizeReload (1602ms)
		SetupLoadedEditorAssemblies (0ms)
			InitializePlatformSupportModulesInManaged (45ms)
			BeforeProcessingInitializeOnLoad (306ms)
			ProcessInitializeOnLoadAttributes (709ms)
			ProcessInitializeOnLoadMethodAttributes (176ms)
			AfterProcessingInitializeOnLoad (26ms)
		AwakeInstancesAfterBackupRestoration (27ms)
Refreshing native plugins compatible for Editor in 9.52 ms, found 4 plugins.
Unloading 35 Unused Serialized files (Serialized files now loaded: 0)
Unloading 8126 unused Assets / (6.3 MB). Loaded Objects now: 9108.
Memory consumption went from 202.6 MB to 196.3 MB.
Total: 23.386600 ms (FindLiveObjects: 1.861100 ms CreateObjectMapping: 1.288400 ms MarkObjects: 14.135900 ms  DeleteObjects: 5.607300 ms)

Prepare: number of updated asset objects reloaded= 0
========================================================================
Received Prepare
Refreshing native plugins compatible for Editor in 15.01 ms, found 4 plugins.
Unloading 35 Unused Serialized files (Serialized files now loaded: 0)
Unloading 8114 unused Assets / (6.3 MB). Loaded Objects now: 9108.
Memory consumption went from 205.9 MB to 199.6 MB.
Total: 36.907200 ms (FindLiveObjects: 1.814700 ms CreateObjectMapping: 4.055900 ms MarkObjects: 17.979900 ms  DeleteObjects: 13.053100 ms)

Prepare: number of updated asset objects reloaded= 0
========================================================================
Received Prepare
Begin MonoManager ReloadAssembly
[Licensing::Client] Successfully resolved entitlement details
[Licensing::Module] License group:
  Id: F4-ZF4W-JG7U-QS5D-T52E-XXXX
  Product: Unity Personal
  Type: ULF
  Expiration: Unlimited
[Licensing::Module] License group:
  Id: 4673487441905-UnityPersXXXX
  Product: Unity Personal
  Type: Assigned
  Expiration: Unlimited
Assembly Assembly-CSharp-Editor-firstpass.dll at Library/ScriptAssemblies/Assembly-CSharp-Editor-firstpass.dll not valid. Loading of assembly skipped.
Assembly Assembly-CSharp-firstpass.dll at Library/ScriptAssemblies/Assembly-CSharp-firstpass.dll not valid. Loading of assembly skipped.
Assembly DocCodeExamples.dll at Library/ScriptAssemblies/DocCodeExamples.dll not valid. Loading of assembly skipped.
Assembly TestNewCustomAssembly.dll at Library/ScriptAssemblies/TestNewCustomAssembly.dll not valid. Loading of assembly skipped.
Assembly Unity.2D.Sprite.Package.EditorTests.dll at Library/ScriptAssemblies/Unity.2D.Sprite.Package.EditorTests.dll not valid. Loading of assembly skipped.
Assembly Unity.Addressables.Editor.Tests.dll at Library/ScriptAssemblies/Unity.Addressables.Editor.Tests.dll not valid. Loading of assembly skipped.
Assembly Unity.Addressables.Runtime.Tests.dll at Library/ScriptAssemblies/Unity.Addressables.Runtime.Tests.dll not valid. Loading of assembly skipped.
Assembly Unity.Collections.BurstCompatibilityGen.dll at Library/ScriptAssemblies/Unity.Collections.BurstCompatibilityGen.dll not valid. Loading of assembly skipped.
Assembly Unity.Collections.DocCodeSamples.dll at Library/ScriptAssemblies/Unity.Collections.DocCodeSamples.dll not valid. Loading of assembly skipped.
Assembly Unity.Collections.PerformanceTests.dll at Library/ScriptAssemblies/Unity.Collections.PerformanceTests.dll not valid. Loading of assembly skipped.
Assembly Unity.Collections.Tests.dll at Library/ScriptAssemblies/Unity.Collections.Tests.dll not valid. Loading of assembly skipped.
Assembly Unity.Collections.Tests.Playmode.dll at Library/ScriptAssemblies/Unity.Collections.Tests.Playmode.dll not valid. Loading of assembly skipped.
Assembly Unity.InputSystem.IntegrationTests.dll at Library/ScriptAssemblies/Unity.InputSystem.IntegrationTests.dll not valid. Loading of assembly skipped.
Assembly Unity.Localization.DocCodeSamples.dll at Library/ScriptAssemblies/Unity.Localization.DocCodeSamples.dll not valid. Loading of assembly skipped.
Assembly Unity.Mathematics.Tests.dll at Library/ScriptAssemblies/Unity.Mathematics.Tests.dll not valid. Loading of assembly skipped.
Assembly Unity.Multiplayer.Center.Editor.Tests.dll at Library/ScriptAssemblies/Unity.Multiplayer.Center.Editor.Tests.dll not valid. Loading of assembly skipped.
Assembly Unity.Multiplayer.Center.Tests.dll at Library/ScriptAssemblies/Unity.Multiplayer.Center.Tests.dll not valid. Loading of assembly skipped.
Assembly Unity.Nuget.Mono-Cecil.dll at Library/ScriptAssemblies/Unity.Nuget.Mono-Cecil.dll not valid. Loading of assembly skipped.
Assembly Unity.PathTracing.Editor.Tests.dll at Library/ScriptAssemblies/Unity.PathTracing.Editor.Tests.dll not valid. Loading of assembly skipped.
Assembly Unity.PathTracing.Runtime.Tests.dll at Library/ScriptAssemblies/Unity.PathTracing.Runtime.Tests.dll not valid. Loading of assembly skipped.
Assembly Unity.RenderPipelines.Core.Editor.Tests.dll at Library/ScriptAssemblies/Unity.RenderPipelines.Core.Editor.Tests.dll not valid. Loading of assembly skipped.
Assembly Unity.RenderPipelines.Core.Runtime.Tests.dll at Library/ScriptAssemblies/Unity.RenderPipelines.Core.Runtime.Tests.dll not valid. Loading of assembly skipped.
Assembly Unity.RenderPipelines.Universal.Config.Editor.Tests.dll at Library/ScriptAssemblies/Unity.RenderPipelines.Universal.Config.Editor.Tests.dll not valid. Loading of assembly skipped.
Assembly Unity.RenderPipelines.Universal.Editor.Tests.dll at Library/ScriptAssemblies/Unity.RenderPipelines.Universal.Editor.Tests.dll not valid. Loading of assembly skipped.
Assembly Unity.RenderPipelines.Universal.Runtime.Tests.dll at Library/ScriptAssemblies/Unity.RenderPipelines.Universal.Runtime.Tests.dll not valid. Loading of assembly skipped.
Assembly Unity.ResourceManager.Tests.dll at Library/ScriptAssemblies/Unity.ResourceManager.Tests.dll not valid. Loading of assembly skipped.
Assembly Unity.ScriptableBuildPipeline.Editor.Tests.dll at Library/ScriptAssemblies/Unity.ScriptableBuildPipeline.Editor.Tests.dll not valid. Loading of assembly skipped.
Assembly Unity.ScriptableBuildPipeline.Tests.dll at Library/ScriptAssemblies/Unity.ScriptableBuildPipeline.Tests.dll not valid. Loading of assembly skipped.
Assembly Unity.ScriptableBuildPipelineTests.Runtime.Tests.dll at Library/ScriptAssemblies/Unity.ScriptableBuildPipelineTests.Runtime.Tests.dll not valid. Loading of assembly skipped.
Assembly Unity.Searcher.EditorTests.dll at Library/ScriptAssemblies/Unity.Searcher.EditorTests.dll not valid. Loading of assembly skipped.
Assembly Unity.Settings.Tests.dll at Library/ScriptAssemblies/Unity.Settings.Tests.dll not valid. Loading of assembly skipped.
Assembly Unity.ShaderGraph.Editor.Tests.dll at Library/ScriptAssemblies/Unity.ShaderGraph.Editor.Tests.dll not valid. Loading of assembly skipped.
Assembly Unity.TextMeshPro.Editor.Tests.dll at Library/ScriptAssemblies/Unity.TextMeshPro.Editor.Tests.dll not valid. Loading of assembly skipped.
Assembly Unity.TextMeshPro.Tests.dll at Library/ScriptAssemblies/Unity.TextMeshPro.Tests.dll not valid. Loading of assembly skipped.
Assembly Unity.UnifiedRayTracing.Editor.Tests.dll at Library/ScriptAssemblies/Unity.UnifiedRayTracing.Editor.Tests.dll not valid. Loading of assembly skipped.
Assembly UnityEditor.UI.Common.Tests.dll at Library/ScriptAssemblies/UnityEditor.UI.Common.Tests.dll not valid. Loading of assembly skipped.
Assembly UnityEditor.UI.EditorTests.dll at Library/ScriptAssemblies/UnityEditor.UI.EditorTests.dll not valid. Loading of assembly skipped.
Assembly UnityEngine.UI.Tests.dll at Library/ScriptAssemblies/UnityEngine.UI.Tests.dll not valid. Loading of assembly skipped.
Symbol file LoadedFromMemory is not a mono symbol file
Refreshing native plugins compatible for Editor in 2.81 ms, found 4 plugins.
Assertion failed on expression: 'pred(*previous, *i)'
Assertion failed on expression: 'pred(*previous, *i)'
Assertion failed on expression: 'pred(*previous, *i)'
Assertion failed on expression: 'pred(*previous, *i)'
Assertion failed on expression: 'pred(*previous, *i)'
Assertion failed on expression: 'pred(*previous, *i)'
Assertion failed on expression: 'pred(*previous, *i)'
Assertion failed on expression: 'pred(*previous, *i)'
Assertion failed on expression: 'pred(*previous, *i)'
Assertion failed on expression: 'pred(*previous, *i)'
Assertion failed on expression: 'pred(*previous, *i)'
Assertion failed on expression: 'pred(*previous, *i)'
Native extension for LinuxStandalone target not found
Native extension for iOS target not found
Native extension for Android target not found
Native extension for WindowsStandalone target not found
[Package Manager] Failed to launch server process. Reason: Unity was launched with the -noUpm command-line argument
[Package Manager] Unable to send message (not connected to server process).
[Package Manager] Cannot connect to Unity Package Manager local server
[Package Manager] Failed to launch server process. Reason: Unity was launched with the -noUpm command-line argument
[Package Manager] Unable to send message (not connected to server process).
[Package Manager] Cannot connect to Unity Package Manager local server
[MODES] ModeService[none].Initialize
[MODES] ModeService[none].LoadModes
ScheduleIndexationOnStartup MainProcess:False IndexOnStartup:True
Mono: successfully reloaded assembly
- Finished resetting the current domain, in  0.923 seconds
Domain Reload Profiling: 1950ms
	BeginReloadAssembly (224ms)
		DisableScriptedObjects (7ms)
		CreateAndSetChildDomain (62ms)
	RebuildCommonClasses (33ms)
	RebuildNativeTypeToScriptingClass (12ms)
	initialDomainReloadingComplete (64ms)
	LoadAllAssembliesAndSetupDomain (693ms)
		LoadAssemblies (478ms)
		AnalyzeDomain (299ms)
			TypeCache.Refresh (8ms)
			BuildScriptInfoCaches (271ms)
			ResolveRequiredComponents (18ms)
	FinalizeReload (923ms)
		SetupLoadedEditorAssemblies (0ms)
			InitializePlatformSupportModulesInManaged (24ms)
			BeforeProcessingInitializeOnLoad (175ms)
			ProcessInitializeOnLoadAttributes (431ms)
			ProcessInitializeOnLoadMethodAttributes (106ms)
			AfterProcessingInitializeOnLoad (6ms)
		AwakeInstancesAfterBackupRestoration (16ms)
Refreshing native plugins compatible for Editor in 2.37 ms, found 4 plugins.
Unloading 35 Unused Serialized files (Serialized files now loaded: 0)
Unloading 8126 unused Assets / (7.2 MB). Loaded Objects now: 9114.
Memory consumption went from 209.1 MB to 201.9 MB.
Total: 9.517800 ms (FindLiveObjects: 0.700100 ms CreateObjectMapping: 0.625400 ms MarkObjects: 5.239900 ms  DeleteObjects: 2.950900 ms)

Prepare: number of updated asset objects reloaded= 0
========================================================================
Received Import Request.
  Time since last request: 2290.524103 seconds.
  path: Assets/Art/VFXs/JMO Assets/WarFX/_Effects (Mobile)/MuzzleFlashes/Sprites/WFXMR_MF Spr RIFLE3.prefab
  importAddress: Guid(31e92f47a14b1434397c9d18b23ef28d) Importer(815301076,1909f56bfc062723c751e8b465ee728b)
Start importing Assets/Art/VFXs/JMO Assets/WarFX/_Effects (Mobile)/MuzzleFlashes/Sprites/WFXMR_MF Spr RIFLE3.prefab using Guid(31e92f47a14b1434397c9d18b23ef28d) Importer(815301076,1909f56bfc062723c751e8b465ee728b) (PreviewImporter) -> (Import Result ID: 'a42eb45a0029706a66cfc5e657118ffa') in 0.5919965 seconds [static and dynamic dependencies]. Details - ImportResultOutputID=647f4e1f5e747c2d1e73be1fa9b5083c DependenciesID=de3678dfff182c7392acb8c251f9002f StaticDependenciesID=1338a4de4816537a2b460209f3d8e4bc 
Number of updated asset objects reloaded before import = 0Number of asset objects unloaded after import = 29

========================================================================
Received Prepare
Begin MonoManager ReloadAssembly
[Licensing::Client] Successfully resolved entitlement details
[Licensing::Module] License group:
  Id: F4-ZF4W-JG7U-QS5D-T52E-XXXX
  Product: Unity Personal
  Type: ULF
  Expiration: Unlimited
[Licensing::Module] License group:
  Id: 4673487441905-UnityPersXXXX
  Product: Unity Personal
  Type: Assigned
  Expiration: Unlimited
Assembly Assembly-CSharp-Editor-firstpass.dll at Library/ScriptAssemblies/Assembly-CSharp-Editor-firstpass.dll not valid. Loading of assembly skipped.
Assembly Assembly-CSharp-firstpass.dll at Library/ScriptAssemblies/Assembly-CSharp-firstpass.dll not valid. Loading of assembly skipped.
Assembly DocCodeExamples.dll at Library/ScriptAssemblies/DocCodeExamples.dll not valid. Loading of assembly skipped.
Assembly TestNewCustomAssembly.dll at Library/ScriptAssemblies/TestNewCustomAssembly.dll not valid. Loading of assembly skipped.
Assembly Unity.2D.Sprite.Package.EditorTests.dll at Library/ScriptAssemblies/Unity.2D.Sprite.Package.EditorTests.dll not valid. Loading of assembly skipped.
Assembly Unity.Addressables.Editor.Tests.dll at Library/ScriptAssemblies/Unity.Addressables.Editor.Tests.dll not valid. Loading of assembly skipped.
Assembly Unity.Addressables.Runtime.Tests.dll at Library/ScriptAssemblies/Unity.Addressables.Runtime.Tests.dll not valid. Loading of assembly skipped.
Assembly Unity.Collections.BurstCompatibilityGen.dll at Library/ScriptAssemblies/Unity.Collections.BurstCompatibilityGen.dll not valid. Loading of assembly skipped.
Assembly Unity.Collections.DocCodeSamples.dll at Library/ScriptAssemblies/Unity.Collections.DocCodeSamples.dll not valid. Loading of assembly skipped.
Assembly Unity.Collections.PerformanceTests.dll at Library/ScriptAssemblies/Unity.Collections.PerformanceTests.dll not valid. Loading of assembly skipped.
Assembly Unity.Collections.Tests.dll at Library/ScriptAssemblies/Unity.Collections.Tests.dll not valid. Loading of assembly skipped.
Assembly Unity.Collections.Tests.Playmode.dll at Library/ScriptAssemblies/Unity.Collections.Tests.Playmode.dll not valid. Loading of assembly skipped.
Assembly Unity.InputSystem.IntegrationTests.dll at Library/ScriptAssemblies/Unity.InputSystem.IntegrationTests.dll not valid. Loading of assembly skipped.
Assembly Unity.Localization.DocCodeSamples.dll at Library/ScriptAssemblies/Unity.Localization.DocCodeSamples.dll not valid. Loading of assembly skipped.
Assembly Unity.Mathematics.Tests.dll at Library/ScriptAssemblies/Unity.Mathematics.Tests.dll not valid. Loading of assembly skipped.
Assembly Unity.Multiplayer.Center.Editor.Tests.dll at Library/ScriptAssemblies/Unity.Multiplayer.Center.Editor.Tests.dll not valid. Loading of assembly skipped.
Assembly Unity.Multiplayer.Center.Tests.dll at Library/ScriptAssemblies/Unity.Multiplayer.Center.Tests.dll not valid. Loading of assembly skipped.
Assembly Unity.Nuget.Mono-Cecil.dll at Library/ScriptAssemblies/Unity.Nuget.Mono-Cecil.dll not valid. Loading of assembly skipped.
Assembly Unity.PathTracing.Editor.Tests.dll at Library/ScriptAssemblies/Unity.PathTracing.Editor.Tests.dll not valid. Loading of assembly skipped.
Assembly Unity.PathTracing.Runtime.Tests.dll at Library/ScriptAssemblies/Unity.PathTracing.Runtime.Tests.dll not valid. Loading of assembly skipped.
Assembly Unity.RenderPipelines.Core.Editor.Tests.dll at Library/ScriptAssemblies/Unity.RenderPipelines.Core.Editor.Tests.dll not valid. Loading of assembly skipped.
Assembly Unity.RenderPipelines.Core.Runtime.Tests.dll at Library/ScriptAssemblies/Unity.RenderPipelines.Core.Runtime.Tests.dll not valid. Loading of assembly skipped.
Assembly Unity.RenderPipelines.Universal.Config.Editor.Tests.dll at Library/ScriptAssemblies/Unity.RenderPipelines.Universal.Config.Editor.Tests.dll not valid. Loading of assembly skipped.
Assembly Unity.RenderPipelines.Universal.Editor.Tests.dll at Library/ScriptAssemblies/Unity.RenderPipelines.Universal.Editor.Tests.dll not valid. Loading of assembly skipped.
Assembly Unity.RenderPipelines.Universal.Runtime.Tests.dll at Library/ScriptAssemblies/Unity.RenderPipelines.Universal.Runtime.Tests.dll not valid. Loading of assembly skipped.
Assembly Unity.ResourceManager.Tests.dll at Library/ScriptAssemblies/Unity.ResourceManager.Tests.dll not valid. Loading of assembly skipped.
Assembly Unity.ScriptableBuildPipeline.Editor.Tests.dll at Library/ScriptAssemblies/Unity.ScriptableBuildPipeline.Editor.Tests.dll not valid. Loading of assembly skipped.
Assembly Unity.ScriptableBuildPipeline.Tests.dll at Library/ScriptAssemblies/Unity.ScriptableBuildPipeline.Tests.dll not valid. Loading of assembly skipped.
Assembly Unity.ScriptableBuildPipelineTests.Runtime.Tests.dll at Library/ScriptAssemblies/Unity.ScriptableBuildPipelineTests.Runtime.Tests.dll not valid. Loading of assembly skipped.
Assembly Unity.Searcher.EditorTests.dll at Library/ScriptAssemblies/Unity.Searcher.EditorTests.dll not valid. Loading of assembly skipped.
Assembly Unity.Settings.Tests.dll at Library/ScriptAssemblies/Unity.Settings.Tests.dll not valid. Loading of assembly skipped.
Assembly Unity.ShaderGraph.Editor.Tests.dll at Library/ScriptAssemblies/Unity.ShaderGraph.Editor.Tests.dll not valid. Loading of assembly skipped.
Assembly Unity.TextMeshPro.Editor.Tests.dll at Library/ScriptAssemblies/Unity.TextMeshPro.Editor.Tests.dll not valid. Loading of assembly skipped.
Assembly Unity.TextMeshPro.Tests.dll at Library/ScriptAssemblies/Unity.TextMeshPro.Tests.dll not valid. Loading of assembly skipped.
Assembly Unity.UnifiedRayTracing.Editor.Tests.dll at Library/ScriptAssemblies/Unity.UnifiedRayTracing.Editor.Tests.dll not valid. Loading of assembly skipped.
Assembly UnityEditor.UI.Common.Tests.dll at Library/ScriptAssemblies/UnityEditor.UI.Common.Tests.dll not valid. Loading of assembly skipped.
Assembly UnityEditor.UI.EditorTests.dll at Library/ScriptAssemblies/UnityEditor.UI.EditorTests.dll not valid. Loading of assembly skipped.
Assembly UnityEngine.UI.Tests.dll at Library/ScriptAssemblies/UnityEngine.UI.Tests.dll not valid. Loading of assembly skipped.
Symbol file LoadedFromMemory is not a mono symbol file
Refreshing native plugins compatible for Editor in 2.50 ms, found 4 plugins.
Assertion failed on expression: 'pred(*previous, *i)'
Assertion failed on expression: 'pred(*previous, *i)'
Assertion failed on expression: 'pred(*previous, *i)'
Assertion failed on expression: 'pred(*previous, *i)'
Assertion failed on expression: 'pred(*previous, *i)'
Assertion failed on expression: 'pred(*previous, *i)'
Assertion failed on expression: 'pred(*previous, *i)'
Assertion failed on expression: 'pred(*previous, *i)'
Assertion failed on expression: 'pred(*previous, *i)'
Assertion failed on expression: 'pred(*previous, *i)'
Assertion failed on expression: 'pred(*previous, *i)'
Assertion failed on expression: 'pred(*previous, *i)'
Native extension for LinuxStandalone target not found
Native extension for iOS target not found
Native extension for Android target not found
Native extension for WindowsStandalone target not found
[Package Manager] Failed to launch server process. Reason: Unity was launched with the -noUpm command-line argument
[Package Manager] Unable to send message (not connected to server process).
[Package Manager] Cannot connect to Unity Package Manager local server
[Package Manager] Failed to launch server process. Reason: Unity was launched with the -noUpm command-line argument
[Package Manager] Unable to send message (not connected to server process).
[Package Manager] Cannot connect to Unity Package Manager local server
[MODES] ModeService[none].Initialize
[MODES] ModeService[none].LoadModes
ScheduleIndexationOnStartup MainProcess:False IndexOnStartup:True
Mono: successfully reloaded assembly
- Finished resetting the current domain, in  0.925 seconds
Domain Reload Profiling: 2636ms
	BeginReloadAssembly (559ms)
		DisableScriptedObjects (41ms)
		CreateAndSetChildDomain (213ms)
	RebuildCommonClasses (36ms)
	RebuildNativeTypeToScriptingClass (11ms)
	initialDomainReloadingComplete (75ms)
	LoadAllAssembliesAndSetupDomain (1029ms)
		LoadAssemblies (882ms)
		AnalyzeDomain (304ms)
			TypeCache.Refresh (27ms)
			BuildScriptInfoCaches (264ms)
			ResolveRequiredComponents (11ms)
	FinalizeReload (925ms)
		SetupLoadedEditorAssemblies (0ms)
			InitializePlatformSupportModulesInManaged (20ms)
			BeforeProcessingInitializeOnLoad (146ms)
			ProcessInitializeOnLoadAttributes (435ms)
			ProcessInitializeOnLoadMethodAttributes (139ms)
			AfterProcessingInitializeOnLoad (10ms)
		AwakeInstancesAfterBackupRestoration (20ms)
Refreshing native plugins compatible for Editor in 2.75 ms, found 4 plugins.
Unloading 35 Unused Serialized files (Serialized files now loaded: 0)
Unloading 8126 unused Assets / (6.3 MB). Loaded Objects now: 9140.
Memory consumption went from 190.3 MB to 184.0 MB.
Total: 11.059700 ms (FindLiveObjects: 1.900100 ms CreateObjectMapping: 0.700300 ms MarkObjects: 5.381400 ms  DeleteObjects: 3.075700 ms)

Prepare: number of updated asset objects reloaded= 0
========================================================================
Received Import Request.
  Time since last request: 147.607561 seconds.
  path: Assets/Prefabs/VFX/PS_BoomText.prefab
  importAddress: Guid(f3562626d926ea644902b8aa181f85c5) Importer(815301076,1909f56bfc062723c751e8b465ee728b)
Start importing Assets/Prefabs/VFX/PS_BoomText.prefab using Guid(f3562626d926ea644902b8aa181f85c5) Importer(815301076,1909f56bfc062723c751e8b465ee728b) (PreviewImporter) -> (Import Result ID: '8e0b6d5a150bb5fee0dc5bdd6462d145') in 0.48195 seconds [static and dynamic dependencies]. Details - ImportResultOutputID=ec33fd056f67a68b7a94588cb8b48496 DependenciesID=fa2a7223588f9eb10c16aff648662ceb StaticDependenciesID=4cfcaf8ecc9aa6d6d91c2a2f3a8282ca 
Number of updated asset objects reloaded before import = 0Number of asset objects unloaded after import = 34

========================================================================
Received Import Request.
  Time since last request: 24.016207 seconds.
  path: Assets/Prefabs/VFX/PS_TurretMuzzleFlesh.prefab
  importAddress: Guid(93e385dc6c276034fb3602aa298caa8f) Importer(815301076,1909f56bfc062723c751e8b465ee728b)
Start importing Assets/Prefabs/VFX/PS_TurretMuzzleFlesh.prefab using Guid(93e385dc6c276034fb3602aa298caa8f) Importer(815301076,1909f56bfc062723c751e8b465ee728b) (PreviewImporter) -> (Import Result ID: 'cf540e6c57195e671cce3a297fa5eb64') in 0.0260407 seconds [static and dynamic dependencies]. Details - ImportResultOutputID=3b8344faf904d3eb98f42b18be64a732 DependenciesID=b64c23b7bbcb4d48d13fc0976c0713b6 StaticDependenciesID=d99304a7b6f7a8959ce400ba63e18849 
Number of updated asset objects reloaded before import = 0Number of asset objects unloaded after import = 31

========================================================================
Received Prepare
Begin MonoManager ReloadAssembly
[Licensing::Client] Successfully resolved entitlement details
[Licensing::Module] License group:
  Id: F4-ZF4W-JG7U-QS5D-T52E-XXXX
  Product: Unity Personal
  Type: ULF
  Expiration: Unlimited
[Licensing::Module] License group:
  Id: 4673487441905-UnityPersXXXX
  Product: Unity Personal
  Type: Assigned
  Expiration: Unlimited
Assembly Assembly-CSharp-Editor-firstpass.dll at Library/ScriptAssemblies/Assembly-CSharp-Editor-firstpass.dll not valid. Loading of assembly skipped.
Assembly Assembly-CSharp-firstpass.dll at Library/ScriptAssemblies/Assembly-CSharp-firstpass.dll not valid. Loading of assembly skipped.
Assembly DocCodeExamples.dll at Library/ScriptAssemblies/DocCodeExamples.dll not valid. Loading of assembly skipped.
Assembly TestNewCustomAssembly.dll at Library/ScriptAssemblies/TestNewCustomAssembly.dll not valid. Loading of assembly skipped.
Assembly Unity.2D.Sprite.Package.EditorTests.dll at Library/ScriptAssemblies/Unity.2D.Sprite.Package.EditorTests.dll not valid. Loading of assembly skipped.
Assembly Unity.Addressables.Editor.Tests.dll at Library/ScriptAssemblies/Unity.Addressables.Editor.Tests.dll not valid. Loading of assembly skipped.
Assembly Unity.Addressables.Runtime.Tests.dll at Library/ScriptAssemblies/Unity.Addressables.Runtime.Tests.dll not valid. Loading of assembly skipped.
Assembly Unity.Collections.BurstCompatibilityGen.dll at Library/ScriptAssemblies/Unity.Collections.BurstCompatibilityGen.dll not valid. Loading of assembly skipped.
Assembly Unity.Collections.DocCodeSamples.dll at Library/ScriptAssemblies/Unity.Collections.DocCodeSamples.dll not valid. Loading of assembly skipped.
Assembly Unity.Collections.PerformanceTests.dll at Library/ScriptAssemblies/Unity.Collections.PerformanceTests.dll not valid. Loading of assembly skipped.
Assembly Unity.Collections.Tests.dll at Library/ScriptAssemblies/Unity.Collections.Tests.dll not valid. Loading of assembly skipped.
Assembly Unity.Collections.Tests.Playmode.dll at Library/ScriptAssemblies/Unity.Collections.Tests.Playmode.dll not valid. Loading of assembly skipped.
Assembly Unity.InputSystem.IntegrationTests.dll at Library/ScriptAssemblies/Unity.InputSystem.IntegrationTests.dll not valid. Loading of assembly skipped.
Assembly Unity.Localization.DocCodeSamples.dll at Library/ScriptAssemblies/Unity.Localization.DocCodeSamples.dll not valid. Loading of assembly skipped.
Assembly Unity.Mathematics.Tests.dll at Library/ScriptAssemblies/Unity.Mathematics.Tests.dll not valid. Loading of assembly skipped.
Assembly Unity.Multiplayer.Center.Editor.Tests.dll at Library/ScriptAssemblies/Unity.Multiplayer.Center.Editor.Tests.dll not valid. Loading of assembly skipped.
Assembly Unity.Multiplayer.Center.Tests.dll at Library/ScriptAssemblies/Unity.Multiplayer.Center.Tests.dll not valid. Loading of assembly skipped.
Assembly Unity.Nuget.Mono-Cecil.dll at Library/ScriptAssemblies/Unity.Nuget.Mono-Cecil.dll not valid. Loading of assembly skipped.
Assembly Unity.PathTracing.Editor.Tests.dll at Library/ScriptAssemblies/Unity.PathTracing.Editor.Tests.dll not valid. Loading of assembly skipped.
Assembly Unity.PathTracing.Runtime.Tests.dll at Library/ScriptAssemblies/Unity.PathTracing.Runtime.Tests.dll not valid. Loading of assembly skipped.
Assembly Unity.RenderPipelines.Core.Editor.Tests.dll at Library/ScriptAssemblies/Unity.RenderPipelines.Core.Editor.Tests.dll not valid. Loading of assembly skipped.
Assembly Unity.RenderPipelines.Core.Runtime.Tests.dll at Library/ScriptAssemblies/Unity.RenderPipelines.Core.Runtime.Tests.dll not valid. Loading of assembly skipped.
Assembly Unity.RenderPipelines.Universal.Config.Editor.Tests.dll at Library/ScriptAssemblies/Unity.RenderPipelines.Universal.Config.Editor.Tests.dll not valid. Loading of assembly skipped.
Assembly Unity.RenderPipelines.Universal.Editor.Tests.dll at Library/ScriptAssemblies/Unity.RenderPipelines.Universal.Editor.Tests.dll not valid. Loading of assembly skipped.
Assembly Unity.RenderPipelines.Universal.Runtime.Tests.dll at Library/ScriptAssemblies/Unity.RenderPipelines.Universal.Runtime.Tests.dll not valid. Loading of assembly skipped.
Assembly Unity.ResourceManager.Tests.dll at Library/ScriptAssemblies/Unity.ResourceManager.Tests.dll not valid. Loading of assembly skipped.
Assembly Unity.ScriptableBuildPipeline.Editor.Tests.dll at Library/ScriptAssemblies/Unity.ScriptableBuildPipeline.Editor.Tests.dll not valid. Loading of assembly skipped.
Assembly Unity.ScriptableBuildPipeline.Tests.dll at Library/ScriptAssemblies/Unity.ScriptableBuildPipeline.Tests.dll not valid. Loading of assembly skipped.
Assembly Unity.ScriptableBuildPipelineTests.Runtime.Tests.dll at Library/ScriptAssemblies/Unity.ScriptableBuildPipelineTests.Runtime.Tests.dll not valid. Loading of assembly skipped.
Assembly Unity.Searcher.EditorTests.dll at Library/ScriptAssemblies/Unity.Searcher.EditorTests.dll not valid. Loading of assembly skipped.
Assembly Unity.Settings.Tests.dll at Library/ScriptAssemblies/Unity.Settings.Tests.dll not valid. Loading of assembly skipped.
Assembly Unity.ShaderGraph.Editor.Tests.dll at Library/ScriptAssemblies/Unity.ShaderGraph.Editor.Tests.dll not valid. Loading of assembly skipped.
Assembly Unity.TextMeshPro.Editor.Tests.dll at Library/ScriptAssemblies/Unity.TextMeshPro.Editor.Tests.dll not valid. Loading of assembly skipped.
Assembly Unity.TextMeshPro.Tests.dll at Library/ScriptAssemblies/Unity.TextMeshPro.Tests.dll not valid. Loading of assembly skipped.
Assembly Unity.UnifiedRayTracing.Editor.Tests.dll at Library/ScriptAssemblies/Unity.UnifiedRayTracing.Editor.Tests.dll not valid. Loading of assembly skipped.
Assembly UnityEditor.UI.Common.Tests.dll at Library/ScriptAssemblies/UnityEditor.UI.Common.Tests.dll not valid. Loading of assembly skipped.
Assembly UnityEditor.UI.EditorTests.dll at Library/ScriptAssemblies/UnityEditor.UI.EditorTests.dll not valid. Loading of assembly skipped.
Assembly UnityEngine.UI.Tests.dll at Library/ScriptAssemblies/UnityEngine.UI.Tests.dll not valid. Loading of assembly skipped.
Symbol file LoadedFromMemory is not a mono symbol file
Refreshing native plugins compatible for Editor in 2.76 ms, found 4 plugins.
Assertion failed on expression: 'pred(*previous, *i)'
Assertion failed on expression: 'pred(*previous, *i)'
Assertion failed on expression: 'pred(*previous, *i)'
Assertion failed on expression: 'pred(*previous, *i)'
Assertion failed on expression: 'pred(*previous, *i)'
Assertion failed on expression: 'pred(*previous, *i)'
Assertion failed on expression: 'pred(*previous, *i)'
Assertion failed on expression: 'pred(*previous, *i)'
Assertion failed on expression: 'pred(*previous, *i)'
Assertion failed on expression: 'pred(*previous, *i)'
Assertion failed on expression: 'pred(*previous, *i)'
Assertion failed on expression: 'pred(*previous, *i)'
Native extension for LinuxStandalone target not found
Native extension for iOS target not found
Native extension for Android target not found
Native extension for WindowsStandalone target not found
[Package Manager] Failed to launch server process. Reason: Unity was launched with the -noUpm command-line argument
[Package Manager] Unable to send message (not connected to server process).
[Package Manager] Cannot connect to Unity Package Manager local server
[Package Manager] Failed to launch server process. Reason: Unity was launched with the -noUpm command-line argument
[Package Manager] Unable to send message (not connected to server process).
[Package Manager] Cannot connect to Unity Package Manager local server
[MODES] ModeService[none].Initialize
[MODES] ModeService[none].LoadModes
ScheduleIndexationOnStartup MainProcess:False IndexOnStartup:True
Mono: successfully reloaded assembly
- Finished resetting the current domain, in  0.877 seconds
Domain Reload Profiling: 1841ms
	BeginReloadAssembly (238ms)
		DisableScriptedObjects (20ms)
		CreateAndSetChildDomain (58ms)
	RebuildCommonClasses (36ms)
	RebuildNativeTypeToScriptingClass (13ms)
	initialDomainReloadingComplete (67ms)
	LoadAllAssembliesAndSetupDomain (608ms)
		LoadAssemblies (456ms)
		AnalyzeDomain (240ms)
			TypeCache.Refresh (12ms)
			BuildScriptInfoCaches (211ms)
			ResolveRequiredComponents (14ms)
	FinalizeReload (878ms)
		SetupLoadedEditorAssemblies (0ms)
			InitializePlatformSupportModulesInManaged (22ms)
			BeforeProcessingInitializeOnLoad (157ms)
			ProcessInitializeOnLoadAttributes (429ms)
			ProcessInitializeOnLoadMethodAttributes (92ms)
			AfterProcessingInitializeOnLoad (6ms)
		AwakeInstancesAfterBackupRestoration (15ms)
Refreshing native plugins compatible for Editor in 2.93 ms, found 4 plugins.
Unloading 35 Unused Serialized files (Serialized files now loaded: 0)
Unloading 8127 unused Assets / (7.4 MB). Loaded Objects now: 9167.
Memory consumption went from 190.4 MB to 183.0 MB.
Total: 13.549400 ms (FindLiveObjects: 1.253800 ms CreateObjectMapping: 1.170800 ms MarkObjects: 6.877200 ms  DeleteObjects: 4.246200 ms)

Prepare: number of updated asset objects reloaded= 0
========================================================================
Received Import Request.
  Time since last request: 28.321982 seconds.
  path: Assets/Prefabs/VFX/PS_TurretMuzzleFlesh.prefab
  importAddress: Guid(93e385dc6c276034fb3602aa298caa8f) Importer(815301076,1909f56bfc062723c751e8b465ee728b)
Start importing Assets/Prefabs/VFX/PS_TurretMuzzleFlesh.prefab using Guid(93e385dc6c276034fb3602aa298caa8f) Importer(815301076,1909f56bfc062723c751e8b465ee728b) (PreviewImporter) -> (Import Result ID: 'eea178a228f83894c81e29c7d30432d2') in 0.3782905 seconds [static and dynamic dependencies]. Details - ImportResultOutputID=3b8344faf904d3eb98f42b18be64a732 DependenciesID=fa6e499f6c34004e4e2f17892e30acdb StaticDependenciesID=d99304a7b6f7a8959ce400ba63e18849 
Number of updated asset objects reloaded before import = 0Number of asset objects unloaded after import = 31

========================================================================
Received Import Request.
  Time since last request: 7.870880 seconds.
  path: Assets/Prefabs/VFX/PS_BoomText.prefab
  importAddress: Guid(f3562626d926ea644902b8aa181f85c5) Importer(815301076,1909f56bfc062723c751e8b465ee728b)
Start importing Assets/Prefabs/VFX/PS_BoomText.prefab using Guid(f3562626d926ea644902b8aa181f85c5) Importer(815301076,1909f56bfc062723c751e8b465ee728b) (PreviewImporter) -> (Import Result ID: 'c3976b003ca5496ac5a0f530b90c7abd') in 0.0217409 seconds [static and dynamic dependencies]. Details - ImportResultOutputID=ec33fd056f67a68b7a94588cb8b48496 DependenciesID=c83e6043129937261de1e9a8a0e3e14e StaticDependenciesID=936ae419104ce58d24e83215ccafb715 
Number of updated asset objects reloaded before import = 0Number of asset objects unloaded after import = 34

========================================================================
Received Prepare
Begin MonoManager ReloadAssembly
Assembly Assembly-CSharp-Editor-firstpass.dll at Library/ScriptAssemblies/Assembly-CSharp-Editor-firstpass.dll not valid. Loading of assembly skipped.
Assembly Assembly-CSharp-firstpass.dll at Library/ScriptAssemblies/Assembly-CSharp-firstpass.dll not valid. Loading of assembly skipped.
Assembly DocCodeExamples.dll at Library/ScriptAssemblies/DocCodeExamples.dll not valid. Loading of assembly skipped.
Assembly TestNewCustomAssembly.dll at Library/ScriptAssemblies/TestNewCustomAssembly.dll not valid. Loading of assembly skipped.
Assembly Unity.2D.Sprite.Package.EditorTests.dll at Library/ScriptAssemblies/Unity.2D.Sprite.Package.EditorTests.dll not valid. Loading of assembly skipped.
Assembly Unity.Addressables.Editor.Tests.dll at Library/ScriptAssemblies/Unity.Addressables.Editor.Tests.dll not valid. Loading of assembly skipped.
Assembly Unity.Addressables.Runtime.Tests.dll at Library/ScriptAssemblies/Unity.Addressables.Runtime.Tests.dll not valid. Loading of assembly skipped.
Assembly Unity.Collections.BurstCompatibilityGen.dll at Library/ScriptAssemblies/Unity.Collections.BurstCompatibilityGen.dll not valid. Loading of assembly skipped.
Assembly Unity.Collections.DocCodeSamples.dll at Library/ScriptAssemblies/Unity.Collections.DocCodeSamples.dll not valid. Loading of assembly skipped.
Assembly Unity.Collections.PerformanceTests.dll at Library/ScriptAssemblies/Unity.Collections.PerformanceTests.dll not valid. Loading of assembly skipped.
Assembly Unity.Collections.Tests.dll at Library/ScriptAssemblies/Unity.Collections.Tests.dll not valid. Loading of assembly skipped.
Assembly Unity.Collections.Tests.Playmode.dll at Library/ScriptAssemblies/Unity.Collections.Tests.Playmode.dll not valid. Loading of assembly skipped.
Assembly Unity.InputSystem.IntegrationTests.dll at Library/ScriptAssemblies/Unity.InputSystem.IntegrationTests.dll not valid. Loading of assembly skipped.
Assembly Unity.Localization.DocCodeSamples.dll at Library/ScriptAssemblies/Unity.Localization.DocCodeSamples.dll not valid. Loading of assembly skipped.
Assembly Unity.Mathematics.Tests.dll at Library/ScriptAssemblies/Unity.Mathematics.Tests.dll not valid. Loading of assembly skipped.
Assembly Unity.Multiplayer.Center.Editor.Tests.dll at Library/ScriptAssemblies/Unity.Multiplayer.Center.Editor.Tests.dll not valid. Loading of assembly skipped.
Assembly Unity.Multiplayer.Center.Tests.dll at Library/ScriptAssemblies/Unity.Multiplayer.Center.Tests.dll not valid. Loading of assembly skipped.
Assembly Unity.Nuget.Mono-Cecil.dll at Library/ScriptAssemblies/Unity.Nuget.Mono-Cecil.dll not valid. Loading of assembly skipped.
Assembly Unity.PathTracing.Editor.Tests.dll at Library/ScriptAssemblies/Unity.PathTracing.Editor.Tests.dll not valid. Loading of assembly skipped.
Assembly Unity.PathTracing.Runtime.Tests.dll at Library/ScriptAssemblies/Unity.PathTracing.Runtime.Tests.dll not valid. Loading of assembly skipped.
Assembly Unity.RenderPipelines.Core.Editor.Tests.dll at Library/ScriptAssemblies/Unity.RenderPipelines.Core.Editor.Tests.dll not valid. Loading of assembly skipped.
Assembly Unity.RenderPipelines.Core.Runtime.Tests.dll at Library/ScriptAssemblies/Unity.RenderPipelines.Core.Runtime.Tests.dll not valid. Loading of assembly skipped.
Assembly Unity.RenderPipelines.Universal.Config.Editor.Tests.dll at Library/ScriptAssemblies/Unity.RenderPipelines.Universal.Config.Editor.Tests.dll not valid. Loading of assembly skipped.
Assembly Unity.RenderPipelines.Universal.Editor.Tests.dll at Library/ScriptAssemblies/Unity.RenderPipelines.Universal.Editor.Tests.dll not valid. Loading of assembly skipped.
Assembly Unity.RenderPipelines.Universal.Runtime.Tests.dll at Library/ScriptAssemblies/Unity.RenderPipelines.Universal.Runtime.Tests.dll not valid. Loading of assembly skipped.
Assembly Unity.ResourceManager.Tests.dll at Library/ScriptAssemblies/Unity.ResourceManager.Tests.dll not valid. Loading of assembly skipped.
Assembly Unity.ScriptableBuildPipeline.Editor.Tests.dll at Library/ScriptAssemblies/Unity.ScriptableBuildPipeline.Editor.Tests.dll not valid. Loading of assembly skipped.
Assembly Unity.ScriptableBuildPipeline.Tests.dll at Library/ScriptAssemblies/Unity.ScriptableBuildPipeline.Tests.dll not valid. Loading of assembly skipped.
Assembly Unity.ScriptableBuildPipelineTests.Runtime.Tests.dll at Library/ScriptAssemblies/Unity.ScriptableBuildPipelineTests.Runtime.Tests.dll not valid. Loading of assembly skipped.
Assembly Unity.Searcher.EditorTests.dll at Library/ScriptAssemblies/Unity.Searcher.EditorTests.dll not valid. Loading of assembly skipped.
Assembly Unity.Settings.Tests.dll at Library/ScriptAssemblies/Unity.Settings.Tests.dll not valid. Loading of assembly skipped.
Assembly Unity.ShaderGraph.Editor.Tests.dll at Library/ScriptAssemblies/Unity.ShaderGraph.Editor.Tests.dll not valid. Loading of assembly skipped.
Assembly Unity.TextMeshPro.Editor.Tests.dll at Library/ScriptAssemblies/Unity.TextMeshPro.Editor.Tests.dll not valid. Loading of assembly skipped.
Assembly Unity.TextMeshPro.Tests.dll at Library/ScriptAssemblies/Unity.TextMeshPro.Tests.dll not valid. Loading of assembly skipped.
Assembly Unity.UnifiedRayTracing.Editor.Tests.dll at Library/ScriptAssemblies/Unity.UnifiedRayTracing.Editor.Tests.dll not valid. Loading of assembly skipped.
Assembly UnityEditor.UI.Common.Tests.dll at Library/ScriptAssemblies/UnityEditor.UI.Common.Tests.dll not valid. Loading of assembly skipped.
Assembly UnityEditor.UI.EditorTests.dll at Library/ScriptAssemblies/UnityEditor.UI.EditorTests.dll not valid. Loading of assembly skipped.
Assembly UnityEngine.UI.Tests.dll at Library/ScriptAssemblies/UnityEngine.UI.Tests.dll not valid. Loading of assembly skipped.
Symbol file LoadedFromMemory is not a mono symbol file
Refreshing native plugins compatible for Editor in 2.62 ms, found 4 plugins.
Assertion failed on expression: 'pred(*previous, *i)'
Assertion failed on expression: 'pred(*previous, *i)'
Assertion failed on expression: 'pred(*previous, *i)'
Assertion failed on expression: 'pred(*previous, *i)'
Assertion failed on expression: 'pred(*previous, *i)'
Assertion failed on expression: 'pred(*previous, *i)'
Assertion failed on expression: 'pred(*previous, *i)'
Assertion failed on expression: 'pred(*previous, *i)'
Assertion failed on expression: 'pred(*previous, *i)'
Assertion failed on expression: 'pred(*previous, *i)'
Assertion failed on expression: 'pred(*previous, *i)'
Assertion failed on expression: 'pred(*previous, *i)'
Native extension for LinuxStandalone target not found
Native extension for iOS target not found
Native extension for Android target not found
Native extension for WindowsStandalone target not found
[Package Manager] Failed to launch server process. Reason: Unity was launched with the -noUpm command-line argument
[Package Manager] Unable to send message (not connected to server process).
[Package Manager] Cannot connect to Unity Package Manager local server
[Package Manager] Failed to launch server process. Reason: Unity was launched with the -noUpm command-line argument
[Package Manager] Unable to send message (not connected to server process).
[Package Manager] Cannot connect to Unity Package Manager local server
[MODES] ModeService[none].Initialize
[MODES] ModeService[none].LoadModes
ScheduleIndexationOnStartup MainProcess:False IndexOnStartup:True
Mono: successfully reloaded assembly
- Finished resetting the current domain, in  0.865 seconds
Domain Reload Profiling: 1769ms
	BeginReloadAssembly (230ms)
		DisableScriptedObjects (20ms)
		CreateAndSetChildDomain (58ms)
	RebuildCommonClasses (36ms)
	RebuildNativeTypeToScriptingClass (12ms)
	initialDomainReloadingComplete (72ms)
	LoadAllAssembliesAndSetupDomain (554ms)
		LoadAssemblies (401ms)
		AnalyzeDomain (235ms)
			TypeCache.Refresh (9ms)
			BuildScriptInfoCaches (213ms)
			ResolveRequiredComponents (11ms)
	FinalizeReload (866ms)
		SetupLoadedEditorAssemblies (0ms)
			InitializePlatformSupportModulesInManaged (21ms)
			BeforeProcessingInitializeOnLoad (145ms)
			ProcessInitializeOnLoadAttributes (416ms)
			ProcessInitializeOnLoadMethodAttributes (106ms)
			AfterProcessingInitializeOnLoad (7ms)
		AwakeInstancesAfterBackupRestoration (17ms)
Refreshing native plugins compatible for Editor in 2.97 ms, found 4 plugins.
Unloading 35 Unused Serialized files (Serialized files now loaded: 0)
Unloading 8126 unused Assets / (7.3 MB). Loaded Objects now: 9193.
Memory consumption went from 190.4 MB to 183.1 MB.
Total: 9.815000 ms (FindLiveObjects: 0.719400 ms CreateObjectMapping: 0.657600 ms MarkObjects: 4.961400 ms  DeleteObjects: 3.475300 ms)

Prepare: number of updated asset objects reloaded= 0
========================================================================
Received Prepare
Begin MonoManager ReloadAssembly
[Licensing::Client] Successfully resolved entitlement details
[Licensing::Module] License group:
  Id: F4-ZF4W-JG7U-QS5D-T52E-XXXX
  Product: Unity Personal
  Type: ULF
  Expiration: Unlimited
[Licensing::Module] License group:
  Id: 4673487441905-UnityPersXXXX
  Product: Unity Personal
  Type: Assigned
  Expiration: Unlimited
Assembly Assembly-CSharp-Editor-firstpass.dll at Library/ScriptAssemblies/Assembly-CSharp-Editor-firstpass.dll not valid. Loading of assembly skipped.
Assembly Assembly-CSharp-firstpass.dll at Library/ScriptAssemblies/Assembly-CSharp-firstpass.dll not valid. Loading of assembly skipped.
Assembly DocCodeExamples.dll at Library/ScriptAssemblies/DocCodeExamples.dll not valid. Loading of assembly skipped.
Assembly TestNewCustomAssembly.dll at Library/ScriptAssemblies/TestNewCustomAssembly.dll not valid. Loading of assembly skipped.
Assembly Unity.2D.Sprite.Package.EditorTests.dll at Library/ScriptAssemblies/Unity.2D.Sprite.Package.EditorTests.dll not valid. Loading of assembly skipped.
Assembly Unity.Addressables.Editor.Tests.dll at Library/ScriptAssemblies/Unity.Addressables.Editor.Tests.dll not valid. Loading of assembly skipped.
Assembly Unity.Addressables.Runtime.Tests.dll at Library/ScriptAssemblies/Unity.Addressables.Runtime.Tests.dll not valid. Loading of assembly skipped.
Assembly Unity.Collections.BurstCompatibilityGen.dll at Library/ScriptAssemblies/Unity.Collections.BurstCompatibilityGen.dll not valid. Loading of assembly skipped.
Assembly Unity.Collections.DocCodeSamples.dll at Library/ScriptAssemblies/Unity.Collections.DocCodeSamples.dll not valid. Loading of assembly skipped.
Assembly Unity.Collections.PerformanceTests.dll at Library/ScriptAssemblies/Unity.Collections.PerformanceTests.dll not valid. Loading of assembly skipped.
Assembly Unity.Collections.Tests.dll at Library/ScriptAssemblies/Unity.Collections.Tests.dll not valid. Loading of assembly skipped.
Assembly Unity.Collections.Tests.Playmode.dll at Library/ScriptAssemblies/Unity.Collections.Tests.Playmode.dll not valid. Loading of assembly skipped.
Assembly Unity.InputSystem.IntegrationTests.dll at Library/ScriptAssemblies/Unity.InputSystem.IntegrationTests.dll not valid. Loading of assembly skipped.
Assembly Unity.Localization.DocCodeSamples.dll at Library/ScriptAssemblies/Unity.Localization.DocCodeSamples.dll not valid. Loading of assembly skipped.
Assembly Unity.Mathematics.Tests.dll at Library/ScriptAssemblies/Unity.Mathematics.Tests.dll not valid. Loading of assembly skipped.
Assembly Unity.Multiplayer.Center.Editor.Tests.dll at Library/ScriptAssemblies/Unity.Multiplayer.Center.Editor.Tests.dll not valid. Loading of assembly skipped.
Assembly Unity.Multiplayer.Center.Tests.dll at Library/ScriptAssemblies/Unity.Multiplayer.Center.Tests.dll not valid. Loading of assembly skipped.
Assembly Unity.Nuget.Mono-Cecil.dll at Library/ScriptAssemblies/Unity.Nuget.Mono-Cecil.dll not valid. Loading of assembly skipped.
Assembly Unity.PathTracing.Editor.Tests.dll at Library/ScriptAssemblies/Unity.PathTracing.Editor.Tests.dll not valid. Loading of assembly skipped.
Assembly Unity.PathTracing.Runtime.Tests.dll at Library/ScriptAssemblies/Unity.PathTracing.Runtime.Tests.dll not valid. Loading of assembly skipped.
Assembly Unity.RenderPipelines.Core.Editor.Tests.dll at Library/ScriptAssemblies/Unity.RenderPipelines.Core.Editor.Tests.dll not valid. Loading of assembly skipped.
Assembly Unity.RenderPipelines.Core.Runtime.Tests.dll at Library/ScriptAssemblies/Unity.RenderPipelines.Core.Runtime.Tests.dll not valid. Loading of assembly skipped.
Assembly Unity.RenderPipelines.Universal.Config.Editor.Tests.dll at Library/ScriptAssemblies/Unity.RenderPipelines.Universal.Config.Editor.Tests.dll not valid. Loading of assembly skipped.
Assembly Unity.RenderPipelines.Universal.Editor.Tests.dll at Library/ScriptAssemblies/Unity.RenderPipelines.Universal.Editor.Tests.dll not valid. Loading of assembly skipped.
Assembly Unity.RenderPipelines.Universal.Runtime.Tests.dll at Library/ScriptAssemblies/Unity.RenderPipelines.Universal.Runtime.Tests.dll not valid. Loading of assembly skipped.
Assembly Unity.ResourceManager.Tests.dll at Library/ScriptAssemblies/Unity.ResourceManager.Tests.dll not valid. Loading of assembly skipped.
Assembly Unity.ScriptableBuildPipeline.Editor.Tests.dll at Library/ScriptAssemblies/Unity.ScriptableBuildPipeline.Editor.Tests.dll not valid. Loading of assembly skipped.
Assembly Unity.ScriptableBuildPipeline.Tests.dll at Library/ScriptAssemblies/Unity.ScriptableBuildPipeline.Tests.dll not valid. Loading of assembly skipped.
Assembly Unity.ScriptableBuildPipelineTests.Runtime.Tests.dll at Library/ScriptAssemblies/Unity.ScriptableBuildPipelineTests.Runtime.Tests.dll not valid. Loading of assembly skipped.
Assembly Unity.Searcher.EditorTests.dll at Library/ScriptAssemblies/Unity.Searcher.EditorTests.dll not valid. Loading of assembly skipped.
Assembly Unity.Settings.Tests.dll at Library/ScriptAssemblies/Unity.Settings.Tests.dll not valid. Loading of assembly skipped.
Assembly Unity.ShaderGraph.Editor.Tests.dll at Library/ScriptAssemblies/Unity.ShaderGraph.Editor.Tests.dll not valid. Loading of assembly skipped.
Assembly Unity.TextMeshPro.Editor.Tests.dll at Library/ScriptAssemblies/Unity.TextMeshPro.Editor.Tests.dll not valid. Loading of assembly skipped.
Assembly Unity.TextMeshPro.Tests.dll at Library/ScriptAssemblies/Unity.TextMeshPro.Tests.dll not valid. Loading of assembly skipped.
Assembly Unity.UnifiedRayTracing.Editor.Tests.dll at Library/ScriptAssemblies/Unity.UnifiedRayTracing.Editor.Tests.dll not valid. Loading of assembly skipped.
Assembly UnityEditor.UI.Common.Tests.dll at Library/ScriptAssemblies/UnityEditor.UI.Common.Tests.dll not valid. Loading of assembly skipped.
Assembly UnityEditor.UI.EditorTests.dll at Library/ScriptAssemblies/UnityEditor.UI.EditorTests.dll not valid. Loading of assembly skipped.
Assembly UnityEngine.UI.Tests.dll at Library/ScriptAssemblies/UnityEngine.UI.Tests.dll not valid. Loading of assembly skipped.
Symbol file LoadedFromMemory is not a mono symbol file
Refreshing native plugins compatible for Editor in 2.43 ms, found 4 plugins.
Assertion failed on expression: 'pred(*previous, *i)'
Assertion failed on expression: 'pred(*previous, *i)'
Assertion failed on expression: 'pred(*previous, *i)'
Assertion failed on expression: 'pred(*previous, *i)'
Assertion failed on expression: 'pred(*previous, *i)'
Assertion failed on expression: 'pred(*previous, *i)'
Assertion failed on expression: 'pred(*previous, *i)'
Assertion failed on expression: 'pred(*previous, *i)'
Assertion failed on expression: 'pred(*previous, *i)'
Assertion failed on expression: 'pred(*previous, *i)'
Assertion failed on expression: 'pred(*previous, *i)'
Assertion failed on expression: 'pred(*previous, *i)'
Native extension for LinuxStandalone target not found
Native extension for iOS target not found
Native extension for Android target not found
Native extension for WindowsStandalone target not found
[Package Manager] Failed to launch server process. Reason: Unity was launched with the -noUpm command-line argument
[Package Manager] Unable to send message (not connected to server process).
[Package Manager] Cannot connect to Unity Package Manager local server
[Package Manager] Failed to launch server process. Reason: Unity was launched with the -noUpm command-line argument
[Package Manager] Unable to send message (not connected to server process).
[Package Manager] Cannot connect to Unity Package Manager local server
[MODES] ModeService[none].Initialize
[MODES] ModeService[none].LoadModes
ScheduleIndexationOnStartup MainProcess:False IndexOnStartup:True
Mono: successfully reloaded assembly
- Finished resetting the current domain, in  0.791 seconds
Domain Reload Profiling: 2184ms
	BeginReloadAssembly (355ms)
		DisableScriptedObjects (10ms)
		CreateAndSetChildDomain (71ms)
	RebuildCommonClasses (53ms)
	RebuildNativeTypeToScriptingClass (18ms)
	initialDomainReloadingComplete (147ms)
	LoadAllAssembliesAndSetupDomain (818ms)
		LoadAssemblies (749ms)
		AnalyzeDomain (244ms)
			TypeCache.Refresh (15ms)
			BuildScriptInfoCaches (217ms)
			ResolveRequiredComponents (10ms)
	FinalizeReload (792ms)
		SetupLoadedEditorAssemblies (0ms)
			InitializePlatformSupportModulesInManaged (20ms)
			BeforeProcessingInitializeOnLoad (141ms)
			ProcessInitializeOnLoadAttributes (374ms)
			ProcessInitializeOnLoadMethodAttributes (90ms)
			AfterProcessingInitializeOnLoad (6ms)
		AwakeInstancesAfterBackupRestoration (14ms)
Refreshing native plugins compatible for Editor in 2.47 ms, found 4 plugins.
Unloading 35 Unused Serialized files (Serialized files now loaded: 0)
Unloading 8126 unused Assets / (7.1 MB). Loaded Objects now: 9199.
Memory consumption went from 193.5 MB to 186.3 MB.
Total: 9.031100 ms (FindLiveObjects: 0.721300 ms CreateObjectMapping: 0.641600 ms MarkObjects: 4.658200 ms  DeleteObjects: 3.009000 ms)

Prepare: number of updated asset objects reloaded= 0
========================================================================
Received Prepare
Begin MonoManager ReloadAssembly
Assembly Assembly-CSharp-Editor-firstpass.dll at Library/ScriptAssemblies/Assembly-CSharp-Editor-firstpass.dll not valid. Loading of assembly skipped.
Assembly Assembly-CSharp-firstpass.dll at Library/ScriptAssemblies/Assembly-CSharp-firstpass.dll not valid. Loading of assembly skipped.
Assembly DocCodeExamples.dll at Library/ScriptAssemblies/DocCodeExamples.dll not valid. Loading of assembly skipped.
Assembly TestNewCustomAssembly.dll at Library/ScriptAssemblies/TestNewCustomAssembly.dll not valid. Loading of assembly skipped.
Assembly Unity.2D.Sprite.Package.EditorTests.dll at Library/ScriptAssemblies/Unity.2D.Sprite.Package.EditorTests.dll not valid. Loading of assembly skipped.
Assembly Unity.Addressables.Editor.Tests.dll at Library/ScriptAssemblies/Unity.Addressables.Editor.Tests.dll not valid. Loading of assembly skipped.
Assembly Unity.Addressables.Runtime.Tests.dll at Library/ScriptAssemblies/Unity.Addressables.Runtime.Tests.dll not valid. Loading of assembly skipped.
Assembly Unity.Collections.BurstCompatibilityGen.dll at Library/ScriptAssemblies/Unity.Collections.BurstCompatibilityGen.dll not valid. Loading of assembly skipped.
Assembly Unity.Collections.DocCodeSamples.dll at Library/ScriptAssemblies/Unity.Collections.DocCodeSamples.dll not valid. Loading of assembly skipped.
Assembly Unity.Collections.PerformanceTests.dll at Library/ScriptAssemblies/Unity.Collections.PerformanceTests.dll not valid. Loading of assembly skipped.
Assembly Unity.Collections.Tests.dll at Library/ScriptAssemblies/Unity.Collections.Tests.dll not valid. Loading of assembly skipped.
Assembly Unity.Collections.Tests.Playmode.dll at Library/ScriptAssemblies/Unity.Collections.Tests.Playmode.dll not valid. Loading of assembly skipped.
Assembly Unity.InputSystem.IntegrationTests.dll at Library/ScriptAssemblies/Unity.InputSystem.IntegrationTests.dll not valid. Loading of assembly skipped.
Assembly Unity.Localization.DocCodeSamples.dll at Library/ScriptAssemblies/Unity.Localization.DocCodeSamples.dll not valid. Loading of assembly skipped.
Assembly Unity.Mathematics.Tests.dll at Library/ScriptAssemblies/Unity.Mathematics.Tests.dll not valid. Loading of assembly skipped.
Assembly Unity.Multiplayer.Center.Editor.Tests.dll at Library/ScriptAssemblies/Unity.Multiplayer.Center.Editor.Tests.dll not valid. Loading of assembly skipped.
Assembly Unity.Multiplayer.Center.Tests.dll at Library/ScriptAssemblies/Unity.Multiplayer.Center.Tests.dll not valid. Loading of assembly skipped.
Assembly Unity.Nuget.Mono-Cecil.dll at Library/ScriptAssemblies/Unity.Nuget.Mono-Cecil.dll not valid. Loading of assembly skipped.
Assembly Unity.PathTracing.Editor.Tests.dll at Library/ScriptAssemblies/Unity.PathTracing.Editor.Tests.dll not valid. Loading of assembly skipped.
Assembly Unity.PathTracing.Runtime.Tests.dll at Library/ScriptAssemblies/Unity.PathTracing.Runtime.Tests.dll not valid. Loading of assembly skipped.
Assembly Unity.RenderPipelines.Core.Editor.Tests.dll at Library/ScriptAssemblies/Unity.RenderPipelines.Core.Editor.Tests.dll not valid. Loading of assembly skipped.
Assembly Unity.RenderPipelines.Core.Runtime.Tests.dll at Library/ScriptAssemblies/Unity.RenderPipelines.Core.Runtime.Tests.dll not valid. Loading of assembly skipped.
Assembly Unity.RenderPipelines.Universal.Config.Editor.Tests.dll at Library/ScriptAssemblies/Unity.RenderPipelines.Universal.Config.Editor.Tests.dll not valid. Loading of assembly skipped.
Assembly Unity.RenderPipelines.Universal.Editor.Tests.dll at Library/ScriptAssemblies/Unity.RenderPipelines.Universal.Editor.Tests.dll not valid. Loading of assembly skipped.
Assembly Unity.RenderPipelines.Universal.Runtime.Tests.dll at Library/ScriptAssemblies/Unity.RenderPipelines.Universal.Runtime.Tests.dll not valid. Loading of assembly skipped.
Assembly Unity.ResourceManager.Tests.dll at Library/ScriptAssemblies/Unity.ResourceManager.Tests.dll not valid. Loading of assembly skipped.
Assembly Unity.ScriptableBuildPipeline.Editor.Tests.dll at Library/ScriptAssemblies/Unity.ScriptableBuildPipeline.Editor.Tests.dll not valid. Loading of assembly skipped.
Assembly Unity.ScriptableBuildPipeline.Tests.dll at Library/ScriptAssemblies/Unity.ScriptableBuildPipeline.Tests.dll not valid. Loading of assembly skipped.
Assembly Unity.ScriptableBuildPipelineTests.Runtime.Tests.dll at Library/ScriptAssemblies/Unity.ScriptableBuildPipelineTests.Runtime.Tests.dll not valid. Loading of assembly skipped.
Assembly Unity.Searcher.EditorTests.dll at Library/ScriptAssemblies/Unity.Searcher.EditorTests.dll not valid. Loading of assembly skipped.
Assembly Unity.Settings.Tests.dll at Library/ScriptAssemblies/Unity.Settings.Tests.dll not valid. Loading of assembly skipped.
Assembly Unity.ShaderGraph.Editor.Tests.dll at Library/ScriptAssemblies/Unity.ShaderGraph.Editor.Tests.dll not valid. Loading of assembly skipped.
Assembly Unity.TextMeshPro.Editor.Tests.dll at Library/ScriptAssemblies/Unity.TextMeshPro.Editor.Tests.dll not valid. Loading of assembly skipped.
Assembly Unity.TextMeshPro.Tests.dll at Library/ScriptAssemblies/Unity.TextMeshPro.Tests.dll not valid. Loading of assembly skipped.
Assembly Unity.UnifiedRayTracing.Editor.Tests.dll at Library/ScriptAssemblies/Unity.UnifiedRayTracing.Editor.Tests.dll not valid. Loading of assembly skipped.
Assembly UnityEditor.UI.Common.Tests.dll at Library/ScriptAssemblies/UnityEditor.UI.Common.Tests.dll not valid. Loading of assembly skipped.
Assembly UnityEditor.UI.EditorTests.dll at Library/ScriptAssemblies/UnityEditor.UI.EditorTests.dll not valid. Loading of assembly skipped.
Assembly UnityEngine.UI.Tests.dll at Library/ScriptAssemblies/UnityEngine.UI.Tests.dll not valid. Loading of assembly skipped.
Symbol file LoadedFromMemory is not a mono symbol file
Refreshing native plugins compatible for Editor in 2.55 ms, found 4 plugins.
Assertion failed on expression: 'pred(*previous, *i)'
Assertion failed on expression: 'pred(*previous, *i)'
Assertion failed on expression: 'pred(*previous, *i)'
Assertion failed on expression: 'pred(*previous, *i)'
Assertion failed on expression: 'pred(*previous, *i)'
Assertion failed on expression: 'pred(*previous, *i)'
Assertion failed on expression: 'pred(*previous, *i)'
Assertion failed on expression: 'pred(*previous, *i)'
Assertion failed on expression: 'pred(*previous, *i)'
Assertion failed on expression: 'pred(*previous, *i)'
Assertion failed on expression: 'pred(*previous, *i)'
Assertion failed on expression: 'pred(*previous, *i)'
Native extension for LinuxStandalone target not found
Native extension for iOS target not found
Native extension for Android target not found
Native extension for WindowsStandalone target not found
[Package Manager] Failed to launch server process. Reason: Unity was launched with the -noUpm command-line argument
[Package Manager] Unable to send message (not connected to server process).
[Package Manager] Cannot connect to Unity Package Manager local server
[Package Manager] Failed to launch server process. Reason: Unity was launched with the -noUpm command-line argument
[Package Manager] Unable to send message (not connected to server process).
[Package Manager] Cannot connect to Unity Package Manager local server
[MODES] ModeService[none].Initialize
[MODES] ModeService[none].LoadModes
ScheduleIndexationOnStartup MainProcess:False IndexOnStartup:True
Mono: successfully reloaded assembly
- Finished resetting the current domain, in  0.927 seconds
Domain Reload Profiling: 1781ms
	BeginReloadAssembly (203ms)
		DisableScriptedObjects (7ms)
		CreateAndSetChildDomain (49ms)
	RebuildCommonClasses (33ms)
	RebuildNativeTypeToScriptingClass (11ms)
	initialDomainReloadingComplete (64ms)
	LoadAllAssembliesAndSetupDomain (542ms)
		LoadAssemblies (382ms)
		AnalyzeDomain (242ms)
			TypeCache.Refresh (10ms)
			BuildScriptInfoCaches (220ms)
			ResolveRequiredComponents (10ms)
	FinalizeReload (927ms)
		SetupLoadedEditorAssemblies (0ms)
			InitializePlatformSupportModulesInManaged (20ms)
			BeforeProcessingInitializeOnLoad (150ms)
			ProcessInitializeOnLoadAttributes (430ms)
			ProcessInitializeOnLoadMethodAttributes (129ms)
			AfterProcessingInitializeOnLoad (9ms)
		AwakeInstancesAfterBackupRestoration (21ms)
Refreshing native plugins compatible for Editor in 4.40 ms, found 4 plugins.
Unloading 35 Unused Serialized files (Serialized files now loaded: 0)
Unloading 8126 unused Assets / (7.4 MB). Loaded Objects now: 9205.
Memory consumption went from 196.7 MB to 189.3 MB.
Total: 12.691700 ms (FindLiveObjects: 0.751200 ms CreateObjectMapping: 0.862600 ms MarkObjects: 6.488700 ms  DeleteObjects: 4.588100 ms)

Prepare: number of updated asset objects reloaded= 0
========================================================================
Received Prepare
Begin MonoManager ReloadAssembly
[Licensing::Client] Successfully resolved entitlement details
[Licensing::Module] License group:
  Id: F4-ZF4W-JG7U-QS5D-T52E-XXXX
  Product: Unity Personal
  Type: ULF
  Expiration: Unlimited
[Licensing::Module] License group:
  Id: 4673487441905-UnityPersXXXX
  Product: Unity Personal
  Type: Assigned
  Expiration: Unlimited
Assembly Assembly-CSharp-Editor-firstpass.dll at Library/ScriptAssemblies/Assembly-CSharp-Editor-firstpass.dll not valid. Loading of assembly skipped.
Assembly Assembly-CSharp-firstpass.dll at Library/ScriptAssemblies/Assembly-CSharp-firstpass.dll not valid. Loading of assembly skipped.
Assembly DocCodeExamples.dll at Library/ScriptAssemblies/DocCodeExamples.dll not valid. Loading of assembly skipped.
Assembly TestNewCustomAssembly.dll at Library/ScriptAssemblies/TestNewCustomAssembly.dll not valid. Loading of assembly skipped.
Assembly Unity.2D.Sprite.Package.EditorTests.dll at Library/ScriptAssemblies/Unity.2D.Sprite.Package.EditorTests.dll not valid. Loading of assembly skipped.
Assembly Unity.Addressables.Editor.Tests.dll at Library/ScriptAssemblies/Unity.Addressables.Editor.Tests.dll not valid. Loading of assembly skipped.
Assembly Unity.Addressables.Runtime.Tests.dll at Library/ScriptAssemblies/Unity.Addressables.Runtime.Tests.dll not valid. Loading of assembly skipped.
Assembly Unity.Collections.BurstCompatibilityGen.dll at Library/ScriptAssemblies/Unity.Collections.BurstCompatibilityGen.dll not valid. Loading of assembly skipped.
Assembly Unity.Collections.DocCodeSamples.dll at Library/ScriptAssemblies/Unity.Collections.DocCodeSamples.dll not valid. Loading of assembly skipped.
Assembly Unity.Collections.PerformanceTests.dll at Library/ScriptAssemblies/Unity.Collections.PerformanceTests.dll not valid. Loading of assembly skipped.
Assembly Unity.Collections.Tests.dll at Library/ScriptAssemblies/Unity.Collections.Tests.dll not valid. Loading of assembly skipped.
Assembly Unity.Collections.Tests.Playmode.dll at Library/ScriptAssemblies/Unity.Collections.Tests.Playmode.dll not valid. Loading of assembly skipped.
Assembly Unity.InputSystem.IntegrationTests.dll at Library/ScriptAssemblies/Unity.InputSystem.IntegrationTests.dll not valid. Loading of assembly skipped.
Assembly Unity.Localization.DocCodeSamples.dll at Library/ScriptAssemblies/Unity.Localization.DocCodeSamples.dll not valid. Loading of assembly skipped.
Assembly Unity.Mathematics.Tests.dll at Library/ScriptAssemblies/Unity.Mathematics.Tests.dll not valid. Loading of assembly skipped.
Assembly Unity.Multiplayer.Center.Editor.Tests.dll at Library/ScriptAssemblies/Unity.Multiplayer.Center.Editor.Tests.dll not valid. Loading of assembly skipped.
Assembly Unity.Multiplayer.Center.Tests.dll at Library/ScriptAssemblies/Unity.Multiplayer.Center.Tests.dll not valid. Loading of assembly skipped.
Assembly Unity.Nuget.Mono-Cecil.dll at Library/ScriptAssemblies/Unity.Nuget.Mono-Cecil.dll not valid. Loading of assembly skipped.
Assembly Unity.PathTracing.Editor.Tests.dll at Library/ScriptAssemblies/Unity.PathTracing.Editor.Tests.dll not valid. Loading of assembly skipped.
Assembly Unity.PathTracing.Runtime.Tests.dll at Library/ScriptAssemblies/Unity.PathTracing.Runtime.Tests.dll not valid. Loading of assembly skipped.
Assembly Unity.RenderPipelines.Core.Editor.Tests.dll at Library/ScriptAssemblies/Unity.RenderPipelines.Core.Editor.Tests.dll not valid. Loading of assembly skipped.
Assembly Unity.RenderPipelines.Core.Runtime.Tests.dll at Library/ScriptAssemblies/Unity.RenderPipelines.Core.Runtime.Tests.dll not valid. Loading of assembly skipped.
Assembly Unity.RenderPipelines.Universal.Config.Editor.Tests.dll at Library/ScriptAssemblies/Unity.RenderPipelines.Universal.Config.Editor.Tests.dll not valid. Loading of assembly skipped.
Assembly Unity.RenderPipelines.Universal.Editor.Tests.dll at Library/ScriptAssemblies/Unity.RenderPipelines.Universal.Editor.Tests.dll not valid. Loading of assembly skipped.
Assembly Unity.RenderPipelines.Universal.Runtime.Tests.dll at Library/ScriptAssemblies/Unity.RenderPipelines.Universal.Runtime.Tests.dll not valid. Loading of assembly skipped.
Assembly Unity.ResourceManager.Tests.dll at Library/ScriptAssemblies/Unity.ResourceManager.Tests.dll not valid. Loading of assembly skipped.
Assembly Unity.ScriptableBuildPipeline.Editor.Tests.dll at Library/ScriptAssemblies/Unity.ScriptableBuildPipeline.Editor.Tests.dll not valid. Loading of assembly skipped.
Assembly Unity.ScriptableBuildPipeline.Tests.dll at Library/ScriptAssemblies/Unity.ScriptableBuildPipeline.Tests.dll not valid. Loading of assembly skipped.
Assembly Unity.ScriptableBuildPipelineTests.Runtime.Tests.dll at Library/ScriptAssemblies/Unity.ScriptableBuildPipelineTests.Runtime.Tests.dll not valid. Loading of assembly skipped.
Assembly Unity.Searcher.EditorTests.dll at Library/ScriptAssemblies/Unity.Searcher.EditorTests.dll not valid. Loading of assembly skipped.
Assembly Unity.Settings.Tests.dll at Library/ScriptAssemblies/Unity.Settings.Tests.dll not valid. Loading of assembly skipped.
Assembly Unity.ShaderGraph.Editor.Tests.dll at Library/ScriptAssemblies/Unity.ShaderGraph.Editor.Tests.dll not valid. Loading of assembly skipped.
Assembly Unity.TextMeshPro.Editor.Tests.dll at Library/ScriptAssemblies/Unity.TextMeshPro.Editor.Tests.dll not valid. Loading of assembly skipped.
Assembly Unity.TextMeshPro.Tests.dll at Library/ScriptAssemblies/Unity.TextMeshPro.Tests.dll not valid. Loading of assembly skipped.
Assembly Unity.UnifiedRayTracing.Editor.Tests.dll at Library/ScriptAssemblies/Unity.UnifiedRayTracing.Editor.Tests.dll not valid. Loading of assembly skipped.
Assembly UnityEditor.UI.Common.Tests.dll at Library/ScriptAssemblies/UnityEditor.UI.Common.Tests.dll not valid. Loading of assembly skipped.
Assembly UnityEditor.UI.EditorTests.dll at Library/ScriptAssemblies/UnityEditor.UI.EditorTests.dll not valid. Loading of assembly skipped.
Assembly UnityEngine.UI.Tests.dll at Library/ScriptAssemblies/UnityEngine.UI.Tests.dll not valid. Loading of assembly skipped.
Symbol file LoadedFromMemory is not a mono symbol file
Refreshing native plugins compatible for Editor in 3.02 ms, found 4 plugins.
Assertion failed on expression: 'pred(*previous, *i)'
Assertion failed on expression: 'pred(*previous, *i)'
Assertion failed on expression: 'pred(*previous, *i)'
Assertion failed on expression: 'pred(*previous, *i)'
Assertion failed on expression: 'pred(*previous, *i)'
Assertion failed on expression: 'pred(*previous, *i)'
Assertion failed on expression: 'pred(*previous, *i)'
Assertion failed on expression: 'pred(*previous, *i)'
Assertion failed on expression: 'pred(*previous, *i)'
Assertion failed on expression: 'pred(*previous, *i)'
Assertion failed on expression: 'pred(*previous, *i)'
Assertion failed on expression: 'pred(*previous, *i)'
Native extension for LinuxStandalone target not found
Native extension for iOS target not found
Native extension for Android target not found
Native extension for WindowsStandalone target not found
[Package Manager] Failed to launch server process. Reason: Unity was launched with the -noUpm command-line argument
[Package Manager] Unable to send message (not connected to server process).
[Package Manager] Cannot connect to Unity Package Manager local server
[Package Manager] Failed to launch server process. Reason: Unity was launched with the -noUpm command-line argument
[Package Manager] Unable to send message (not connected to server process).
[Package Manager] Cannot connect to Unity Package Manager local server
[MODES] ModeService[none].Initialize
[MODES] ModeService[none].LoadModes
ScheduleIndexationOnStartup MainProcess:False IndexOnStartup:True
Mono: successfully reloaded assembly
- Finished resetting the current domain, in  0.922 seconds
Domain Reload Profiling: 1920ms
	BeginReloadAssembly (237ms)
		DisableScriptedObjects (6ms)
		CreateAndSetChildDomain (52ms)
	RebuildCommonClasses (38ms)
	RebuildNativeTypeToScriptingClass (13ms)
	initialDomainReloadingComplete (80ms)
	LoadAllAssembliesAndSetupDomain (629ms)
		LoadAssemblies (465ms)
		AnalyzeDomain (266ms)
			TypeCache.Refresh (14ms)
			BuildScriptInfoCaches (238ms)
			ResolveRequiredComponents (12ms)
	FinalizeReload (923ms)
		SetupLoadedEditorAssemblies (0ms)
			InitializePlatformSupportModulesInManaged (22ms)
			BeforeProcessingInitializeOnLoad (165ms)
			ProcessInitializeOnLoadAttributes (450ms)
			ProcessInitializeOnLoadMethodAttributes (105ms)
			AfterProcessingInitializeOnLoad (7ms)
		AwakeInstancesAfterBackupRestoration (16ms)
Refreshing native plugins compatible for Editor in 2.73 ms, found 4 plugins.
Unloading 35 Unused Serialized files (Serialized files now loaded: 0)
Unloading 8126 unused Assets / (8.5 MB). Loaded Objects now: 9211.
Memory consumption went from 199.9 MB to 191.4 MB.
Total: 11.834800 ms (FindLiveObjects: 0.803000 ms CreateObjectMapping: 0.670600 ms MarkObjects: 5.646800 ms  DeleteObjects: 4.713000 ms)

Prepare: number of updated asset objects reloaded= 0
========================================================================
Received Prepare
Begin MonoManager ReloadAssembly
Assembly Assembly-CSharp-Editor-firstpass.dll at Library/ScriptAssemblies/Assembly-CSharp-Editor-firstpass.dll not valid. Loading of assembly skipped.
Assembly Assembly-CSharp-firstpass.dll at Library/ScriptAssemblies/Assembly-CSharp-firstpass.dll not valid. Loading of assembly skipped.
Assembly DocCodeExamples.dll at Library/ScriptAssemblies/DocCodeExamples.dll not valid. Loading of assembly skipped.
Assembly TestNewCustomAssembly.dll at Library/ScriptAssemblies/TestNewCustomAssembly.dll not valid. Loading of assembly skipped.
Assembly Unity.2D.Sprite.Package.EditorTests.dll at Library/ScriptAssemblies/Unity.2D.Sprite.Package.EditorTests.dll not valid. Loading of assembly skipped.
Assembly Unity.Addressables.Editor.Tests.dll at Library/ScriptAssemblies/Unity.Addressables.Editor.Tests.dll not valid. Loading of assembly skipped.
Assembly Unity.Addressables.Runtime.Tests.dll at Library/ScriptAssemblies/Unity.Addressables.Runtime.Tests.dll not valid. Loading of assembly skipped.
Assembly Unity.Collections.BurstCompatibilityGen.dll at Library/ScriptAssemblies/Unity.Collections.BurstCompatibilityGen.dll not valid. Loading of assembly skipped.
Assembly Unity.Collections.DocCodeSamples.dll at Library/ScriptAssemblies/Unity.Collections.DocCodeSamples.dll not valid. Loading of assembly skipped.
Assembly Unity.Collections.PerformanceTests.dll at Library/ScriptAssemblies/Unity.Collections.PerformanceTests.dll not valid. Loading of assembly skipped.
Assembly Unity.Collections.Tests.dll at Library/ScriptAssemblies/Unity.Collections.Tests.dll not valid. Loading of assembly skipped.
Assembly Unity.Collections.Tests.Playmode.dll at Library/ScriptAssemblies/Unity.Collections.Tests.Playmode.dll not valid. Loading of assembly skipped.
Assembly Unity.InputSystem.IntegrationTests.dll at Library/ScriptAssemblies/Unity.InputSystem.IntegrationTests.dll not valid. Loading of assembly skipped.
Assembly Unity.Localization.DocCodeSamples.dll at Library/ScriptAssemblies/Unity.Localization.DocCodeSamples.dll not valid. Loading of assembly skipped.
Assembly Unity.Mathematics.Tests.dll at Library/ScriptAssemblies/Unity.Mathematics.Tests.dll not valid. Loading of assembly skipped.
Assembly Unity.Multiplayer.Center.Editor.Tests.dll at Library/ScriptAssemblies/Unity.Multiplayer.Center.Editor.Tests.dll not valid. Loading of assembly skipped.
Assembly Unity.Multiplayer.Center.Tests.dll at Library/ScriptAssemblies/Unity.Multiplayer.Center.Tests.dll not valid. Loading of assembly skipped.
Assembly Unity.Nuget.Mono-Cecil.dll at Library/ScriptAssemblies/Unity.Nuget.Mono-Cecil.dll not valid. Loading of assembly skipped.
Assembly Unity.PathTracing.Editor.Tests.dll at Library/ScriptAssemblies/Unity.PathTracing.Editor.Tests.dll not valid. Loading of assembly skipped.
Assembly Unity.PathTracing.Runtime.Tests.dll at Library/ScriptAssemblies/Unity.PathTracing.Runtime.Tests.dll not valid. Loading of assembly skipped.
Assembly Unity.RenderPipelines.Core.Editor.Tests.dll at Library/ScriptAssemblies/Unity.RenderPipelines.Core.Editor.Tests.dll not valid. Loading of assembly skipped.
Assembly Unity.RenderPipelines.Core.Runtime.Tests.dll at Library/ScriptAssemblies/Unity.RenderPipelines.Core.Runtime.Tests.dll not valid. Loading of assembly skipped.
Assembly Unity.RenderPipelines.Universal.Config.Editor.Tests.dll at Library/ScriptAssemblies/Unity.RenderPipelines.Universal.Config.Editor.Tests.dll not valid. Loading of assembly skipped.
Assembly Unity.RenderPipelines.Universal.Editor.Tests.dll at Library/ScriptAssemblies/Unity.RenderPipelines.Universal.Editor.Tests.dll not valid. Loading of assembly skipped.
Assembly Unity.RenderPipelines.Universal.Runtime.Tests.dll at Library/ScriptAssemblies/Unity.RenderPipelines.Universal.Runtime.Tests.dll not valid. Loading of assembly skipped.
Assembly Unity.ResourceManager.Tests.dll at Library/ScriptAssemblies/Unity.ResourceManager.Tests.dll not valid. Loading of assembly skipped.
Assembly Unity.ScriptableBuildPipeline.Editor.Tests.dll at Library/ScriptAssemblies/Unity.ScriptableBuildPipeline.Editor.Tests.dll not valid. Loading of assembly skipped.
Assembly Unity.ScriptableBuildPipeline.Tests.dll at Library/ScriptAssemblies/Unity.ScriptableBuildPipeline.Tests.dll not valid. Loading of assembly skipped.
Assembly Unity.ScriptableBuildPipelineTests.Runtime.Tests.dll at Library/ScriptAssemblies/Unity.ScriptableBuildPipelineTests.Runtime.Tests.dll not valid. Loading of assembly skipped.
Assembly Unity.Searcher.EditorTests.dll at Library/ScriptAssemblies/Unity.Searcher.EditorTests.dll not valid. Loading of assembly skipped.
Assembly Unity.Settings.Tests.dll at Library/ScriptAssemblies/Unity.Settings.Tests.dll not valid. Loading of assembly skipped.
Assembly Unity.ShaderGraph.Editor.Tests.dll at Library/ScriptAssemblies/Unity.ShaderGraph.Editor.Tests.dll not valid. Loading of assembly skipped.
Assembly Unity.TextMeshPro.Editor.Tests.dll at Library/ScriptAssemblies/Unity.TextMeshPro.Editor.Tests.dll not valid. Loading of assembly skipped.
Assembly Unity.TextMeshPro.Tests.dll at Library/ScriptAssemblies/Unity.TextMeshPro.Tests.dll not valid. Loading of assembly skipped.
Assembly Unity.UnifiedRayTracing.Editor.Tests.dll at Library/ScriptAssemblies/Unity.UnifiedRayTracing.Editor.Tests.dll not valid. Loading of assembly skipped.
Assembly UnityEditor.UI.Common.Tests.dll at Library/ScriptAssemblies/UnityEditor.UI.Common.Tests.dll not valid. Loading of assembly skipped.
Assembly UnityEditor.UI.EditorTests.dll at Library/ScriptAssemblies/UnityEditor.UI.EditorTests.dll not valid. Loading of assembly skipped.
Assembly UnityEngine.UI.Tests.dll at Library/ScriptAssemblies/UnityEngine.UI.Tests.dll not valid. Loading of assembly skipped.
Symbol file LoadedFromMemory is not a mono symbol file
Refreshing native plugins compatible for Editor in 3.66 ms, found 4 plugins.
Assertion failed on expression: 'pred(*previous, *i)'
Assertion failed on expression: 'pred(*previous, *i)'
Assertion failed on expression: 'pred(*previous, *i)'
Assertion failed on expression: 'pred(*previous, *i)'
Assertion failed on expression: 'pred(*previous, *i)'
Assertion failed on expression: 'pred(*previous, *i)'
Assertion failed on expression: 'pred(*previous, *i)'
Assertion failed on expression: 'pred(*previous, *i)'
Assertion failed on expression: 'pred(*previous, *i)'
Assertion failed on expression: 'pred(*previous, *i)'
Assertion failed on expression: 'pred(*previous, *i)'
Assertion failed on expression: 'pred(*previous, *i)'
Native extension for LinuxStandalone target not found
Native extension for iOS target not found
Native extension for Android target not found
Native extension for WindowsStandalone target not found
[Package Manager] Failed to launch server process. Reason: Unity was launched with the -noUpm command-line argument
[Package Manager] Unable to send message (not connected to server process).
[Package Manager] Cannot connect to Unity Package Manager local server
[Package Manager] Failed to launch server process. Reason: Unity was launched with the -noUpm command-line argument
[Package Manager] Unable to send message (not connected to server process).
[Package Manager] Cannot connect to Unity Package Manager local server
[MODES] ModeService[none].Initialize
[MODES] ModeService[none].LoadModes
ScheduleIndexationOnStartup MainProcess:False IndexOnStartup:True
Mono: successfully reloaded assembly
- Finished resetting the current domain, in  1.101 seconds
Domain Reload Profiling: 2023ms
	BeginReloadAssembly (222ms)
		DisableScriptedObjects (5ms)
		CreateAndSetChildDomain (57ms)
	RebuildCommonClasses (36ms)
	RebuildNativeTypeToScriptingClass (13ms)
	initialDomainReloadingComplete (66ms)
	LoadAllAssembliesAndSetupDomain (585ms)
		LoadAssemblies (423ms)
		AnalyzeDomain (254ms)
			TypeCache.Refresh (9ms)
			BuildScriptInfoCaches (232ms)
			ResolveRequiredComponents (11ms)
	FinalizeReload (1102ms)
		SetupLoadedEditorAssemblies (0ms)
			InitializePlatformSupportModulesInManaged (24ms)
			BeforeProcessingInitializeOnLoad (177ms)
			ProcessInitializeOnLoadAttributes (541ms)
			ProcessInitializeOnLoadMethodAttributes (150ms)
			AfterProcessingInitializeOnLoad (9ms)
		AwakeInstancesAfterBackupRestoration (20ms)
Refreshing native plugins compatible for Editor in 4.43 ms, found 4 plugins.
Unloading 35 Unused Serialized files (Serialized files now loaded: 0)
Unloading 8126 unused Assets / (8.2 MB). Loaded Objects now: 9217.
Memory consumption went from 203.2 MB to 194.9 MB.
Total: 14.294200 ms (FindLiveObjects: 0.879300 ms CreateObjectMapping: 0.778400 ms MarkObjects: 6.981800 ms  DeleteObjects: 5.653200 ms)

Prepare: number of updated asset objects reloaded= 0
========================================================================
Received Import Request.
  Time since last request: 334.940261 seconds.
  path: Assets/Prefabs/VFX/PS_TurretMuzzleFlesh.prefab
  importAddress: Guid(93e385dc6c276034fb3602aa298caa8f) Importer(815301076,1909f56bfc062723c751e8b465ee728b)
Start importing Assets/Prefabs/VFX/PS_TurretMuzzleFlesh.prefab using Guid(93e385dc6c276034fb3602aa298caa8f) Importer(815301076,1909f56bfc062723c751e8b465ee728b) (PreviewImporter) -> (Import Result ID: 'b8cb0d2d7514706105177165d2482139') in 0.4644059 seconds [static and dynamic dependencies]. Details - ImportResultOutputID=3b8344faf904d3eb98f42b18be64a732 DependenciesID=e83771cca46780fa77e3abb9c1713df6 StaticDependenciesID=057a990dbb65850bc019ab3ab43c2508 
Number of updated asset objects reloaded before import = 0Number of asset objects unloaded after import = 31

========================================================================
Received Prepare
Begin MonoManager ReloadAssembly
[Licensing::Client] Successfully resolved entitlement details
[Licensing::Module] License group:
  Id: F4-ZF4W-JG7U-QS5D-T52E-XXXX
  Product: Unity Personal
  Type: ULF
  Expiration: Unlimited
[Licensing::Module] License group:
  Id: 4673487441905-UnityPersXXXX
  Product: Unity Personal
  Type: Assigned
  Expiration: Unlimited
Assembly Assembly-CSharp-Editor-firstpass.dll at Library/ScriptAssemblies/Assembly-CSharp-Editor-firstpass.dll not valid. Loading of assembly skipped.
Assembly Assembly-CSharp-firstpass.dll at Library/ScriptAssemblies/Assembly-CSharp-firstpass.dll not valid. Loading of assembly skipped.
Assembly DocCodeExamples.dll at Library/ScriptAssemblies/DocCodeExamples.dll not valid. Loading of assembly skipped.
Assembly TestNewCustomAssembly.dll at Library/ScriptAssemblies/TestNewCustomAssembly.dll not valid. Loading of assembly skipped.
Assembly Unity.2D.Sprite.Package.EditorTests.dll at Library/ScriptAssemblies/Unity.2D.Sprite.Package.EditorTests.dll not valid. Loading of assembly skipped.
Assembly Unity.Addressables.Editor.Tests.dll at Library/ScriptAssemblies/Unity.Addressables.Editor.Tests.dll not valid. Loading of assembly skipped.
Assembly Unity.Addressables.Runtime.Tests.dll at Library/ScriptAssemblies/Unity.Addressables.Runtime.Tests.dll not valid. Loading of assembly skipped.
Assembly Unity.Collections.BurstCompatibilityGen.dll at Library/ScriptAssemblies/Unity.Collections.BurstCompatibilityGen.dll not valid. Loading of assembly skipped.
Assembly Unity.Collections.DocCodeSamples.dll at Library/ScriptAssemblies/Unity.Collections.DocCodeSamples.dll not valid. Loading of assembly skipped.
Assembly Unity.Collections.PerformanceTests.dll at Library/ScriptAssemblies/Unity.Collections.PerformanceTests.dll not valid. Loading of assembly skipped.
Assembly Unity.Collections.Tests.dll at Library/ScriptAssemblies/Unity.Collections.Tests.dll not valid. Loading of assembly skipped.
Assembly Unity.Collections.Tests.Playmode.dll at Library/ScriptAssemblies/Unity.Collections.Tests.Playmode.dll not valid. Loading of assembly skipped.
Assembly Unity.InputSystem.IntegrationTests.dll at Library/ScriptAssemblies/Unity.InputSystem.IntegrationTests.dll not valid. Loading of assembly skipped.
Assembly Unity.Localization.DocCodeSamples.dll at Library/ScriptAssemblies/Unity.Localization.DocCodeSamples.dll not valid. Loading of assembly skipped.
Assembly Unity.Mathematics.Tests.dll at Library/ScriptAssemblies/Unity.Mathematics.Tests.dll not valid. Loading of assembly skipped.
Assembly Unity.Multiplayer.Center.Editor.Tests.dll at Library/ScriptAssemblies/Unity.Multiplayer.Center.Editor.Tests.dll not valid. Loading of assembly skipped.
Assembly Unity.Multiplayer.Center.Tests.dll at Library/ScriptAssemblies/Unity.Multiplayer.Center.Tests.dll not valid. Loading of assembly skipped.
Assembly Unity.Nuget.Mono-Cecil.dll at Library/ScriptAssemblies/Unity.Nuget.Mono-Cecil.dll not valid. Loading of assembly skipped.
Assembly Unity.PathTracing.Editor.Tests.dll at Library/ScriptAssemblies/Unity.PathTracing.Editor.Tests.dll not valid. Loading of assembly skipped.
Assembly Unity.PathTracing.Runtime.Tests.dll at Library/ScriptAssemblies/Unity.PathTracing.Runtime.Tests.dll not valid. Loading of assembly skipped.
Assembly Unity.RenderPipelines.Core.Editor.Tests.dll at Library/ScriptAssemblies/Unity.RenderPipelines.Core.Editor.Tests.dll not valid. Loading of assembly skipped.
Assembly Unity.RenderPipelines.Core.Runtime.Tests.dll at Library/ScriptAssemblies/Unity.RenderPipelines.Core.Runtime.Tests.dll not valid. Loading of assembly skipped.
Assembly Unity.RenderPipelines.Universal.Config.Editor.Tests.dll at Library/ScriptAssemblies/Unity.RenderPipelines.Universal.Config.Editor.Tests.dll not valid. Loading of assembly skipped.
Assembly Unity.RenderPipelines.Universal.Editor.Tests.dll at Library/ScriptAssemblies/Unity.RenderPipelines.Universal.Editor.Tests.dll not valid. Loading of assembly skipped.
Assembly Unity.RenderPipelines.Universal.Runtime.Tests.dll at Library/ScriptAssemblies/Unity.RenderPipelines.Universal.Runtime.Tests.dll not valid. Loading of assembly skipped.
Assembly Unity.ResourceManager.Tests.dll at Library/ScriptAssemblies/Unity.ResourceManager.Tests.dll not valid. Loading of assembly skipped.
Assembly Unity.ScriptableBuildPipeline.Editor.Tests.dll at Library/ScriptAssemblies/Unity.ScriptableBuildPipeline.Editor.Tests.dll not valid. Loading of assembly skipped.
Assembly Unity.ScriptableBuildPipeline.Tests.dll at Library/ScriptAssemblies/Unity.ScriptableBuildPipeline.Tests.dll not valid. Loading of assembly skipped.
Assembly Unity.ScriptableBuildPipelineTests.Runtime.Tests.dll at Library/ScriptAssemblies/Unity.ScriptableBuildPipelineTests.Runtime.Tests.dll not valid. Loading of assembly skipped.
Assembly Unity.Searcher.EditorTests.dll at Library/ScriptAssemblies/Unity.Searcher.EditorTests.dll not valid. Loading of assembly skipped.
Assembly Unity.Settings.Tests.dll at Library/ScriptAssemblies/Unity.Settings.Tests.dll not valid. Loading of assembly skipped.
Assembly Unity.ShaderGraph.Editor.Tests.dll at Library/ScriptAssemblies/Unity.ShaderGraph.Editor.Tests.dll not valid. Loading of assembly skipped.
Assembly Unity.TextMeshPro.Editor.Tests.dll at Library/ScriptAssemblies/Unity.TextMeshPro.Editor.Tests.dll not valid. Loading of assembly skipped.
Assembly Unity.TextMeshPro.Tests.dll at Library/ScriptAssemblies/Unity.TextMeshPro.Tests.dll not valid. Loading of assembly skipped.
Assembly Unity.UnifiedRayTracing.Editor.Tests.dll at Library/ScriptAssemblies/Unity.UnifiedRayTracing.Editor.Tests.dll not valid. Loading of assembly skipped.
Assembly UnityEditor.UI.Common.Tests.dll at Library/ScriptAssemblies/UnityEditor.UI.Common.Tests.dll not valid. Loading of assembly skipped.
Assembly UnityEditor.UI.EditorTests.dll at Library/ScriptAssemblies/UnityEditor.UI.EditorTests.dll not valid. Loading of assembly skipped.
Assembly UnityEngine.UI.Tests.dll at Library/ScriptAssemblies/UnityEngine.UI.Tests.dll not valid. Loading of assembly skipped.
Symbol file LoadedFromMemory is not a mono symbol file
Refreshing native plugins compatible for Editor in 3.13 ms, found 4 plugins.
Assertion failed on expression: 'pred(*previous, *i)'
Assertion failed on expression: 'pred(*previous, *i)'
Assertion failed on expression: 'pred(*previous, *i)'
Assertion failed on expression: 'pred(*previous, *i)'
Assertion failed on expression: 'pred(*previous, *i)'
Assertion failed on expression: 'pred(*previous, *i)'
Assertion failed on expression: 'pred(*previous, *i)'
Assertion failed on expression: 'pred(*previous, *i)'
Assertion failed on expression: 'pred(*previous, *i)'
Assertion failed on expression: 'pred(*previous, *i)'
Assertion failed on expression: 'pred(*previous, *i)'
Assertion failed on expression: 'pred(*previous, *i)'
Native extension for LinuxStandalone target not found
Native extension for iOS target not found
Native extension for Android target not found
Native extension for WindowsStandalone target not found
[Package Manager] Failed to launch server process. Reason: Unity was launched with the -noUpm command-line argument
[Package Manager] Unable to send message (not connected to server process).
[Package Manager] Cannot connect to Unity Package Manager local server
[Package Manager] Failed to launch server process. Reason: Unity was launched with the -noUpm command-line argument
[Package Manager] Unable to send message (not connected to server process).
[Package Manager] Cannot connect to Unity Package Manager local server
[MODES] ModeService[none].Initialize
[MODES] ModeService[none].LoadModes
ScheduleIndexationOnStartup MainProcess:False IndexOnStartup:True
Mono: successfully reloaded assembly
- Finished resetting the current domain, in  1.071 seconds
Domain Reload Profiling: 2024ms
	BeginReloadAssembly (243ms)
		DisableScriptedObjects (22ms)
		CreateAndSetChildDomain (60ms)
	RebuildCommonClasses (39ms)
	RebuildNativeTypeToScriptingClass (13ms)
	initialDomainReloadingComplete (74ms)
	LoadAllAssembliesAndSetupDomain (584ms)
		LoadAssemblies (410ms)
		AnalyzeDomain (264ms)
			TypeCache.Refresh (12ms)
			BuildScriptInfoCaches (237ms)
			ResolveRequiredComponents (14ms)
	FinalizeReload (1072ms)
		SetupLoadedEditorAssemblies (0ms)
			InitializePlatformSupportModulesInManaged (25ms)
			BeforeProcessingInitializeOnLoad (161ms)
			ProcessInitializeOnLoadAttributes (506ms)
			ProcessInitializeOnLoadMethodAttributes (159ms)
			AfterProcessingInitializeOnLoad (10ms)
		AwakeInstancesAfterBackupRestoration (23ms)
Refreshing native plugins compatible for Editor in 3.39 ms, found 4 plugins.
Unloading 35 Unused Serialized files (Serialized files now loaded: 0)
Unloading 8126 unused Assets / (7.5 MB). Loaded Objects now: 9243.
Memory consumption went from 190.7 MB to 183.2 MB.
Total: 14.124800 ms (FindLiveObjects: 0.846400 ms CreateObjectMapping: 0.731400 ms MarkObjects: 7.296100 ms  DeleteObjects: 5.249200 ms)

Prepare: number of updated asset objects reloaded= 0
========================================================================
Received Prepare
Begin MonoManager ReloadAssembly
[Licensing::Client] Successfully resolved entitlement details
[Licensing::Module] License group:
  Id: F4-ZF4W-JG7U-QS5D-T52E-XXXX
  Product: Unity Personal
  Type: ULF
  Expiration: Unlimited
[Licensing::Module] License group:
  Id: 4673487441905-UnityPersXXXX
  Product: Unity Personal
  Type: Assigned
  Expiration: Unlimited
Assembly Assembly-CSharp-Editor-firstpass.dll at Library/ScriptAssemblies/Assembly-CSharp-Editor-firstpass.dll not valid. Loading of assembly skipped.
Assembly Assembly-CSharp-firstpass.dll at Library/ScriptAssemblies/Assembly-CSharp-firstpass.dll not valid. Loading of assembly skipped.
Assembly DocCodeExamples.dll at Library/ScriptAssemblies/DocCodeExamples.dll not valid. Loading of assembly skipped.
Assembly TestNewCustomAssembly.dll at Library/ScriptAssemblies/TestNewCustomAssembly.dll not valid. Loading of assembly skipped.
Assembly Unity.2D.Sprite.Package.EditorTests.dll at Library/ScriptAssemblies/Unity.2D.Sprite.Package.EditorTests.dll not valid. Loading of assembly skipped.
Assembly Unity.Addressables.Editor.Tests.dll at Library/ScriptAssemblies/Unity.Addressables.Editor.Tests.dll not valid. Loading of assembly skipped.
Assembly Unity.Addressables.Runtime.Tests.dll at Library/ScriptAssemblies/Unity.Addressables.Runtime.Tests.dll not valid. Loading of assembly skipped.
Assembly Unity.Collections.BurstCompatibilityGen.dll at Library/ScriptAssemblies/Unity.Collections.BurstCompatibilityGen.dll not valid. Loading of assembly skipped.
Assembly Unity.Collections.DocCodeSamples.dll at Library/ScriptAssemblies/Unity.Collections.DocCodeSamples.dll not valid. Loading of assembly skipped.
Assembly Unity.Collections.PerformanceTests.dll at Library/ScriptAssemblies/Unity.Collections.PerformanceTests.dll not valid. Loading of assembly skipped.
Assembly Unity.Collections.Tests.dll at Library/ScriptAssemblies/Unity.Collections.Tests.dll not valid. Loading of assembly skipped.
Assembly Unity.Collections.Tests.Playmode.dll at Library/ScriptAssemblies/Unity.Collections.Tests.Playmode.dll not valid. Loading of assembly skipped.
Assembly Unity.InputSystem.IntegrationTests.dll at Library/ScriptAssemblies/Unity.InputSystem.IntegrationTests.dll not valid. Loading of assembly skipped.
Assembly Unity.Localization.DocCodeSamples.dll at Library/ScriptAssemblies/Unity.Localization.DocCodeSamples.dll not valid. Loading of assembly skipped.
Assembly Unity.Mathematics.Tests.dll at Library/ScriptAssemblies/Unity.Mathematics.Tests.dll not valid. Loading of assembly skipped.
Assembly Unity.Multiplayer.Center.Editor.Tests.dll at Library/ScriptAssemblies/Unity.Multiplayer.Center.Editor.Tests.dll not valid. Loading of assembly skipped.
Assembly Unity.Multiplayer.Center.Tests.dll at Library/ScriptAssemblies/Unity.Multiplayer.Center.Tests.dll not valid. Loading of assembly skipped.
Assembly Unity.Nuget.Mono-Cecil.dll at Library/ScriptAssemblies/Unity.Nuget.Mono-Cecil.dll not valid. Loading of assembly skipped.
Assembly Unity.PathTracing.Editor.Tests.dll at Library/ScriptAssemblies/Unity.PathTracing.Editor.Tests.dll not valid. Loading of assembly skipped.
Assembly Unity.PathTracing.Runtime.Tests.dll at Library/ScriptAssemblies/Unity.PathTracing.Runtime.Tests.dll not valid. Loading of assembly skipped.
Assembly Unity.RenderPipelines.Core.Editor.Tests.dll at Library/ScriptAssemblies/Unity.RenderPipelines.Core.Editor.Tests.dll not valid. Loading of assembly skipped.
Assembly Unity.RenderPipelines.Core.Runtime.Tests.dll at Library/ScriptAssemblies/Unity.RenderPipelines.Core.Runtime.Tests.dll not valid. Loading of assembly skipped.
Assembly Unity.RenderPipelines.Universal.Config.Editor.Tests.dll at Library/ScriptAssemblies/Unity.RenderPipelines.Universal.Config.Editor.Tests.dll not valid. Loading of assembly skipped.
Assembly Unity.RenderPipelines.Universal.Editor.Tests.dll at Library/ScriptAssemblies/Unity.RenderPipelines.Universal.Editor.Tests.dll not valid. Loading of assembly skipped.
Assembly Unity.RenderPipelines.Universal.Runtime.Tests.dll at Library/ScriptAssemblies/Unity.RenderPipelines.Universal.Runtime.Tests.dll not valid. Loading of assembly skipped.
Assembly Unity.ResourceManager.Tests.dll at Library/ScriptAssemblies/Unity.ResourceManager.Tests.dll not valid. Loading of assembly skipped.
Assembly Unity.ScriptableBuildPipeline.Editor.Tests.dll at Library/ScriptAssemblies/Unity.ScriptableBuildPipeline.Editor.Tests.dll not valid. Loading of assembly skipped.
Assembly Unity.ScriptableBuildPipeline.Tests.dll at Library/ScriptAssemblies/Unity.ScriptableBuildPipeline.Tests.dll not valid. Loading of assembly skipped.
Assembly Unity.ScriptableBuildPipelineTests.Runtime.Tests.dll at Library/ScriptAssemblies/Unity.ScriptableBuildPipelineTests.Runtime.Tests.dll not valid. Loading of assembly skipped.
Assembly Unity.Searcher.EditorTests.dll at Library/ScriptAssemblies/Unity.Searcher.EditorTests.dll not valid. Loading of assembly skipped.
Assembly Unity.Settings.Tests.dll at Library/ScriptAssemblies/Unity.Settings.Tests.dll not valid. Loading of assembly skipped.
Assembly Unity.ShaderGraph.Editor.Tests.dll at Library/ScriptAssemblies/Unity.ShaderGraph.Editor.Tests.dll not valid. Loading of assembly skipped.
Assembly Unity.TextMeshPro.Editor.Tests.dll at Library/ScriptAssemblies/Unity.TextMeshPro.Editor.Tests.dll not valid. Loading of assembly skipped.
Assembly Unity.TextMeshPro.Tests.dll at Library/ScriptAssemblies/Unity.TextMeshPro.Tests.dll not valid. Loading of assembly skipped.
Assembly Unity.UnifiedRayTracing.Editor.Tests.dll at Library/ScriptAssemblies/Unity.UnifiedRayTracing.Editor.Tests.dll not valid. Loading of assembly skipped.
Assembly UnityEditor.UI.Common.Tests.dll at Library/ScriptAssemblies/UnityEditor.UI.Common.Tests.dll not valid. Loading of assembly skipped.
Assembly UnityEditor.UI.EditorTests.dll at Library/ScriptAssemblies/UnityEditor.UI.EditorTests.dll not valid. Loading of assembly skipped.
Assembly UnityEngine.UI.Tests.dll at Library/ScriptAssemblies/UnityEngine.UI.Tests.dll not valid. Loading of assembly skipped.
Symbol file LoadedFromMemory is not a mono symbol file
Refreshing native plugins compatible for Editor in 7.33 ms, found 4 plugins.
Assertion failed on expression: 'pred(*previous, *i)'
Assertion failed on expression: 'pred(*previous, *i)'
Assertion failed on expression: 'pred(*previous, *i)'
Assertion failed on expression: 'pred(*previous, *i)'
Assertion failed on expression: 'pred(*previous, *i)'
Assertion failed on expression: 'pred(*previous, *i)'
Assertion failed on expression: 'pred(*previous, *i)'
Assertion failed on expression: 'pred(*previous, *i)'
Assertion failed on expression: 'pred(*previous, *i)'
Assertion failed on expression: 'pred(*previous, *i)'
Assertion failed on expression: 'pred(*previous, *i)'
Assertion failed on expression: 'pred(*previous, *i)'
Native extension for LinuxStandalone target not found
Native extension for iOS target not found
Native extension for Android target not found
Native extension for WindowsStandalone target not found
[Package Manager] Failed to launch server process. Reason: Unity was launched with the -noUpm command-line argument
[Package Manager] Unable to send message (not connected to server process).
[Package Manager] Cannot connect to Unity Package Manager local server
[Package Manager] Failed to launch server process. Reason: Unity was launched with the -noUpm command-line argument
[Package Manager] Unable to send message (not connected to server process).
[Package Manager] Cannot connect to Unity Package Manager local server
[MODES] ModeService[none].Initialize
[MODES] ModeService[none].LoadModes
ScheduleIndexationOnStartup MainProcess:False IndexOnStartup:True
Mono: successfully reloaded assembly
- Finished resetting the current domain, in  1.052 seconds
Domain Reload Profiling: 5995ms
	BeginReloadAssembly (1661ms)
		DisableScriptedObjects (114ms)
		ReleaseScriptingObjects (3ms)
		CreateAndSetChildDomain (504ms)
	RebuildCommonClasses (39ms)
	RebuildNativeTypeToScriptingClass (12ms)
	initialDomainReloadingComplete (336ms)
	LoadAllAssembliesAndSetupDomain (2895ms)
		LoadAssemblies (2507ms)
		AnalyzeDomain (617ms)
			TypeCache.Refresh (100ms)
				TypeCache.ScanAssembly (3ms)
			BuildScriptInfoCaches (489ms)
			ResolveRequiredComponents (17ms)
	FinalizeReload (1052ms)
		SetupLoadedEditorAssemblies (0ms)
			InitializePlatformSupportModulesInManaged (35ms)
			BeforeProcessingInitializeOnLoad (193ms)
			ProcessInitializeOnLoadAttributes (463ms)
			ProcessInitializeOnLoadMethodAttributes (114ms)
			AfterProcessingInitializeOnLoad (8ms)
		AwakeInstancesAfterBackupRestoration (18ms)
Refreshing native plugins compatible for Editor in 3.08 ms, found 4 plugins.
Unloading 35 Unused Serialized files (Serialized files now loaded: 0)
Unloading 8126 unused Assets / (7.4 MB). Loaded Objects now: 9249.
Memory consumption went from 193.7 MB to 186.3 MB.
Total: 12.790800 ms (FindLiveObjects: 0.740000 ms CreateObjectMapping: 0.717800 ms MarkObjects: 6.160200 ms  DeleteObjects: 5.170300 ms)

Prepare: number of updated asset objects reloaded= 0
========================================================================
Received Prepare
Begin MonoManager ReloadAssembly
Assembly Assembly-CSharp-Editor-firstpass.dll at Library/ScriptAssemblies/Assembly-CSharp-Editor-firstpass.dll not valid. Loading of assembly skipped.
Assembly Assembly-CSharp-firstpass.dll at Library/ScriptAssemblies/Assembly-CSharp-firstpass.dll not valid. Loading of assembly skipped.
Assembly DocCodeExamples.dll at Library/ScriptAssemblies/DocCodeExamples.dll not valid. Loading of assembly skipped.
Assembly TestNewCustomAssembly.dll at Library/ScriptAssemblies/TestNewCustomAssembly.dll not valid. Loading of assembly skipped.
Assembly Unity.2D.Sprite.Package.EditorTests.dll at Library/ScriptAssemblies/Unity.2D.Sprite.Package.EditorTests.dll not valid. Loading of assembly skipped.
Assembly Unity.Addressables.Editor.Tests.dll at Library/ScriptAssemblies/Unity.Addressables.Editor.Tests.dll not valid. Loading of assembly skipped.
Assembly Unity.Addressables.Runtime.Tests.dll at Library/ScriptAssemblies/Unity.Addressables.Runtime.Tests.dll not valid. Loading of assembly skipped.
Assembly Unity.Collections.BurstCompatibilityGen.dll at Library/ScriptAssemblies/Unity.Collections.BurstCompatibilityGen.dll not valid. Loading of assembly skipped.
Assembly Unity.Collections.DocCodeSamples.dll at Library/ScriptAssemblies/Unity.Collections.DocCodeSamples.dll not valid. Loading of assembly skipped.
Assembly Unity.Collections.PerformanceTests.dll at Library/ScriptAssemblies/Unity.Collections.PerformanceTests.dll not valid. Loading of assembly skipped.
Assembly Unity.Collections.Tests.dll at Library/ScriptAssemblies/Unity.Collections.Tests.dll not valid. Loading of assembly skipped.
Assembly Unity.Collections.Tests.Playmode.dll at Library/ScriptAssemblies/Unity.Collections.Tests.Playmode.dll not valid. Loading of assembly skipped.
Assembly Unity.InputSystem.IntegrationTests.dll at Library/ScriptAssemblies/Unity.InputSystem.IntegrationTests.dll not valid. Loading of assembly skipped.
Assembly Unity.Localization.DocCodeSamples.dll at Library/ScriptAssemblies/Unity.Localization.DocCodeSamples.dll not valid. Loading of assembly skipped.
Assembly Unity.Mathematics.Tests.dll at Library/ScriptAssemblies/Unity.Mathematics.Tests.dll not valid. Loading of assembly skipped.
Assembly Unity.Multiplayer.Center.Editor.Tests.dll at Library/ScriptAssemblies/Unity.Multiplayer.Center.Editor.Tests.dll not valid. Loading of assembly skipped.
Assembly Unity.Multiplayer.Center.Tests.dll at Library/ScriptAssemblies/Unity.Multiplayer.Center.Tests.dll not valid. Loading of assembly skipped.
Assembly Unity.Nuget.Mono-Cecil.dll at Library/ScriptAssemblies/Unity.Nuget.Mono-Cecil.dll not valid. Loading of assembly skipped.
Assembly Unity.PathTracing.Editor.Tests.dll at Library/ScriptAssemblies/Unity.PathTracing.Editor.Tests.dll not valid. Loading of assembly skipped.
Assembly Unity.PathTracing.Runtime.Tests.dll at Library/ScriptAssemblies/Unity.PathTracing.Runtime.Tests.dll not valid. Loading of assembly skipped.
Assembly Unity.RenderPipelines.Core.Editor.Tests.dll at Library/ScriptAssemblies/Unity.RenderPipelines.Core.Editor.Tests.dll not valid. Loading of assembly skipped.
Assembly Unity.RenderPipelines.Core.Runtime.Tests.dll at Library/ScriptAssemblies/Unity.RenderPipelines.Core.Runtime.Tests.dll not valid. Loading of assembly skipped.
Assembly Unity.RenderPipelines.Universal.Config.Editor.Tests.dll at Library/ScriptAssemblies/Unity.RenderPipelines.Universal.Config.Editor.Tests.dll not valid. Loading of assembly skipped.
Assembly Unity.RenderPipelines.Universal.Editor.Tests.dll at Library/ScriptAssemblies/Unity.RenderPipelines.Universal.Editor.Tests.dll not valid. Loading of assembly skipped.
Assembly Unity.RenderPipelines.Universal.Runtime.Tests.dll at Library/ScriptAssemblies/Unity.RenderPipelines.Universal.Runtime.Tests.dll not valid. Loading of assembly skipped.
Assembly Unity.ResourceManager.Tests.dll at Library/ScriptAssemblies/Unity.ResourceManager.Tests.dll not valid. Loading of assembly skipped.
Assembly Unity.ScriptableBuildPipeline.Editor.Tests.dll at Library/ScriptAssemblies/Unity.ScriptableBuildPipeline.Editor.Tests.dll not valid. Loading of assembly skipped.
Assembly Unity.ScriptableBuildPipeline.Tests.dll at Library/ScriptAssemblies/Unity.ScriptableBuildPipeline.Tests.dll not valid. Loading of assembly skipped.
Assembly Unity.ScriptableBuildPipelineTests.Runtime.Tests.dll at Library/ScriptAssemblies/Unity.ScriptableBuildPipelineTests.Runtime.Tests.dll not valid. Loading of assembly skipped.
Assembly Unity.Searcher.EditorTests.dll at Library/ScriptAssemblies/Unity.Searcher.EditorTests.dll not valid. Loading of assembly skipped.
Assembly Unity.Settings.Tests.dll at Library/ScriptAssemblies/Unity.Settings.Tests.dll not valid. Loading of assembly skipped.
Assembly Unity.ShaderGraph.Editor.Tests.dll at Library/ScriptAssemblies/Unity.ShaderGraph.Editor.Tests.dll not valid. Loading of assembly skipped.
Assembly Unity.TextMeshPro.Editor.Tests.dll at Library/ScriptAssemblies/Unity.TextMeshPro.Editor.Tests.dll not valid. Loading of assembly skipped.
Assembly Unity.TextMeshPro.Tests.dll at Library/ScriptAssemblies/Unity.TextMeshPro.Tests.dll not valid. Loading of assembly skipped.
Assembly Unity.UnifiedRayTracing.Editor.Tests.dll at Library/ScriptAssemblies/Unity.UnifiedRayTracing.Editor.Tests.dll not valid. Loading of assembly skipped.
Assembly UnityEditor.UI.Common.Tests.dll at Library/ScriptAssemblies/UnityEditor.UI.Common.Tests.dll not valid. Loading of assembly skipped.
Assembly UnityEditor.UI.EditorTests.dll at Library/ScriptAssemblies/UnityEditor.UI.EditorTests.dll not valid. Loading of assembly skipped.
Assembly UnityEngine.UI.Tests.dll at Library/ScriptAssemblies/UnityEngine.UI.Tests.dll not valid. Loading of assembly skipped.
Symbol file LoadedFromMemory is not a mono symbol file
Refreshing native plugins compatible for Editor in 7.48 ms, found 4 plugins.
Assertion failed on expression: 'pred(*previous, *i)'
Assertion failed on expression: 'pred(*previous, *i)'
Assertion failed on expression: 'pred(*previous, *i)'
Assertion failed on expression: 'pred(*previous, *i)'
Assertion failed on expression: 'pred(*previous, *i)'
Assertion failed on expression: 'pred(*previous, *i)'
Assertion failed on expression: 'pred(*previous, *i)'
Assertion failed on expression: 'pred(*previous, *i)'
Assertion failed on expression: 'pred(*previous, *i)'
Assertion failed on expression: 'pred(*previous, *i)'
Assertion failed on expression: 'pred(*previous, *i)'
Assertion failed on expression: 'pred(*previous, *i)'
Native extension for LinuxStandalone target not found
Native extension for iOS target not found
Native extension for Android target not found
Native extension for WindowsStandalone target not found
[Package Manager] Failed to launch server process. Reason: Unity was launched with the -noUpm command-line argument
[Package Manager] Unable to send message (not connected to server process).
[Package Manager] Cannot connect to Unity Package Manager local server
[Package Manager] Failed to launch server process. Reason: Unity was launched with the -noUpm command-line argument
[Package Manager] Unable to send message (not connected to server process).
[Package Manager] Cannot connect to Unity Package Manager local server
[MODES] ModeService[none].Initialize
[MODES] ModeService[none].LoadModes
ScheduleIndexationOnStartup MainProcess:False IndexOnStartup:True
Mono: successfully reloaded assembly
- Finished resetting the current domain, in  1.613 seconds
Domain Reload Profiling: 3452ms
	BeginReloadAssembly (372ms)
		DisableScriptedObjects (10ms)
		CreateAndSetChildDomain (72ms)
	RebuildCommonClasses (60ms)
	RebuildNativeTypeToScriptingClass (20ms)
	initialDomainReloadingComplete (163ms)
	LoadAllAssembliesAndSetupDomain (1222ms)
		LoadAssemblies (923ms)
		AnalyzeDomain (462ms)
			TypeCache.Refresh (14ms)
			BuildScriptInfoCaches (422ms)
			ResolveRequiredComponents (23ms)
	FinalizeReload (1614ms)
		SetupLoadedEditorAssemblies (0ms)
			InitializePlatformSupportModulesInManaged (41ms)
			BeforeProcessingInitializeOnLoad (343ms)
			ProcessInitializeOnLoadAttributes (716ms)
			ProcessInitializeOnLoadMethodAttributes (189ms)
			AfterProcessingInitializeOnLoad (17ms)
		AwakeInstancesAfterBackupRestoration (32ms)
Refreshing native plugins compatible for Editor in 5.44 ms, found 4 plugins.
Unloading 35 Unused Serialized files (Serialized files now loaded: 0)
Unloading 8126 unused Assets / (8.1 MB). Loaded Objects now: 9255.
Memory consumption went from 197.0 MB to 188.8 MB.
Total: 16.920800 ms (FindLiveObjects: 1.226800 ms CreateObjectMapping: 0.877200 ms MarkObjects: 7.930400 ms  DeleteObjects: 6.884600 ms)

Prepare: number of updated asset objects reloaded= 0
========================================================================
Received Prepare
Begin MonoManager ReloadAssembly
[Licensing::Client] Successfully resolved entitlement details
[Licensing::Module] License group:
  Id: F4-ZF4W-JG7U-QS5D-T52E-XXXX
  Product: Unity Personal
  Type: ULF
  Expiration: Unlimited
[Licensing::Module] License group:
  Id: 4673487441905-UnityPersXXXX
  Product: Unity Personal
  Type: Assigned
  Expiration: Unlimited
Assembly Assembly-CSharp-Editor-firstpass.dll at Library/ScriptAssemblies/Assembly-CSharp-Editor-firstpass.dll not valid. Loading of assembly skipped.
Assembly Assembly-CSharp-firstpass.dll at Library/ScriptAssemblies/Assembly-CSharp-firstpass.dll not valid. Loading of assembly skipped.
Assembly DocCodeExamples.dll at Library/ScriptAssemblies/DocCodeExamples.dll not valid. Loading of assembly skipped.
Assembly TestNewCustomAssembly.dll at Library/ScriptAssemblies/TestNewCustomAssembly.dll not valid. Loading of assembly skipped.
Assembly Unity.2D.Sprite.Package.EditorTests.dll at Library/ScriptAssemblies/Unity.2D.Sprite.Package.EditorTests.dll not valid. Loading of assembly skipped.
Assembly Unity.Addressables.Editor.Tests.dll at Library/ScriptAssemblies/Unity.Addressables.Editor.Tests.dll not valid. Loading of assembly skipped.
Assembly Unity.Addressables.Runtime.Tests.dll at Library/ScriptAssemblies/Unity.Addressables.Runtime.Tests.dll not valid. Loading of assembly skipped.
Assembly Unity.Collections.BurstCompatibilityGen.dll at Library/ScriptAssemblies/Unity.Collections.BurstCompatibilityGen.dll not valid. Loading of assembly skipped.
Assembly Unity.Collections.DocCodeSamples.dll at Library/ScriptAssemblies/Unity.Collections.DocCodeSamples.dll not valid. Loading of assembly skipped.
Assembly Unity.Collections.PerformanceTests.dll at Library/ScriptAssemblies/Unity.Collections.PerformanceTests.dll not valid. Loading of assembly skipped.
Assembly Unity.Collections.Tests.dll at Library/ScriptAssemblies/Unity.Collections.Tests.dll not valid. Loading of assembly skipped.
Assembly Unity.Collections.Tests.Playmode.dll at Library/ScriptAssemblies/Unity.Collections.Tests.Playmode.dll not valid. Loading of assembly skipped.
Assembly Unity.InputSystem.IntegrationTests.dll at Library/ScriptAssemblies/Unity.InputSystem.IntegrationTests.dll not valid. Loading of assembly skipped.
Assembly Unity.Localization.DocCodeSamples.dll at Library/ScriptAssemblies/Unity.Localization.DocCodeSamples.dll not valid. Loading of assembly skipped.
Assembly Unity.Mathematics.Tests.dll at Library/ScriptAssemblies/Unity.Mathematics.Tests.dll not valid. Loading of assembly skipped.
Assembly Unity.Multiplayer.Center.Editor.Tests.dll at Library/ScriptAssemblies/Unity.Multiplayer.Center.Editor.Tests.dll not valid. Loading of assembly skipped.
Assembly Unity.Multiplayer.Center.Tests.dll at Library/ScriptAssemblies/Unity.Multiplayer.Center.Tests.dll not valid. Loading of assembly skipped.
Assembly Unity.Nuget.Mono-Cecil.dll at Library/ScriptAssemblies/Unity.Nuget.Mono-Cecil.dll not valid. Loading of assembly skipped.
Assembly Unity.PathTracing.Editor.Tests.dll at Library/ScriptAssemblies/Unity.PathTracing.Editor.Tests.dll not valid. Loading of assembly skipped.
Assembly Unity.PathTracing.Runtime.Tests.dll at Library/ScriptAssemblies/Unity.PathTracing.Runtime.Tests.dll not valid. Loading of assembly skipped.
Assembly Unity.RenderPipelines.Core.Editor.Tests.dll at Library/ScriptAssemblies/Unity.RenderPipelines.Core.Editor.Tests.dll not valid. Loading of assembly skipped.
Assembly Unity.RenderPipelines.Core.Runtime.Tests.dll at Library/ScriptAssemblies/Unity.RenderPipelines.Core.Runtime.Tests.dll not valid. Loading of assembly skipped.
Assembly Unity.RenderPipelines.Universal.Config.Editor.Tests.dll at Library/ScriptAssemblies/Unity.RenderPipelines.Universal.Config.Editor.Tests.dll not valid. Loading of assembly skipped.
Assembly Unity.RenderPipelines.Universal.Editor.Tests.dll at Library/ScriptAssemblies/Unity.RenderPipelines.Universal.Editor.Tests.dll not valid. Loading of assembly skipped.
Assembly Unity.RenderPipelines.Universal.Runtime.Tests.dll at Library/ScriptAssemblies/Unity.RenderPipelines.Universal.Runtime.Tests.dll not valid. Loading of assembly skipped.
Assembly Unity.ResourceManager.Tests.dll at Library/ScriptAssemblies/Unity.ResourceManager.Tests.dll not valid. Loading of assembly skipped.
Assembly Unity.ScriptableBuildPipeline.Editor.Tests.dll at Library/ScriptAssemblies/Unity.ScriptableBuildPipeline.Editor.Tests.dll not valid. Loading of assembly skipped.
Assembly Unity.ScriptableBuildPipeline.Tests.dll at Library/ScriptAssemblies/Unity.ScriptableBuildPipeline.Tests.dll not valid. Loading of assembly skipped.
Assembly Unity.ScriptableBuildPipelineTests.Runtime.Tests.dll at Library/ScriptAssemblies/Unity.ScriptableBuildPipelineTests.Runtime.Tests.dll not valid. Loading of assembly skipped.
Assembly Unity.Searcher.EditorTests.dll at Library/ScriptAssemblies/Unity.Searcher.EditorTests.dll not valid. Loading of assembly skipped.
Assembly Unity.Settings.Tests.dll at Library/ScriptAssemblies/Unity.Settings.Tests.dll not valid. Loading of assembly skipped.
Assembly Unity.ShaderGraph.Editor.Tests.dll at Library/ScriptAssemblies/Unity.ShaderGraph.Editor.Tests.dll not valid. Loading of assembly skipped.
Assembly Unity.TextMeshPro.Editor.Tests.dll at Library/ScriptAssemblies/Unity.TextMeshPro.Editor.Tests.dll not valid. Loading of assembly skipped.
Assembly Unity.TextMeshPro.Tests.dll at Library/ScriptAssemblies/Unity.TextMeshPro.Tests.dll not valid. Loading of assembly skipped.
Assembly Unity.UnifiedRayTracing.Editor.Tests.dll at Library/ScriptAssemblies/Unity.UnifiedRayTracing.Editor.Tests.dll not valid. Loading of assembly skipped.
Assembly UnityEditor.UI.Common.Tests.dll at Library/ScriptAssemblies/UnityEditor.UI.Common.Tests.dll not valid. Loading of assembly skipped.
Assembly UnityEditor.UI.EditorTests.dll at Library/ScriptAssemblies/UnityEditor.UI.EditorTests.dll not valid. Loading of assembly skipped.
Assembly UnityEngine.UI.Tests.dll at Library/ScriptAssemblies/UnityEngine.UI.Tests.dll not valid. Loading of assembly skipped.
Symbol file LoadedFromMemory is not a mono symbol file
Refreshing native plugins compatible for Editor in 13.76 ms, found 4 plugins.
Assertion failed on expression: 'pred(*previous, *i)'
Assertion failed on expression: 'pred(*previous, *i)'
Assertion failed on expression: 'pred(*previous, *i)'
Assertion failed on expression: 'pred(*previous, *i)'
Assertion failed on expression: 'pred(*previous, *i)'
Assertion failed on expression: 'pred(*previous, *i)'
Assertion failed on expression: 'pred(*previous, *i)'
Assertion failed on expression: 'pred(*previous, *i)'
Assertion failed on expression: 'pred(*previous, *i)'
Assertion failed on expression: 'pred(*previous, *i)'
Assertion failed on expression: 'pred(*previous, *i)'
Assertion failed on expression: 'pred(*previous, *i)'
Native extension for LinuxStandalone target not found
Native extension for iOS target not found
Native extension for Android target not found
Native extension for WindowsStandalone target not found
[Package Manager] Failed to launch server process. Reason: Unity was launched with the -noUpm command-line argument
[Package Manager] Unable to send message (not connected to server process).
[Package Manager] Cannot connect to Unity Package Manager local server
[Package Manager] Failed to launch server process. Reason: Unity was launched with the -noUpm command-line argument
[Package Manager] Unable to send message (not connected to server process).
[Package Manager] Cannot connect to Unity Package Manager local server
[MODES] ModeService[none].Initialize
[MODES] ModeService[none].LoadModes
ScheduleIndexationOnStartup MainProcess:False IndexOnStartup:True
Mono: successfully reloaded assembly
- Finished resetting the current domain, in  1.991 seconds
Domain Reload Profiling: 10336ms
	BeginReloadAssembly (2819ms)
		DisableScriptedObjects (251ms)
		ReleaseScriptingObjects (9ms)
		CreateAndSetChildDomain (881ms)
	RebuildCommonClasses (88ms)
	RebuildNativeTypeToScriptingClass (27ms)
	initialDomainReloadingComplete (412ms)
	LoadAllAssembliesAndSetupDomain (4998ms)
		LoadAssemblies (4399ms)
		AnalyzeDomain (1015ms)
			TypeCache.Refresh (216ms)
				TypeCache.ScanAssembly (7ms)
			BuildScriptInfoCaches (762ms)
			ResolveRequiredComponents (26ms)
	FinalizeReload (1992ms)
		SetupLoadedEditorAssemblies (0ms)
			InitializePlatformSupportModulesInManaged (55ms)
			BeforeProcessingInitializeOnLoad (406ms)
			ProcessInitializeOnLoadAttributes (895ms)
			ProcessInitializeOnLoadMethodAttributes (223ms)
			AfterProcessingInitializeOnLoad (19ms)
		AwakeInstancesAfterBackupRestoration (33ms)
Refreshing native plugins compatible for Editor in 6.49 ms, found 4 plugins.
Unloading 35 Unused Serialized files (Serialized files now loaded: 0)
Unloading 8126 unused Assets / (7.2 MB). Loaded Objects now: 9261.
Memory consumption went from 200.2 MB to 193.0 MB.
Total: 23.398100 ms (FindLiveObjects: 1.840100 ms CreateObjectMapping: 1.049400 ms MarkObjects: 12.071400 ms  DeleteObjects: 7.985700 ms)

Prepare: number of updated asset objects reloaded= 0
========================================================================
Received Prepare
Begin MonoManager ReloadAssembly
Assembly Assembly-CSharp-Editor-firstpass.dll at Library/ScriptAssemblies/Assembly-CSharp-Editor-firstpass.dll not valid. Loading of assembly skipped.
Assembly Assembly-CSharp-firstpass.dll at Library/ScriptAssemblies/Assembly-CSharp-firstpass.dll not valid. Loading of assembly skipped.
Assembly DocCodeExamples.dll at Library/ScriptAssemblies/DocCodeExamples.dll not valid. Loading of assembly skipped.
Assembly TestNewCustomAssembly.dll at Library/ScriptAssemblies/TestNewCustomAssembly.dll not valid. Loading of assembly skipped.
Assembly Unity.2D.Sprite.Package.EditorTests.dll at Library/ScriptAssemblies/Unity.2D.Sprite.Package.EditorTests.dll not valid. Loading of assembly skipped.
Assembly Unity.Addressables.Editor.Tests.dll at Library/ScriptAssemblies/Unity.Addressables.Editor.Tests.dll not valid. Loading of assembly skipped.
Assembly Unity.Addressables.Runtime.Tests.dll at Library/ScriptAssemblies/Unity.Addressables.Runtime.Tests.dll not valid. Loading of assembly skipped.
Assembly Unity.Collections.BurstCompatibilityGen.dll at Library/ScriptAssemblies/Unity.Collections.BurstCompatibilityGen.dll not valid. Loading of assembly skipped.
Assembly Unity.Collections.DocCodeSamples.dll at Library/ScriptAssemblies/Unity.Collections.DocCodeSamples.dll not valid. Loading of assembly skipped.
Assembly Unity.Collections.PerformanceTests.dll at Library/ScriptAssemblies/Unity.Collections.PerformanceTests.dll not valid. Loading of assembly skipped.
Assembly Unity.Collections.Tests.dll at Library/ScriptAssemblies/Unity.Collections.Tests.dll not valid. Loading of assembly skipped.
Assembly Unity.Collections.Tests.Playmode.dll at Library/ScriptAssemblies/Unity.Collections.Tests.Playmode.dll not valid. Loading of assembly skipped.
Assembly Unity.InputSystem.IntegrationTests.dll at Library/ScriptAssemblies/Unity.InputSystem.IntegrationTests.dll not valid. Loading of assembly skipped.
Assembly Unity.Localization.DocCodeSamples.dll at Library/ScriptAssemblies/Unity.Localization.DocCodeSamples.dll not valid. Loading of assembly skipped.
Assembly Unity.Mathematics.Tests.dll at Library/ScriptAssemblies/Unity.Mathematics.Tests.dll not valid. Loading of assembly skipped.
Assembly Unity.Multiplayer.Center.Editor.Tests.dll at Library/ScriptAssemblies/Unity.Multiplayer.Center.Editor.Tests.dll not valid. Loading of assembly skipped.
Assembly Unity.Multiplayer.Center.Tests.dll at Library/ScriptAssemblies/Unity.Multiplayer.Center.Tests.dll not valid. Loading of assembly skipped.
Assembly Unity.Nuget.Mono-Cecil.dll at Library/ScriptAssemblies/Unity.Nuget.Mono-Cecil.dll not valid. Loading of assembly skipped.
Assembly Unity.PathTracing.Editor.Tests.dll at Library/ScriptAssemblies/Unity.PathTracing.Editor.Tests.dll not valid. Loading of assembly skipped.
Assembly Unity.PathTracing.Runtime.Tests.dll at Library/ScriptAssemblies/Unity.PathTracing.Runtime.Tests.dll not valid. Loading of assembly skipped.
Assembly Unity.RenderPipelines.Core.Editor.Tests.dll at Library/ScriptAssemblies/Unity.RenderPipelines.Core.Editor.Tests.dll not valid. Loading of assembly skipped.
Assembly Unity.RenderPipelines.Core.Runtime.Tests.dll at Library/ScriptAssemblies/Unity.RenderPipelines.Core.Runtime.Tests.dll not valid. Loading of assembly skipped.
Assembly Unity.RenderPipelines.Universal.Config.Editor.Tests.dll at Library/ScriptAssemblies/Unity.RenderPipelines.Universal.Config.Editor.Tests.dll not valid. Loading of assembly skipped.
Assembly Unity.RenderPipelines.Universal.Editor.Tests.dll at Library/ScriptAssemblies/Unity.RenderPipelines.Universal.Editor.Tests.dll not valid. Loading of assembly skipped.
Assembly Unity.RenderPipelines.Universal.Runtime.Tests.dll at Library/ScriptAssemblies/Unity.RenderPipelines.Universal.Runtime.Tests.dll not valid. Loading of assembly skipped.
Assembly Unity.ResourceManager.Tests.dll at Library/ScriptAssemblies/Unity.ResourceManager.Tests.dll not valid. Loading of assembly skipped.
Assembly Unity.ScriptableBuildPipeline.Editor.Tests.dll at Library/ScriptAssemblies/Unity.ScriptableBuildPipeline.Editor.Tests.dll not valid. Loading of assembly skipped.
Assembly Unity.ScriptableBuildPipeline.Tests.dll at Library/ScriptAssemblies/Unity.ScriptableBuildPipeline.Tests.dll not valid. Loading of assembly skipped.
Assembly Unity.ScriptableBuildPipelineTests.Runtime.Tests.dll at Library/ScriptAssemblies/Unity.ScriptableBuildPipelineTests.Runtime.Tests.dll not valid. Loading of assembly skipped.
Assembly Unity.Searcher.EditorTests.dll at Library/ScriptAssemblies/Unity.Searcher.EditorTests.dll not valid. Loading of assembly skipped.
Assembly Unity.Settings.Tests.dll at Library/ScriptAssemblies/Unity.Settings.Tests.dll not valid. Loading of assembly skipped.
Assembly Unity.ShaderGraph.Editor.Tests.dll at Library/ScriptAssemblies/Unity.ShaderGraph.Editor.Tests.dll not valid. Loading of assembly skipped.
Assembly Unity.TextMeshPro.Editor.Tests.dll at Library/ScriptAssemblies/Unity.TextMeshPro.Editor.Tests.dll not valid. Loading of assembly skipped.
Assembly Unity.TextMeshPro.Tests.dll at Library/ScriptAssemblies/Unity.TextMeshPro.Tests.dll not valid. Loading of assembly skipped.
Assembly Unity.UnifiedRayTracing.Editor.Tests.dll at Library/ScriptAssemblies/Unity.UnifiedRayTracing.Editor.Tests.dll not valid. Loading of assembly skipped.
Assembly UnityEditor.UI.Common.Tests.dll at Library/ScriptAssemblies/UnityEditor.UI.Common.Tests.dll not valid. Loading of assembly skipped.
Assembly UnityEditor.UI.EditorTests.dll at Library/ScriptAssemblies/UnityEditor.UI.EditorTests.dll not valid. Loading of assembly skipped.
Assembly UnityEngine.UI.Tests.dll at Library/ScriptAssemblies/UnityEngine.UI.Tests.dll not valid. Loading of assembly skipped.
Symbol file LoadedFromMemory is not a mono symbol file
Refreshing native plugins compatible for Editor in 2.58 ms, found 4 plugins.
Assertion failed on expression: 'pred(*previous, *i)'
Assertion failed on expression: 'pred(*previous, *i)'
Assertion failed on expression: 'pred(*previous, *i)'
Assertion failed on expression: 'pred(*previous, *i)'
Assertion failed on expression: 'pred(*previous, *i)'
Assertion failed on expression: 'pred(*previous, *i)'
Assertion failed on expression: 'pred(*previous, *i)'
Assertion failed on expression: 'pred(*previous, *i)'
Assertion failed on expression: 'pred(*previous, *i)'
Assertion failed on expression: 'pred(*previous, *i)'
Assertion failed on expression: 'pred(*previous, *i)'
Assertion failed on expression: 'pred(*previous, *i)'
Native extension for LinuxStandalone target not found
Native extension for iOS target not found
Native extension for Android target not found
Native extension for WindowsStandalone target not found
[Package Manager] Failed to launch server process. Reason: Unity was launched with the -noUpm command-line argument
[Package Manager] Unable to send message (not connected to server process).
[Package Manager] Cannot connect to Unity Package Manager local server
[Package Manager] Failed to launch server process. Reason: Unity was launched with the -noUpm command-line argument
[Package Manager] Unable to send message (not connected to server process).
[Package Manager] Cannot connect to Unity Package Manager local server
[MODES] ModeService[none].Initialize
[MODES] ModeService[none].LoadModes
ScheduleIndexationOnStartup MainProcess:False IndexOnStartup:True
Mono: successfully reloaded assembly
- Finished resetting the current domain, in  1.100 seconds
Domain Reload Profiling: 2115ms
	BeginReloadAssembly (229ms)
		DisableScriptedObjects (6ms)
		CreateAndSetChildDomain (51ms)
	RebuildCommonClasses (40ms)
	RebuildNativeTypeToScriptingClass (12ms)
	initialDomainReloadingComplete (75ms)
	LoadAllAssembliesAndSetupDomain (660ms)
		LoadAssemblies (490ms)
		AnalyzeDomain (269ms)
			TypeCache.Refresh (10ms)
			BuildScriptInfoCaches (246ms)
			ResolveRequiredComponents (12ms)
	FinalizeReload (1100ms)
		SetupLoadedEditorAssemblies (0ms)
			InitializePlatformSupportModulesInManaged (27ms)
			BeforeProcessingInitializeOnLoad (178ms)
			ProcessInitializeOnLoadAttributes (509ms)
			ProcessInitializeOnLoadMethodAttributes (156ms)
			AfterProcessingInitializeOnLoad (10ms)
		AwakeInstancesAfterBackupRestoration (24ms)
Refreshing native plugins compatible for Editor in 4.14 ms, found 4 plugins.
Unloading 35 Unused Serialized files (Serialized files now loaded: 0)
Unloading 8126 unused Assets / (8.2 MB). Loaded Objects now: 9267.
Memory consumption went from 203.5 MB to 195.3 MB.
Total: 16.515900 ms (FindLiveObjects: 1.094400 ms CreateObjectMapping: 0.840200 ms MarkObjects: 8.254800 ms  DeleteObjects: 6.324700 ms)

Prepare: number of updated asset objects reloaded= 0
========================================================================
Received Prepare
Begin MonoManager ReloadAssembly
[Licensing::Client] Successfully resolved entitlement details
[Licensing::Module] License group:
  Id: F4-ZF4W-JG7U-QS5D-T52E-XXXX
  Product: Unity Personal
  Type: ULF
  Expiration: Unlimited
[Licensing::Module] License group:
  Id: 4673487441905-UnityPersXXXX
  Product: Unity Personal
  Type: Assigned
  Expiration: Unlimited
Assembly Assembly-CSharp-Editor-firstpass.dll at Library/ScriptAssemblies/Assembly-CSharp-Editor-firstpass.dll not valid. Loading of assembly skipped.
Assembly Assembly-CSharp-firstpass.dll at Library/ScriptAssemblies/Assembly-CSharp-firstpass.dll not valid. Loading of assembly skipped.
Assembly DocCodeExamples.dll at Library/ScriptAssemblies/DocCodeExamples.dll not valid. Loading of assembly skipped.
Assembly TestNewCustomAssembly.dll at Library/ScriptAssemblies/TestNewCustomAssembly.dll not valid. Loading of assembly skipped.
Assembly Unity.2D.Sprite.Package.EditorTests.dll at Library/ScriptAssemblies/Unity.2D.Sprite.Package.EditorTests.dll not valid. Loading of assembly skipped.
Assembly Unity.Addressables.Editor.Tests.dll at Library/ScriptAssemblies/Unity.Addressables.Editor.Tests.dll not valid. Loading of assembly skipped.
Assembly Unity.Addressables.Runtime.Tests.dll at Library/ScriptAssemblies/Unity.Addressables.Runtime.Tests.dll not valid. Loading of assembly skipped.
Assembly Unity.Collections.BurstCompatibilityGen.dll at Library/ScriptAssemblies/Unity.Collections.BurstCompatibilityGen.dll not valid. Loading of assembly skipped.
Assembly Unity.Collections.DocCodeSamples.dll at Library/ScriptAssemblies/Unity.Collections.DocCodeSamples.dll not valid. Loading of assembly skipped.
Assembly Unity.Collections.PerformanceTests.dll at Library/ScriptAssemblies/Unity.Collections.PerformanceTests.dll not valid. Loading of assembly skipped.
Assembly Unity.Collections.Tests.dll at Library/ScriptAssemblies/Unity.Collections.Tests.dll not valid. Loading of assembly skipped.
Assembly Unity.Collections.Tests.Playmode.dll at Library/ScriptAssemblies/Unity.Collections.Tests.Playmode.dll not valid. Loading of assembly skipped.
Assembly Unity.InputSystem.IntegrationTests.dll at Library/ScriptAssemblies/Unity.InputSystem.IntegrationTests.dll not valid. Loading of assembly skipped.
Assembly Unity.Localization.DocCodeSamples.dll at Library/ScriptAssemblies/Unity.Localization.DocCodeSamples.dll not valid. Loading of assembly skipped.
Assembly Unity.Mathematics.Tests.dll at Library/ScriptAssemblies/Unity.Mathematics.Tests.dll not valid. Loading of assembly skipped.
Assembly Unity.Multiplayer.Center.Editor.Tests.dll at Library/ScriptAssemblies/Unity.Multiplayer.Center.Editor.Tests.dll not valid. Loading of assembly skipped.
Assembly Unity.Multiplayer.Center.Tests.dll at Library/ScriptAssemblies/Unity.Multiplayer.Center.Tests.dll not valid. Loading of assembly skipped.
Assembly Unity.Nuget.Mono-Cecil.dll at Library/ScriptAssemblies/Unity.Nuget.Mono-Cecil.dll not valid. Loading of assembly skipped.
Assembly Unity.PathTracing.Editor.Tests.dll at Library/ScriptAssemblies/Unity.PathTracing.Editor.Tests.dll not valid. Loading of assembly skipped.
Assembly Unity.PathTracing.Runtime.Tests.dll at Library/ScriptAssemblies/Unity.PathTracing.Runtime.Tests.dll not valid. Loading of assembly skipped.
Assembly Unity.RenderPipelines.Core.Editor.Tests.dll at Library/ScriptAssemblies/Unity.RenderPipelines.Core.Editor.Tests.dll not valid. Loading of assembly skipped.
Assembly Unity.RenderPipelines.Core.Runtime.Tests.dll at Library/ScriptAssemblies/Unity.RenderPipelines.Core.Runtime.Tests.dll not valid. Loading of assembly skipped.
Assembly Unity.RenderPipelines.Universal.Config.Editor.Tests.dll at Library/ScriptAssemblies/Unity.RenderPipelines.Universal.Config.Editor.Tests.dll not valid. Loading of assembly skipped.
Assembly Unity.RenderPipelines.Universal.Editor.Tests.dll at Library/ScriptAssemblies/Unity.RenderPipelines.Universal.Editor.Tests.dll not valid. Loading of assembly skipped.
Assembly Unity.RenderPipelines.Universal.Runtime.Tests.dll at Library/ScriptAssemblies/Unity.RenderPipelines.Universal.Runtime.Tests.dll not valid. Loading of assembly skipped.
Assembly Unity.ResourceManager.Tests.dll at Library/ScriptAssemblies/Unity.ResourceManager.Tests.dll not valid. Loading of assembly skipped.
Assembly Unity.ScriptableBuildPipeline.Editor.Tests.dll at Library/ScriptAssemblies/Unity.ScriptableBuildPipeline.Editor.Tests.dll not valid. Loading of assembly skipped.
Assembly Unity.ScriptableBuildPipeline.Tests.dll at Library/ScriptAssemblies/Unity.ScriptableBuildPipeline.Tests.dll not valid. Loading of assembly skipped.
Assembly Unity.ScriptableBuildPipelineTests.Runtime.Tests.dll at Library/ScriptAssemblies/Unity.ScriptableBuildPipelineTests.Runtime.Tests.dll not valid. Loading of assembly skipped.
Assembly Unity.Searcher.EditorTests.dll at Library/ScriptAssemblies/Unity.Searcher.EditorTests.dll not valid. Loading of assembly skipped.
Assembly Unity.Settings.Tests.dll at Library/ScriptAssemblies/Unity.Settings.Tests.dll not valid. Loading of assembly skipped.
Assembly Unity.ShaderGraph.Editor.Tests.dll at Library/ScriptAssemblies/Unity.ShaderGraph.Editor.Tests.dll not valid. Loading of assembly skipped.
Assembly Unity.TextMeshPro.Editor.Tests.dll at Library/ScriptAssemblies/Unity.TextMeshPro.Editor.Tests.dll not valid. Loading of assembly skipped.
Assembly Unity.TextMeshPro.Tests.dll at Library/ScriptAssemblies/Unity.TextMeshPro.Tests.dll not valid. Loading of assembly skipped.
Assembly Unity.UnifiedRayTracing.Editor.Tests.dll at Library/ScriptAssemblies/Unity.UnifiedRayTracing.Editor.Tests.dll not valid. Loading of assembly skipped.
Assembly UnityEditor.UI.Common.Tests.dll at Library/ScriptAssemblies/UnityEditor.UI.Common.Tests.dll not valid. Loading of assembly skipped.
Assembly UnityEditor.UI.EditorTests.dll at Library/ScriptAssemblies/UnityEditor.UI.EditorTests.dll not valid. Loading of assembly skipped.
Assembly UnityEngine.UI.Tests.dll at Library/ScriptAssemblies/UnityEngine.UI.Tests.dll not valid. Loading of assembly skipped.
Symbol file LoadedFromMemory is not a mono symbol file
Refreshing native plugins compatible for Editor in 3.70 ms, found 4 plugins.
Assertion failed on expression: 'pred(*previous, *i)'
Assertion failed on expression: 'pred(*previous, *i)'
Assertion failed on expression: 'pred(*previous, *i)'
Assertion failed on expression: 'pred(*previous, *i)'
Assertion failed on expression: 'pred(*previous, *i)'
Assertion failed on expression: 'pred(*previous, *i)'
Assertion failed on expression: 'pred(*previous, *i)'
Assertion failed on expression: 'pred(*previous, *i)'
Assertion failed on expression: 'pred(*previous, *i)'
Assertion failed on expression: 'pred(*previous, *i)'
Assertion failed on expression: 'pred(*previous, *i)'
Assertion failed on expression: 'pred(*previous, *i)'
Native extension for LinuxStandalone target not found
Native extension for iOS target not found
Native extension for Android target not found
Native extension for WindowsStandalone target not found
[Package Manager] Failed to launch server process. Reason: Unity was launched with the -noUpm command-line argument
[Package Manager] Unable to send message (not connected to server process).
[Package Manager] Cannot connect to Unity Package Manager local server
[Package Manager] Failed to launch server process. Reason: Unity was launched with the -noUpm command-line argument
[Package Manager] Unable to send message (not connected to server process).
[Package Manager] Cannot connect to Unity Package Manager local server
[MODES] ModeService[none].Initialize
[MODES] ModeService[none].LoadModes
ScheduleIndexationOnStartup MainProcess:False IndexOnStartup:True
Mono: successfully reloaded assembly
- Finished resetting the current domain, in  1.336 seconds
Domain Reload Profiling: 2678ms
	BeginReloadAssembly (364ms)
		DisableScriptedObjects (6ms)
		CreateAndSetChildDomain (71ms)
	RebuildCommonClasses (43ms)
	RebuildNativeTypeToScriptingClass (15ms)
	initialDomainReloadingComplete (89ms)
	LoadAllAssembliesAndSetupDomain (830ms)
		LoadAssemblies (664ms)
		AnalyzeDomain (339ms)
			TypeCache.Refresh (12ms)
			BuildScriptInfoCaches (309ms)
			ResolveRequiredComponents (16ms)
	FinalizeReload (1337ms)
		SetupLoadedEditorAssemblies (0ms)
			InitializePlatformSupportModulesInManaged (30ms)
			BeforeProcessingInitializeOnLoad (211ms)
			ProcessInitializeOnLoadAttributes (665ms)
			ProcessInitializeOnLoadMethodAttributes (193ms)
			AfterProcessingInitializeOnLoad (11ms)
		AwakeInstancesAfterBackupRestoration (24ms)
Refreshing native plugins compatible for Editor in 4.91 ms, found 4 plugins.
Unloading 35 Unused Serialized files (Serialized files now loaded: 0)
Unloading 8126 unused Assets / (7.9 MB). Loaded Objects now: 9273.
Memory consumption went from 206.7 MB to 198.8 MB.
Total: 15.845400 ms (FindLiveObjects: 1.010800 ms CreateObjectMapping: 0.816800 ms MarkObjects: 8.501500 ms  DeleteObjects: 5.514100 ms)

Prepare: number of updated asset objects reloaded= 0
========================================================================
Received Prepare
Begin MonoManager ReloadAssembly
[Licensing::Client] Successfully resolved entitlement details
[Licensing::Module] License group:
  Id: F4-ZF4W-JG7U-QS5D-T52E-XXXX
  Product: Unity Personal
  Type: ULF
  Expiration: Unlimited
[Licensing::Module] License group:
  Id: 4673487441905-UnityPersXXXX
  Product: Unity Personal
  Type: Assigned
  Expiration: Unlimited
Assembly Assembly-CSharp-Editor-firstpass.dll at Library/ScriptAssemblies/Assembly-CSharp-Editor-firstpass.dll not valid. Loading of assembly skipped.
Assembly Assembly-CSharp-firstpass.dll at Library/ScriptAssemblies/Assembly-CSharp-firstpass.dll not valid. Loading of assembly skipped.
Assembly DocCodeExamples.dll at Library/ScriptAssemblies/DocCodeExamples.dll not valid. Loading of assembly skipped.
Assembly TestNewCustomAssembly.dll at Library/ScriptAssemblies/TestNewCustomAssembly.dll not valid. Loading of assembly skipped.
Assembly Unity.2D.Sprite.Package.EditorTests.dll at Library/ScriptAssemblies/Unity.2D.Sprite.Package.EditorTests.dll not valid. Loading of assembly skipped.
Assembly Unity.Addressables.Editor.Tests.dll at Library/ScriptAssemblies/Unity.Addressables.Editor.Tests.dll not valid. Loading of assembly skipped.
Assembly Unity.Addressables.Runtime.Tests.dll at Library/ScriptAssemblies/Unity.Addressables.Runtime.Tests.dll not valid. Loading of assembly skipped.
Assembly Unity.Collections.BurstCompatibilityGen.dll at Library/ScriptAssemblies/Unity.Collections.BurstCompatibilityGen.dll not valid. Loading of assembly skipped.
Assembly Unity.Collections.DocCodeSamples.dll at Library/ScriptAssemblies/Unity.Collections.DocCodeSamples.dll not valid. Loading of assembly skipped.
Assembly Unity.Collections.PerformanceTests.dll at Library/ScriptAssemblies/Unity.Collections.PerformanceTests.dll not valid. Loading of assembly skipped.
Assembly Unity.Collections.Tests.dll at Library/ScriptAssemblies/Unity.Collections.Tests.dll not valid. Loading of assembly skipped.
Assembly Unity.Collections.Tests.Playmode.dll at Library/ScriptAssemblies/Unity.Collections.Tests.Playmode.dll not valid. Loading of assembly skipped.
Assembly Unity.InputSystem.IntegrationTests.dll at Library/ScriptAssemblies/Unity.InputSystem.IntegrationTests.dll not valid. Loading of assembly skipped.
Assembly Unity.Localization.DocCodeSamples.dll at Library/ScriptAssemblies/Unity.Localization.DocCodeSamples.dll not valid. Loading of assembly skipped.
Assembly Unity.Mathematics.Tests.dll at Library/ScriptAssemblies/Unity.Mathematics.Tests.dll not valid. Loading of assembly skipped.
Assembly Unity.Multiplayer.Center.Editor.Tests.dll at Library/ScriptAssemblies/Unity.Multiplayer.Center.Editor.Tests.dll not valid. Loading of assembly skipped.
Assembly Unity.Multiplayer.Center.Tests.dll at Library/ScriptAssemblies/Unity.Multiplayer.Center.Tests.dll not valid. Loading of assembly skipped.
Assembly Unity.Nuget.Mono-Cecil.dll at Library/ScriptAssemblies/Unity.Nuget.Mono-Cecil.dll not valid. Loading of assembly skipped.
Assembly Unity.PathTracing.Editor.Tests.dll at Library/ScriptAssemblies/Unity.PathTracing.Editor.Tests.dll not valid. Loading of assembly skipped.
Assembly Unity.PathTracing.Runtime.Tests.dll at Library/ScriptAssemblies/Unity.PathTracing.Runtime.Tests.dll not valid. Loading of assembly skipped.
Assembly Unity.RenderPipelines.Core.Editor.Tests.dll at Library/ScriptAssemblies/Unity.RenderPipelines.Core.Editor.Tests.dll not valid. Loading of assembly skipped.
Assembly Unity.RenderPipelines.Core.Runtime.Tests.dll at Library/ScriptAssemblies/Unity.RenderPipelines.Core.Runtime.Tests.dll not valid. Loading of assembly skipped.
Assembly Unity.RenderPipelines.Universal.Config.Editor.Tests.dll at Library/ScriptAssemblies/Unity.RenderPipelines.Universal.Config.Editor.Tests.dll not valid. Loading of assembly skipped.
Assembly Unity.RenderPipelines.Universal.Editor.Tests.dll at Library/ScriptAssemblies/Unity.RenderPipelines.Universal.Editor.Tests.dll not valid. Loading of assembly skipped.
Assembly Unity.RenderPipelines.Universal.Runtime.Tests.dll at Library/ScriptAssemblies/Unity.RenderPipelines.Universal.Runtime.Tests.dll not valid. Loading of assembly skipped.
Assembly Unity.ResourceManager.Tests.dll at Library/ScriptAssemblies/Unity.ResourceManager.Tests.dll not valid. Loading of assembly skipped.
Assembly Unity.ScriptableBuildPipeline.Editor.Tests.dll at Library/ScriptAssemblies/Unity.ScriptableBuildPipeline.Editor.Tests.dll not valid. Loading of assembly skipped.
Assembly Unity.ScriptableBuildPipeline.Tests.dll at Library/ScriptAssemblies/Unity.ScriptableBuildPipeline.Tests.dll not valid. Loading of assembly skipped.
Assembly Unity.ScriptableBuildPipelineTests.Runtime.Tests.dll at Library/ScriptAssemblies/Unity.ScriptableBuildPipelineTests.Runtime.Tests.dll not valid. Loading of assembly skipped.
Assembly Unity.Searcher.EditorTests.dll at Library/ScriptAssemblies/Unity.Searcher.EditorTests.dll not valid. Loading of assembly skipped.
Assembly Unity.Settings.Tests.dll at Library/ScriptAssemblies/Unity.Settings.Tests.dll not valid. Loading of assembly skipped.
Assembly Unity.ShaderGraph.Editor.Tests.dll at Library/ScriptAssemblies/Unity.ShaderGraph.Editor.Tests.dll not valid. Loading of assembly skipped.
Assembly Unity.TextMeshPro.Editor.Tests.dll at Library/ScriptAssemblies/Unity.TextMeshPro.Editor.Tests.dll not valid. Loading of assembly skipped.
Assembly Unity.TextMeshPro.Tests.dll at Library/ScriptAssemblies/Unity.TextMeshPro.Tests.dll not valid. Loading of assembly skipped.
Assembly Unity.UnifiedRayTracing.Editor.Tests.dll at Library/ScriptAssemblies/Unity.UnifiedRayTracing.Editor.Tests.dll not valid. Loading of assembly skipped.
Assembly UnityEditor.UI.Common.Tests.dll at Library/ScriptAssemblies/UnityEditor.UI.Common.Tests.dll not valid. Loading of assembly skipped.
Assembly UnityEditor.UI.EditorTests.dll at Library/ScriptAssemblies/UnityEditor.UI.EditorTests.dll not valid. Loading of assembly skipped.
Assembly UnityEngine.UI.Tests.dll at Library/ScriptAssemblies/UnityEngine.UI.Tests.dll not valid. Loading of assembly skipped.
Symbol file LoadedFromMemory is not a mono symbol file
Refreshing native plugins compatible for Editor in 4.81 ms, found 4 plugins.
Assertion failed on expression: 'pred(*previous, *i)'
Assertion failed on expression: 'pred(*previous, *i)'
Assertion failed on expression: 'pred(*previous, *i)'
Assertion failed on expression: 'pred(*previous, *i)'
Assertion failed on expression: 'pred(*previous, *i)'
Assertion failed on expression: 'pred(*previous, *i)'
Assertion failed on expression: 'pred(*previous, *i)'
Assertion failed on expression: 'pred(*previous, *i)'
Assertion failed on expression: 'pred(*previous, *i)'
Assertion failed on expression: 'pred(*previous, *i)'
Assertion failed on expression: 'pred(*previous, *i)'
Assertion failed on expression: 'pred(*previous, *i)'
Native extension for LinuxStandalone target not found
Native extension for iOS target not found
Native extension for Android target not found
Native extension for WindowsStandalone target not found
[Package Manager] Failed to launch server process. Reason: Unity was launched with the -noUpm command-line argument
[Package Manager] Unable to send message (not connected to server process).
[Package Manager] Cannot connect to Unity Package Manager local server
[Package Manager] Failed to launch server process. Reason: Unity was launched with the -noUpm command-line argument
[Package Manager] Unable to send message (not connected to server process).
[Package Manager] Cannot connect to Unity Package Manager local server
[MODES] ModeService[none].Initialize
[MODES] ModeService[none].LoadModes
ScheduleIndexationOnStartup MainProcess:False IndexOnStartup:True
Mono: successfully reloaded assembly
- Finished resetting the current domain, in  1.605 seconds
Domain Reload Profiling: 10743ms
	BeginReloadAssembly (3158ms)
		DisableScriptedObjects (154ms)
		ReleaseScriptingObjects (7ms)
		CreateAndSetChildDomain (605ms)
	RebuildCommonClasses (68ms)
	RebuildNativeTypeToScriptingClass (19ms)
	initialDomainReloadingComplete (567ms)
	LoadAllAssembliesAndSetupDomain (5325ms)
		LoadAssemblies (5520ms)
		AnalyzeDomain (984ms)
			TypeCache.Refresh (147ms)
				TypeCache.ScanAssembly (7ms)
			BuildScriptInfoCaches (806ms)
			ResolveRequiredComponents (20ms)
	FinalizeReload (1606ms)
		SetupLoadedEditorAssemblies (0ms)
			InitializePlatformSupportModulesInManaged (52ms)
			BeforeProcessingInitializeOnLoad (307ms)
			ProcessInitializeOnLoadAttributes (706ms)
			ProcessInitializeOnLoadMethodAttributes (199ms)
			AfterProcessingInitializeOnLoad (12ms)
		AwakeInstancesAfterBackupRestoration (29ms)
Refreshing native plugins compatible for Editor in 7.12 ms, found 4 plugins.
Unloading 35 Unused Serialized files (Serialized files now loaded: 0)
Unloading 8126 unused Assets / (6.5 MB). Loaded Objects now: 9279.
Memory consumption went from 209.9 MB to 203.4 MB.
Total: 20.404200 ms (FindLiveObjects: 2.432400 ms CreateObjectMapping: 1.643500 ms MarkObjects: 9.384600 ms  DeleteObjects: 6.940500 ms)

Prepare: number of updated asset objects reloaded= 0
========================================================================
Received Prepare
Begin MonoManager ReloadAssembly
Assembly Assembly-CSharp-Editor-firstpass.dll at Library/ScriptAssemblies/Assembly-CSharp-Editor-firstpass.dll not valid. Loading of assembly skipped.
Assembly Assembly-CSharp-firstpass.dll at Library/ScriptAssemblies/Assembly-CSharp-firstpass.dll not valid. Loading of assembly skipped.
Assembly DocCodeExamples.dll at Library/ScriptAssemblies/DocCodeExamples.dll not valid. Loading of assembly skipped.
Assembly TestNewCustomAssembly.dll at Library/ScriptAssemblies/TestNewCustomAssembly.dll not valid. Loading of assembly skipped.
Assembly Unity.2D.Sprite.Package.EditorTests.dll at Library/ScriptAssemblies/Unity.2D.Sprite.Package.EditorTests.dll not valid. Loading of assembly skipped.
Assembly Unity.Addressables.Editor.Tests.dll at Library/ScriptAssemblies/Unity.Addressables.Editor.Tests.dll not valid. Loading of assembly skipped.
Assembly Unity.Addressables.Runtime.Tests.dll at Library/ScriptAssemblies/Unity.Addressables.Runtime.Tests.dll not valid. Loading of assembly skipped.
Assembly Unity.Collections.BurstCompatibilityGen.dll at Library/ScriptAssemblies/Unity.Collections.BurstCompatibilityGen.dll not valid. Loading of assembly skipped.
Assembly Unity.Collections.DocCodeSamples.dll at Library/ScriptAssemblies/Unity.Collections.DocCodeSamples.dll not valid. Loading of assembly skipped.
Assembly Unity.Collections.PerformanceTests.dll at Library/ScriptAssemblies/Unity.Collections.PerformanceTests.dll not valid. Loading of assembly skipped.
Assembly Unity.Collections.Tests.dll at Library/ScriptAssemblies/Unity.Collections.Tests.dll not valid. Loading of assembly skipped.
Assembly Unity.Collections.Tests.Playmode.dll at Library/ScriptAssemblies/Unity.Collections.Tests.Playmode.dll not valid. Loading of assembly skipped.
Assembly Unity.InputSystem.IntegrationTests.dll at Library/ScriptAssemblies/Unity.InputSystem.IntegrationTests.dll not valid. Loading of assembly skipped.
Assembly Unity.Localization.DocCodeSamples.dll at Library/ScriptAssemblies/Unity.Localization.DocCodeSamples.dll not valid. Loading of assembly skipped.
Assembly Unity.Mathematics.Tests.dll at Library/ScriptAssemblies/Unity.Mathematics.Tests.dll not valid. Loading of assembly skipped.
Assembly Unity.Multiplayer.Center.Editor.Tests.dll at Library/ScriptAssemblies/Unity.Multiplayer.Center.Editor.Tests.dll not valid. Loading of assembly skipped.
Assembly Unity.Multiplayer.Center.Tests.dll at Library/ScriptAssemblies/Unity.Multiplayer.Center.Tests.dll not valid. Loading of assembly skipped.
Assembly Unity.Nuget.Mono-Cecil.dll at Library/ScriptAssemblies/Unity.Nuget.Mono-Cecil.dll not valid. Loading of assembly skipped.
Assembly Unity.PathTracing.Editor.Tests.dll at Library/ScriptAssemblies/Unity.PathTracing.Editor.Tests.dll not valid. Loading of assembly skipped.
Assembly Unity.PathTracing.Runtime.Tests.dll at Library/ScriptAssemblies/Unity.PathTracing.Runtime.Tests.dll not valid. Loading of assembly skipped.
Assembly Unity.RenderPipelines.Core.Editor.Tests.dll at Library/ScriptAssemblies/Unity.RenderPipelines.Core.Editor.Tests.dll not valid. Loading of assembly skipped.
Assembly Unity.RenderPipelines.Core.Runtime.Tests.dll at Library/ScriptAssemblies/Unity.RenderPipelines.Core.Runtime.Tests.dll not valid. Loading of assembly skipped.
Assembly Unity.RenderPipelines.Universal.Config.Editor.Tests.dll at Library/ScriptAssemblies/Unity.RenderPipelines.Universal.Config.Editor.Tests.dll not valid. Loading of assembly skipped.
Assembly Unity.RenderPipelines.Universal.Editor.Tests.dll at Library/ScriptAssemblies/Unity.RenderPipelines.Universal.Editor.Tests.dll not valid. Loading of assembly skipped.
Assembly Unity.RenderPipelines.Universal.Runtime.Tests.dll at Library/ScriptAssemblies/Unity.RenderPipelines.Universal.Runtime.Tests.dll not valid. Loading of assembly skipped.
Assembly Unity.ResourceManager.Tests.dll at Library/ScriptAssemblies/Unity.ResourceManager.Tests.dll not valid. Loading of assembly skipped.
Assembly Unity.ScriptableBuildPipeline.Editor.Tests.dll at Library/ScriptAssemblies/Unity.ScriptableBuildPipeline.Editor.Tests.dll not valid. Loading of assembly skipped.
Assembly Unity.ScriptableBuildPipeline.Tests.dll at Library/ScriptAssemblies/Unity.ScriptableBuildPipeline.Tests.dll not valid. Loading of assembly skipped.
Assembly Unity.ScriptableBuildPipelineTests.Runtime.Tests.dll at Library/ScriptAssemblies/Unity.ScriptableBuildPipelineTests.Runtime.Tests.dll not valid. Loading of assembly skipped.
Assembly Unity.Searcher.EditorTests.dll at Library/ScriptAssemblies/Unity.Searcher.EditorTests.dll not valid. Loading of assembly skipped.
Assembly Unity.Settings.Tests.dll at Library/ScriptAssemblies/Unity.Settings.Tests.dll not valid. Loading of assembly skipped.
Assembly Unity.ShaderGraph.Editor.Tests.dll at Library/ScriptAssemblies/Unity.ShaderGraph.Editor.Tests.dll not valid. Loading of assembly skipped.
Assembly Unity.TextMeshPro.Editor.Tests.dll at Library/ScriptAssemblies/Unity.TextMeshPro.Editor.Tests.dll not valid. Loading of assembly skipped.
Assembly Unity.TextMeshPro.Tests.dll at Library/ScriptAssemblies/Unity.TextMeshPro.Tests.dll not valid. Loading of assembly skipped.
Assembly Unity.UnifiedRayTracing.Editor.Tests.dll at Library/ScriptAssemblies/Unity.UnifiedRayTracing.Editor.Tests.dll not valid. Loading of assembly skipped.
Assembly UnityEditor.UI.Common.Tests.dll at Library/ScriptAssemblies/UnityEditor.UI.Common.Tests.dll not valid. Loading of assembly skipped.
Assembly UnityEditor.UI.EditorTests.dll at Library/ScriptAssemblies/UnityEditor.UI.EditorTests.dll not valid. Loading of assembly skipped.
Assembly UnityEngine.UI.Tests.dll at Library/ScriptAssemblies/UnityEngine.UI.Tests.dll not valid. Loading of assembly skipped.
Symbol file LoadedFromMemory is not a mono symbol file
Refreshing native plugins compatible for Editor in 12.95 ms, found 4 plugins.
Assertion failed on expression: 'pred(*previous, *i)'
Assertion failed on expression: 'pred(*previous, *i)'
Assertion failed on expression: 'pred(*previous, *i)'
Assertion failed on expression: 'pred(*previous, *i)'
Assertion failed on expression: 'pred(*previous, *i)'
Assertion failed on expression: 'pred(*previous, *i)'
Assertion failed on expression: 'pred(*previous, *i)'
Assertion failed on expression: 'pred(*previous, *i)'
Assertion failed on expression: 'pred(*previous, *i)'
Assertion failed on expression: 'pred(*previous, *i)'
Assertion failed on expression: 'pred(*previous, *i)'
Assertion failed on expression: 'pred(*previous, *i)'
Native extension for LinuxStandalone target not found
Native extension for iOS target not found
Native extension for Android target not found
Native extension for WindowsStandalone target not found
[Package Manager] Failed to launch server process. Reason: Unity was launched with the -noUpm command-line argument
[Package Manager] Unable to send message (not connected to server process).
[Package Manager] Cannot connect to Unity Package Manager local server
[Package Manager] Failed to launch server process. Reason: Unity was launched with the -noUpm command-line argument
[Package Manager] Unable to send message (not connected to server process).
[Package Manager] Cannot connect to Unity Package Manager local server
[MODES] ModeService[none].Initialize
[MODES] ModeService[none].LoadModes
ScheduleIndexationOnStartup MainProcess:False IndexOnStartup:True
Mono: successfully reloaded assembly
- Finished resetting the current domain, in  1.633 seconds
Domain Reload Profiling: 3916ms
	BeginReloadAssembly (657ms)
		DisableScriptedObjects (9ms)
		CreateAndSetChildDomain (76ms)
	RebuildCommonClasses (71ms)
	RebuildNativeTypeToScriptingClass (25ms)
	initialDomainReloadingComplete (283ms)
	LoadAllAssembliesAndSetupDomain (1247ms)
		LoadAssemblies (1253ms)
		AnalyzeDomain (449ms)
			TypeCache.Refresh (13ms)
			BuildScriptInfoCaches (412ms)
			ResolveRequiredComponents (22ms)
	FinalizeReload (1633ms)
		SetupLoadedEditorAssemblies (0ms)
			InitializePlatformSupportModulesInManaged (43ms)
			BeforeProcessingInitializeOnLoad (309ms)
			ProcessInitializeOnLoadAttributes (737ms)
			ProcessInitializeOnLoadMethodAttributes (194ms)
			AfterProcessingInitializeOnLoad (19ms)
		AwakeInstancesAfterBackupRestoration (29ms)
Refreshing native plugins compatible for Editor in 5.90 ms, found 4 plugins.
Unloading 35 Unused Serialized files (Serialized files now loaded: 0)
Unloading 8126 unused Assets / (6.4 MB). Loaded Objects now: 9285.
Memory consumption went from 213.2 MB to 206.8 MB.
Total: 17.180100 ms (FindLiveObjects: 1.313000 ms CreateObjectMapping: 1.116200 ms MarkObjects: 8.722800 ms  DeleteObjects: 6.026100 ms)

Prepare: number of updated asset objects reloaded= 0
========================================================================
Received Prepare
Begin MonoManager ReloadAssembly
[Licensing::Client] Successfully resolved entitlement details
[Licensing::Module] License group:
  Id: F4-ZF4W-JG7U-QS5D-T52E-XXXX
  Product: Unity Personal
  Type: ULF
  Expiration: Unlimited
[Licensing::Module] License group:
  Id: 4673487441905-UnityPersXXXX
  Product: Unity Personal
  Type: Assigned
  Expiration: Unlimited
Assembly Assembly-CSharp-Editor-firstpass.dll at Library/ScriptAssemblies/Assembly-CSharp-Editor-firstpass.dll not valid. Loading of assembly skipped.
Assembly Assembly-CSharp-firstpass.dll at Library/ScriptAssemblies/Assembly-CSharp-firstpass.dll not valid. Loading of assembly skipped.
Assembly DocCodeExamples.dll at Library/ScriptAssemblies/DocCodeExamples.dll not valid. Loading of assembly skipped.
Assembly TestNewCustomAssembly.dll at Library/ScriptAssemblies/TestNewCustomAssembly.dll not valid. Loading of assembly skipped.
Assembly Unity.2D.Sprite.Package.EditorTests.dll at Library/ScriptAssemblies/Unity.2D.Sprite.Package.EditorTests.dll not valid. Loading of assembly skipped.
Assembly Unity.Addressables.Editor.Tests.dll at Library/ScriptAssemblies/Unity.Addressables.Editor.Tests.dll not valid. Loading of assembly skipped.
Assembly Unity.Addressables.Runtime.Tests.dll at Library/ScriptAssemblies/Unity.Addressables.Runtime.Tests.dll not valid. Loading of assembly skipped.
Assembly Unity.Collections.BurstCompatibilityGen.dll at Library/ScriptAssemblies/Unity.Collections.BurstCompatibilityGen.dll not valid. Loading of assembly skipped.
Assembly Unity.Collections.DocCodeSamples.dll at Library/ScriptAssemblies/Unity.Collections.DocCodeSamples.dll not valid. Loading of assembly skipped.
Assembly Unity.Collections.PerformanceTests.dll at Library/ScriptAssemblies/Unity.Collections.PerformanceTests.dll not valid. Loading of assembly skipped.
Assembly Unity.Collections.Tests.dll at Library/ScriptAssemblies/Unity.Collections.Tests.dll not valid. Loading of assembly skipped.
Assembly Unity.Collections.Tests.Playmode.dll at Library/ScriptAssemblies/Unity.Collections.Tests.Playmode.dll not valid. Loading of assembly skipped.
Assembly Unity.InputSystem.IntegrationTests.dll at Library/ScriptAssemblies/Unity.InputSystem.IntegrationTests.dll not valid. Loading of assembly skipped.
Assembly Unity.Localization.DocCodeSamples.dll at Library/ScriptAssemblies/Unity.Localization.DocCodeSamples.dll not valid. Loading of assembly skipped.
Assembly Unity.Mathematics.Tests.dll at Library/ScriptAssemblies/Unity.Mathematics.Tests.dll not valid. Loading of assembly skipped.
Assembly Unity.Multiplayer.Center.Editor.Tests.dll at Library/ScriptAssemblies/Unity.Multiplayer.Center.Editor.Tests.dll not valid. Loading of assembly skipped.
Assembly Unity.Multiplayer.Center.Tests.dll at Library/ScriptAssemblies/Unity.Multiplayer.Center.Tests.dll not valid. Loading of assembly skipped.
Assembly Unity.Nuget.Mono-Cecil.dll at Library/ScriptAssemblies/Unity.Nuget.Mono-Cecil.dll not valid. Loading of assembly skipped.
Assembly Unity.PathTracing.Editor.Tests.dll at Library/ScriptAssemblies/Unity.PathTracing.Editor.Tests.dll not valid. Loading of assembly skipped.
Assembly Unity.PathTracing.Runtime.Tests.dll at Library/ScriptAssemblies/Unity.PathTracing.Runtime.Tests.dll not valid. Loading of assembly skipped.
Assembly Unity.RenderPipelines.Core.Editor.Tests.dll at Library/ScriptAssemblies/Unity.RenderPipelines.Core.Editor.Tests.dll not valid. Loading of assembly skipped.
Assembly Unity.RenderPipelines.Core.Runtime.Tests.dll at Library/ScriptAssemblies/Unity.RenderPipelines.Core.Runtime.Tests.dll not valid. Loading of assembly skipped.
Assembly Unity.RenderPipelines.Universal.Config.Editor.Tests.dll at Library/ScriptAssemblies/Unity.RenderPipelines.Universal.Config.Editor.Tests.dll not valid. Loading of assembly skipped.
Assembly Unity.RenderPipelines.Universal.Editor.Tests.dll at Library/ScriptAssemblies/Unity.RenderPipelines.Universal.Editor.Tests.dll not valid. Loading of assembly skipped.
Assembly Unity.RenderPipelines.Universal.Runtime.Tests.dll at Library/ScriptAssemblies/Unity.RenderPipelines.Universal.Runtime.Tests.dll not valid. Loading of assembly skipped.
Assembly Unity.ResourceManager.Tests.dll at Library/ScriptAssemblies/Unity.ResourceManager.Tests.dll not valid. Loading of assembly skipped.
Assembly Unity.ScriptableBuildPipeline.Editor.Tests.dll at Library/ScriptAssemblies/Unity.ScriptableBuildPipeline.Editor.Tests.dll not valid. Loading of assembly skipped.
Assembly Unity.ScriptableBuildPipeline.Tests.dll at Library/ScriptAssemblies/Unity.ScriptableBuildPipeline.Tests.dll not valid. Loading of assembly skipped.
Assembly Unity.ScriptableBuildPipelineTests.Runtime.Tests.dll at Library/ScriptAssemblies/Unity.ScriptableBuildPipelineTests.Runtime.Tests.dll not valid. Loading of assembly skipped.
Assembly Unity.Searcher.EditorTests.dll at Library/ScriptAssemblies/Unity.Searcher.EditorTests.dll not valid. Loading of assembly skipped.
Assembly Unity.Settings.Tests.dll at Library/ScriptAssemblies/Unity.Settings.Tests.dll not valid. Loading of assembly skipped.
Assembly Unity.ShaderGraph.Editor.Tests.dll at Library/ScriptAssemblies/Unity.ShaderGraph.Editor.Tests.dll not valid. Loading of assembly skipped.
Assembly Unity.TextMeshPro.Editor.Tests.dll at Library/ScriptAssemblies/Unity.TextMeshPro.Editor.Tests.dll not valid. Loading of assembly skipped.
Assembly Unity.TextMeshPro.Tests.dll at Library/ScriptAssemblies/Unity.TextMeshPro.Tests.dll not valid. Loading of assembly skipped.
Assembly Unity.UnifiedRayTracing.Editor.Tests.dll at Library/ScriptAssemblies/Unity.UnifiedRayTracing.Editor.Tests.dll not valid. Loading of assembly skipped.
Assembly UnityEditor.UI.Common.Tests.dll at Library/ScriptAssemblies/UnityEditor.UI.Common.Tests.dll not valid. Loading of assembly skipped.
Assembly UnityEditor.UI.EditorTests.dll at Library/ScriptAssemblies/UnityEditor.UI.EditorTests.dll not valid. Loading of assembly skipped.
Assembly UnityEngine.UI.Tests.dll at Library/ScriptAssemblies/UnityEngine.UI.Tests.dll not valid. Loading of assembly skipped.
Symbol file LoadedFromMemory is not a mono symbol file
Refreshing native plugins compatible for Editor in 10.82 ms, found 4 plugins.
Assertion failed on expression: 'pred(*previous, *i)'
Assertion failed on expression: 'pred(*previous, *i)'
Assertion failed on expression: 'pred(*previous, *i)'
Assertion failed on expression: 'pred(*previous, *i)'
Assertion failed on expression: 'pred(*previous, *i)'
Assertion failed on expression: 'pred(*previous, *i)'
Assertion failed on expression: 'pred(*previous, *i)'
Assertion failed on expression: 'pred(*previous, *i)'
Assertion failed on expression: 'pred(*previous, *i)'
Assertion failed on expression: 'pred(*previous, *i)'
Assertion failed on expression: 'pred(*previous, *i)'
Assertion failed on expression: 'pred(*previous, *i)'
Native extension for LinuxStandalone target not found
Native extension for iOS target not found
Native extension for Android target not found
Native extension for WindowsStandalone target not found
[Package Manager] Failed to launch server process. Reason: Unity was launched with the -noUpm command-line argument
[Package Manager] Unable to send message (not connected to server process).
[Package Manager] Cannot connect to Unity Package Manager local server
[Package Manager] Failed to launch server process. Reason: Unity was launched with the -noUpm command-line argument
[Package Manager] Unable to send message (not connected to server process).
[Package Manager] Cannot connect to Unity Package Manager local server
[MODES] ModeService[none].Initialize
[MODES] ModeService[none].LoadModes
ScheduleIndexationOnStartup MainProcess:False IndexOnStartup:True
Mono: successfully reloaded assembly
- Finished resetting the current domain, in  2.960 seconds
Domain Reload Profiling: 11303ms
	BeginReloadAssembly (714ms)
		DisableScriptedObjects (21ms)
		ReleaseScriptingObjects (3ms)
		CreateAndSetChildDomain (170ms)
	RebuildCommonClasses (64ms)
	RebuildNativeTypeToScriptingClass (18ms)
	initialDomainReloadingComplete (277ms)
	LoadAllAssembliesAndSetupDomain (7268ms)
		LoadAssemblies (4131ms)
		AnalyzeDomain (3386ms)
			TypeCache.Refresh (57ms)
			BuildScriptInfoCaches (3269ms)
			ResolveRequiredComponents (39ms)
	FinalizeReload (2961ms)
		SetupLoadedEditorAssemblies (0ms)
			InitializePlatformSupportModulesInManaged (59ms)
			BeforeProcessingInitializeOnLoad (449ms)
			ProcessInitializeOnLoadAttributes (1600ms)
			ProcessInitializeOnLoadMethodAttributes (311ms)
			AfterProcessingInitializeOnLoad (15ms)
		AwakeInstancesAfterBackupRestoration (38ms)
Refreshing native plugins compatible for Editor in 8.39 ms, found 4 plugins.
Unloading 35 Unused Serialized files (Serialized files now loaded: 0)
Unloading 8126 unused Assets / (6.8 MB). Loaded Objects now: 9291.
Memory consumption went from 216.4 MB to 209.6 MB.
Total: 30.883900 ms (FindLiveObjects: 3.914600 ms CreateObjectMapping: 1.194900 ms MarkObjects: 15.625300 ms  DeleteObjects: 9.758700 ms)

Prepare: number of updated asset objects reloaded= 0
========================================================================
Received Prepare
Begin MonoManager ReloadAssembly
[Licensing::Client] Successfully resolved entitlement details
[Licensing::Module] License group:
  Id: F4-ZF4W-JG7U-QS5D-T52E-XXXX
  Product: Unity Personal
  Type: ULF
  Expiration: Unlimited
[Licensing::Module] License group:
  Id: 4673487441905-UnityPersXXXX
  Product: Unity Personal
  Type: Assigned
  Expiration: Unlimited
Assembly Assembly-CSharp-Editor-firstpass.dll at Library/ScriptAssemblies/Assembly-CSharp-Editor-firstpass.dll not valid. Loading of assembly skipped.
Assembly Assembly-CSharp-firstpass.dll at Library/ScriptAssemblies/Assembly-CSharp-firstpass.dll not valid. Loading of assembly skipped.
Assembly DocCodeExamples.dll at Library/ScriptAssemblies/DocCodeExamples.dll not valid. Loading of assembly skipped.
Assembly TestNewCustomAssembly.dll at Library/ScriptAssemblies/TestNewCustomAssembly.dll not valid. Loading of assembly skipped.
Assembly Unity.2D.Sprite.Package.EditorTests.dll at Library/ScriptAssemblies/Unity.2D.Sprite.Package.EditorTests.dll not valid. Loading of assembly skipped.
Assembly Unity.Addressables.Editor.Tests.dll at Library/ScriptAssemblies/Unity.Addressables.Editor.Tests.dll not valid. Loading of assembly skipped.
Assembly Unity.Addressables.Runtime.Tests.dll at Library/ScriptAssemblies/Unity.Addressables.Runtime.Tests.dll not valid. Loading of assembly skipped.
Assembly Unity.Collections.BurstCompatibilityGen.dll at Library/ScriptAssemblies/Unity.Collections.BurstCompatibilityGen.dll not valid. Loading of assembly skipped.
Assembly Unity.Collections.DocCodeSamples.dll at Library/ScriptAssemblies/Unity.Collections.DocCodeSamples.dll not valid. Loading of assembly skipped.
Assembly Unity.Collections.PerformanceTests.dll at Library/ScriptAssemblies/Unity.Collections.PerformanceTests.dll not valid. Loading of assembly skipped.
Assembly Unity.Collections.Tests.dll at Library/ScriptAssemblies/Unity.Collections.Tests.dll not valid. Loading of assembly skipped.
Assembly Unity.Collections.Tests.Playmode.dll at Library/ScriptAssemblies/Unity.Collections.Tests.Playmode.dll not valid. Loading of assembly skipped.
Assembly Unity.InputSystem.IntegrationTests.dll at Library/ScriptAssemblies/Unity.InputSystem.IntegrationTests.dll not valid. Loading of assembly skipped.
Assembly Unity.Localization.DocCodeSamples.dll at Library/ScriptAssemblies/Unity.Localization.DocCodeSamples.dll not valid. Loading of assembly skipped.
Assembly Unity.Mathematics.Tests.dll at Library/ScriptAssemblies/Unity.Mathematics.Tests.dll not valid. Loading of assembly skipped.
Assembly Unity.Multiplayer.Center.Editor.Tests.dll at Library/ScriptAssemblies/Unity.Multiplayer.Center.Editor.Tests.dll not valid. Loading of assembly skipped.
Assembly Unity.Multiplayer.Center.Tests.dll at Library/ScriptAssemblies/Unity.Multiplayer.Center.Tests.dll not valid. Loading of assembly skipped.
Assembly Unity.Nuget.Mono-Cecil.dll at Library/ScriptAssemblies/Unity.Nuget.Mono-Cecil.dll not valid. Loading of assembly skipped.
Assembly Unity.PathTracing.Editor.Tests.dll at Library/ScriptAssemblies/Unity.PathTracing.Editor.Tests.dll not valid. Loading of assembly skipped.
Assembly Unity.PathTracing.Runtime.Tests.dll at Library/ScriptAssemblies/Unity.PathTracing.Runtime.Tests.dll not valid. Loading of assembly skipped.
Assembly Unity.RenderPipelines.Core.Editor.Tests.dll at Library/ScriptAssemblies/Unity.RenderPipelines.Core.Editor.Tests.dll not valid. Loading of assembly skipped.
Assembly Unity.RenderPipelines.Core.Runtime.Tests.dll at Library/ScriptAssemblies/Unity.RenderPipelines.Core.Runtime.Tests.dll not valid. Loading of assembly skipped.
Assembly Unity.RenderPipelines.Universal.Config.Editor.Tests.dll at Library/ScriptAssemblies/Unity.RenderPipelines.Universal.Config.Editor.Tests.dll not valid. Loading of assembly skipped.
Assembly Unity.RenderPipelines.Universal.Editor.Tests.dll at Library/ScriptAssemblies/Unity.RenderPipelines.Universal.Editor.Tests.dll not valid. Loading of assembly skipped.
Assembly Unity.RenderPipelines.Universal.Runtime.Tests.dll at Library/ScriptAssemblies/Unity.RenderPipelines.Universal.Runtime.Tests.dll not valid. Loading of assembly skipped.
Assembly Unity.ResourceManager.Tests.dll at Library/ScriptAssemblies/Unity.ResourceManager.Tests.dll not valid. Loading of assembly skipped.
Assembly Unity.ScriptableBuildPipeline.Editor.Tests.dll at Library/ScriptAssemblies/Unity.ScriptableBuildPipeline.Editor.Tests.dll not valid. Loading of assembly skipped.
Assembly Unity.ScriptableBuildPipeline.Tests.dll at Library/ScriptAssemblies/Unity.ScriptableBuildPipeline.Tests.dll not valid. Loading of assembly skipped.
Assembly Unity.ScriptableBuildPipelineTests.Runtime.Tests.dll at Library/ScriptAssemblies/Unity.ScriptableBuildPipelineTests.Runtime.Tests.dll not valid. Loading of assembly skipped.
Assembly Unity.Searcher.EditorTests.dll at Library/ScriptAssemblies/Unity.Searcher.EditorTests.dll not valid. Loading of assembly skipped.
Assembly Unity.Settings.Tests.dll at Library/ScriptAssemblies/Unity.Settings.Tests.dll not valid. Loading of assembly skipped.
Assembly Unity.ShaderGraph.Editor.Tests.dll at Library/ScriptAssemblies/Unity.ShaderGraph.Editor.Tests.dll not valid. Loading of assembly skipped.
Assembly Unity.TextMeshPro.Editor.Tests.dll at Library/ScriptAssemblies/Unity.TextMeshPro.Editor.Tests.dll not valid. Loading of assembly skipped.
Assembly Unity.TextMeshPro.Tests.dll at Library/ScriptAssemblies/Unity.TextMeshPro.Tests.dll not valid. Loading of assembly skipped.
Assembly Unity.UnifiedRayTracing.Editor.Tests.dll at Library/ScriptAssemblies/Unity.UnifiedRayTracing.Editor.Tests.dll not valid. Loading of assembly skipped.
Assembly UnityEditor.UI.Common.Tests.dll at Library/ScriptAssemblies/UnityEditor.UI.Common.Tests.dll not valid. Loading of assembly skipped.
Assembly UnityEditor.UI.EditorTests.dll at Library/ScriptAssemblies/UnityEditor.UI.EditorTests.dll not valid. Loading of assembly skipped.
Assembly UnityEngine.UI.Tests.dll at Library/ScriptAssemblies/UnityEngine.UI.Tests.dll not valid. Loading of assembly skipped.
Symbol file LoadedFromMemory is not a mono symbol file
Refreshing native plugins compatible for Editor in 3.66 ms, found 4 plugins.
Assertion failed on expression: 'pred(*previous, *i)'
Assertion failed on expression: 'pred(*previous, *i)'
Assertion failed on expression: 'pred(*previous, *i)'
Assertion failed on expression: 'pred(*previous, *i)'
Assertion failed on expression: 'pred(*previous, *i)'
Assertion failed on expression: 'pred(*previous, *i)'
Assertion failed on expression: 'pred(*previous, *i)'
Assertion failed on expression: 'pred(*previous, *i)'
Assertion failed on expression: 'pred(*previous, *i)'
Assertion failed on expression: 'pred(*previous, *i)'
Assertion failed on expression: 'pred(*previous, *i)'
Assertion failed on expression: 'pred(*previous, *i)'
Native extension for LinuxStandalone target not found
Native extension for iOS target not found
Native extension for Android target not found
Native extension for WindowsStandalone target not found
[Package Manager] Failed to launch server process. Reason: Unity was launched with the -noUpm command-line argument
[Package Manager] Unable to send message (not connected to server process).
[Package Manager] Cannot connect to Unity Package Manager local server
[Package Manager] Failed to launch server process. Reason: Unity was launched with the -noUpm command-line argument
[Package Manager] Unable to send message (not connected to server process).
[Package Manager] Cannot connect to Unity Package Manager local server
[MODES] ModeService[none].Initialize
[MODES] ModeService[none].LoadModes
ScheduleIndexationOnStartup MainProcess:False IndexOnStartup:True
Mono: successfully reloaded assembly
- Finished resetting the current domain, in  1.637 seconds
Domain Reload Profiling: 2958ms
	BeginReloadAssembly (294ms)
		DisableScriptedObjects (7ms)
		CreateAndSetChildDomain (71ms)
	RebuildCommonClasses (50ms)
	RebuildNativeTypeToScriptingClass (17ms)
	initialDomainReloadingComplete (99ms)
	LoadAllAssembliesAndSetupDomain (860ms)
		LoadAssemblies (624ms)
		AnalyzeDomain (359ms)
			TypeCache.Refresh (13ms)
			BuildScriptInfoCaches (327ms)
			ResolveRequiredComponents (17ms)
	FinalizeReload (1638ms)
		SetupLoadedEditorAssemblies (0ms)
			InitializePlatformSupportModulesInManaged (38ms)
			BeforeProcessingInitializeOnLoad (249ms)
			ProcessInitializeOnLoadAttributes (815ms)
			ProcessInitializeOnLoadMethodAttributes (225ms)
			AfterProcessingInitializeOnLoad (13ms)
		AwakeInstancesAfterBackupRestoration (32ms)
Refreshing native plugins compatible for Editor in 6.93 ms, found 4 plugins.
Unloading 35 Unused Serialized files (Serialized files now loaded: 0)
Unloading 8126 unused Assets / (8.4 MB). Loaded Objects now: 9297.
Memory consumption went from 219.7 MB to 211.3 MB.
Total: 20.674700 ms (FindLiveObjects: 1.123900 ms CreateObjectMapping: 1.133300 ms MarkObjects: 9.214800 ms  DeleteObjects: 9.200600 ms)

Prepare: number of updated asset objects reloaded= 0
========================================================================
Received Prepare
Begin MonoManager ReloadAssembly
[Licensing::Client] Successfully resolved entitlement details
[Licensing::Module] License group:
  Id: F4-ZF4W-JG7U-QS5D-T52E-XXXX
  Product: Unity Personal
  Type: ULF
  Expiration: Unlimited
[Licensing::Module] License group:
  Id: 4673487441905-UnityPersXXXX
  Product: Unity Personal
  Type: Assigned
  Expiration: Unlimited
Assembly Assembly-CSharp-Editor-firstpass.dll at Library/ScriptAssemblies/Assembly-CSharp-Editor-firstpass.dll not valid. Loading of assembly skipped.
Assembly Assembly-CSharp-firstpass.dll at Library/ScriptAssemblies/Assembly-CSharp-firstpass.dll not valid. Loading of assembly skipped.
Assembly DocCodeExamples.dll at Library/ScriptAssemblies/DocCodeExamples.dll not valid. Loading of assembly skipped.
Assembly TestNewCustomAssembly.dll at Library/ScriptAssemblies/TestNewCustomAssembly.dll not valid. Loading of assembly skipped.
Assembly Unity.2D.Sprite.Package.EditorTests.dll at Library/ScriptAssemblies/Unity.2D.Sprite.Package.EditorTests.dll not valid. Loading of assembly skipped.
Assembly Unity.Addressables.Editor.Tests.dll at Library/ScriptAssemblies/Unity.Addressables.Editor.Tests.dll not valid. Loading of assembly skipped.
Assembly Unity.Addressables.Runtime.Tests.dll at Library/ScriptAssemblies/Unity.Addressables.Runtime.Tests.dll not valid. Loading of assembly skipped.
Assembly Unity.Collections.BurstCompatibilityGen.dll at Library/ScriptAssemblies/Unity.Collections.BurstCompatibilityGen.dll not valid. Loading of assembly skipped.
Assembly Unity.Collections.DocCodeSamples.dll at Library/ScriptAssemblies/Unity.Collections.DocCodeSamples.dll not valid. Loading of assembly skipped.
Assembly Unity.Collections.PerformanceTests.dll at Library/ScriptAssemblies/Unity.Collections.PerformanceTests.dll not valid. Loading of assembly skipped.
Assembly Unity.Collections.Tests.dll at Library/ScriptAssemblies/Unity.Collections.Tests.dll not valid. Loading of assembly skipped.
Assembly Unity.Collections.Tests.Playmode.dll at Library/ScriptAssemblies/Unity.Collections.Tests.Playmode.dll not valid. Loading of assembly skipped.
Assembly Unity.InputSystem.IntegrationTests.dll at Library/ScriptAssemblies/Unity.InputSystem.IntegrationTests.dll not valid. Loading of assembly skipped.
Assembly Unity.Localization.DocCodeSamples.dll at Library/ScriptAssemblies/Unity.Localization.DocCodeSamples.dll not valid. Loading of assembly skipped.
Assembly Unity.Mathematics.Tests.dll at Library/ScriptAssemblies/Unity.Mathematics.Tests.dll not valid. Loading of assembly skipped.
Assembly Unity.Multiplayer.Center.Editor.Tests.dll at Library/ScriptAssemblies/Unity.Multiplayer.Center.Editor.Tests.dll not valid. Loading of assembly skipped.
Assembly Unity.Multiplayer.Center.Tests.dll at Library/ScriptAssemblies/Unity.Multiplayer.Center.Tests.dll not valid. Loading of assembly skipped.
Assembly Unity.Nuget.Mono-Cecil.dll at Library/ScriptAssemblies/Unity.Nuget.Mono-Cecil.dll not valid. Loading of assembly skipped.
Assembly Unity.PathTracing.Editor.Tests.dll at Library/ScriptAssemblies/Unity.PathTracing.Editor.Tests.dll not valid. Loading of assembly skipped.
Assembly Unity.PathTracing.Runtime.Tests.dll at Library/ScriptAssemblies/Unity.PathTracing.Runtime.Tests.dll not valid. Loading of assembly skipped.
Assembly Unity.RenderPipelines.Core.Editor.Tests.dll at Library/ScriptAssemblies/Unity.RenderPipelines.Core.Editor.Tests.dll not valid. Loading of assembly skipped.
Assembly Unity.RenderPipelines.Core.Runtime.Tests.dll at Library/ScriptAssemblies/Unity.RenderPipelines.Core.Runtime.Tests.dll not valid. Loading of assembly skipped.
Assembly Unity.RenderPipelines.Universal.Config.Editor.Tests.dll at Library/ScriptAssemblies/Unity.RenderPipelines.Universal.Config.Editor.Tests.dll not valid. Loading of assembly skipped.
Assembly Unity.RenderPipelines.Universal.Editor.Tests.dll at Library/ScriptAssemblies/Unity.RenderPipelines.Universal.Editor.Tests.dll not valid. Loading of assembly skipped.
Assembly Unity.RenderPipelines.Universal.Runtime.Tests.dll at Library/ScriptAssemblies/Unity.RenderPipelines.Universal.Runtime.Tests.dll not valid. Loading of assembly skipped.
Assembly Unity.ResourceManager.Tests.dll at Library/ScriptAssemblies/Unity.ResourceManager.Tests.dll not valid. Loading of assembly skipped.
Assembly Unity.ScriptableBuildPipeline.Editor.Tests.dll at Library/ScriptAssemblies/Unity.ScriptableBuildPipeline.Editor.Tests.dll not valid. Loading of assembly skipped.
Assembly Unity.ScriptableBuildPipeline.Tests.dll at Library/ScriptAssemblies/Unity.ScriptableBuildPipeline.Tests.dll not valid. Loading of assembly skipped.
Assembly Unity.ScriptableBuildPipelineTests.Runtime.Tests.dll at Library/ScriptAssemblies/Unity.ScriptableBuildPipelineTests.Runtime.Tests.dll not valid. Loading of assembly skipped.
Assembly Unity.Searcher.EditorTests.dll at Library/ScriptAssemblies/Unity.Searcher.EditorTests.dll not valid. Loading of assembly skipped.
Assembly Unity.Settings.Tests.dll at Library/ScriptAssemblies/Unity.Settings.Tests.dll not valid. Loading of assembly skipped.
Assembly Unity.ShaderGraph.Editor.Tests.dll at Library/ScriptAssemblies/Unity.ShaderGraph.Editor.Tests.dll not valid. Loading of assembly skipped.
Assembly Unity.TextMeshPro.Editor.Tests.dll at Library/ScriptAssemblies/Unity.TextMeshPro.Editor.Tests.dll not valid. Loading of assembly skipped.
Assembly Unity.TextMeshPro.Tests.dll at Library/ScriptAssemblies/Unity.TextMeshPro.Tests.dll not valid. Loading of assembly skipped.
Assembly Unity.UnifiedRayTracing.Editor.Tests.dll at Library/ScriptAssemblies/Unity.UnifiedRayTracing.Editor.Tests.dll not valid. Loading of assembly skipped.
Assembly UnityEditor.UI.Common.Tests.dll at Library/ScriptAssemblies/UnityEditor.UI.Common.Tests.dll not valid. Loading of assembly skipped.
Assembly UnityEditor.UI.EditorTests.dll at Library/ScriptAssemblies/UnityEditor.UI.EditorTests.dll not valid. Loading of assembly skipped.
Assembly UnityEngine.UI.Tests.dll at Library/ScriptAssemblies/UnityEngine.UI.Tests.dll not valid. Loading of assembly skipped.
Symbol file LoadedFromMemory is not a mono symbol file
Refreshing native plugins compatible for Editor in 13.73 ms, found 4 plugins.
Assertion failed on expression: 'pred(*previous, *i)'
Assertion failed on expression: 'pred(*previous, *i)'
Assertion failed on expression: 'pred(*previous, *i)'
Assertion failed on expression: 'pred(*previous, *i)'
Assertion failed on expression: 'pred(*previous, *i)'
Assertion failed on expression: 'pred(*previous, *i)'
Assertion failed on expression: 'pred(*previous, *i)'
Assertion failed on expression: 'pred(*previous, *i)'
Assertion failed on expression: 'pred(*previous, *i)'
Assertion failed on expression: 'pred(*previous, *i)'
Assertion failed on expression: 'pred(*previous, *i)'
Assertion failed on expression: 'pred(*previous, *i)'
Native extension for LinuxStandalone target not found
Native extension for iOS target not found
Native extension for Android target not found
Native extension for WindowsStandalone target not found
[Package Manager] Failed to launch server process. Reason: Unity was launched with the -noUpm command-line argument
[Package Manager] Unable to send message (not connected to server process).
[Package Manager] Cannot connect to Unity Package Manager local server
[Package Manager] Failed to launch server process. Reason: Unity was launched with the -noUpm command-line argument
[Package Manager] Unable to send message (not connected to server process).
[Package Manager] Cannot connect to Unity Package Manager local server
[MODES] ModeService[none].Initialize
[MODES] ModeService[none].LoadModes
ScheduleIndexationOnStartup MainProcess:False IndexOnStartup:True
Mono: successfully reloaded assembly
- Finished resetting the current domain, in  2.240 seconds
Domain Reload Profiling: 10331ms
	BeginReloadAssembly (2914ms)
		DisableScriptedObjects (260ms)
		ReleaseScriptingObjects (3ms)
		CreateAndSetChildDomain (962ms)
	RebuildCommonClasses (113ms)
	RebuildNativeTypeToScriptingClass (30ms)
	initialDomainReloadingComplete (315ms)
	LoadAllAssembliesAndSetupDomain (4719ms)
		LoadAssemblies (4315ms)
		AnalyzeDomain (943ms)
			TypeCache.Refresh (101ms)
				TypeCache.ScanAssembly (9ms)
			BuildScriptInfoCaches (801ms)
			ResolveRequiredComponents (34ms)
	FinalizeReload (2240ms)
		SetupLoadedEditorAssemblies (0ms)
			InitializePlatformSupportModulesInManaged (58ms)
			BeforeProcessingInitializeOnLoad (433ms)
			ProcessInitializeOnLoadAttributes (995ms)
			ProcessInitializeOnLoadMethodAttributes (254ms)
			AfterProcessingInitializeOnLoad (26ms)
		AwakeInstancesAfterBackupRestoration (40ms)
Refreshing native plugins compatible for Editor in 69.07 ms, found 4 plugins.
Unloading 35 Unused Serialized files (Serialized files now loaded: 0)
Unloading 8126 unused Assets / (6.8 MB). Loaded Objects now: 9303.
Memory consumption went from 222.9 MB to 216.1 MB.
Total: 32.283200 ms (FindLiveObjects: 1.815100 ms CreateObjectMapping: 1.571500 ms MarkObjects: 17.559700 ms  DeleteObjects: 11.332200 ms)

Prepare: number of updated asset objects reloaded= 0
========================================================================
Received Prepare
Begin MonoManager ReloadAssembly
[Licensing::Client] Successfully resolved entitlement details
[Licensing::Module] License group:
  Id: F4-ZF4W-JG7U-QS5D-T52E-XXXX
  Product: Unity Personal
  Type: ULF
  Expiration: Unlimited
[Licensing::Module] License group:
  Id: 4673487441905-UnityPersXXXX
  Product: Unity Personal
  Type: Assigned
  Expiration: Unlimited
Assembly Assembly-CSharp-Editor-firstpass.dll at Library/ScriptAssemblies/Assembly-CSharp-Editor-firstpass.dll not valid. Loading of assembly skipped.
Assembly Assembly-CSharp-firstpass.dll at Library/ScriptAssemblies/Assembly-CSharp-firstpass.dll not valid. Loading of assembly skipped.
Assembly DocCodeExamples.dll at Library/ScriptAssemblies/DocCodeExamples.dll not valid. Loading of assembly skipped.
Assembly TestNewCustomAssembly.dll at Library/ScriptAssemblies/TestNewCustomAssembly.dll not valid. Loading of assembly skipped.
Assembly Unity.2D.Sprite.Package.EditorTests.dll at Library/ScriptAssemblies/Unity.2D.Sprite.Package.EditorTests.dll not valid. Loading of assembly skipped.
Assembly Unity.Addressables.Editor.Tests.dll at Library/ScriptAssemblies/Unity.Addressables.Editor.Tests.dll not valid. Loading of assembly skipped.
Assembly Unity.Addressables.Runtime.Tests.dll at Library/ScriptAssemblies/Unity.Addressables.Runtime.Tests.dll not valid. Loading of assembly skipped.
Assembly Unity.Collections.BurstCompatibilityGen.dll at Library/ScriptAssemblies/Unity.Collections.BurstCompatibilityGen.dll not valid. Loading of assembly skipped.
Assembly Unity.Collections.DocCodeSamples.dll at Library/ScriptAssemblies/Unity.Collections.DocCodeSamples.dll not valid. Loading of assembly skipped.
Assembly Unity.Collections.PerformanceTests.dll at Library/ScriptAssemblies/Unity.Collections.PerformanceTests.dll not valid. Loading of assembly skipped.
Assembly Unity.Collections.Tests.dll at Library/ScriptAssemblies/Unity.Collections.Tests.dll not valid. Loading of assembly skipped.
Assembly Unity.Collections.Tests.Playmode.dll at Library/ScriptAssemblies/Unity.Collections.Tests.Playmode.dll not valid. Loading of assembly skipped.
Assembly Unity.InputSystem.IntegrationTests.dll at Library/ScriptAssemblies/Unity.InputSystem.IntegrationTests.dll not valid. Loading of assembly skipped.
Assembly Unity.Localization.DocCodeSamples.dll at Library/ScriptAssemblies/Unity.Localization.DocCodeSamples.dll not valid. Loading of assembly skipped.
Assembly Unity.Mathematics.Tests.dll at Library/ScriptAssemblies/Unity.Mathematics.Tests.dll not valid. Loading of assembly skipped.
Assembly Unity.Multiplayer.Center.Editor.Tests.dll at Library/ScriptAssemblies/Unity.Multiplayer.Center.Editor.Tests.dll not valid. Loading of assembly skipped.
Assembly Unity.Multiplayer.Center.Tests.dll at Library/ScriptAssemblies/Unity.Multiplayer.Center.Tests.dll not valid. Loading of assembly skipped.
Assembly Unity.Nuget.Mono-Cecil.dll at Library/ScriptAssemblies/Unity.Nuget.Mono-Cecil.dll not valid. Loading of assembly skipped.
Assembly Unity.PathTracing.Editor.Tests.dll at Library/ScriptAssemblies/Unity.PathTracing.Editor.Tests.dll not valid. Loading of assembly skipped.
Assembly Unity.PathTracing.Runtime.Tests.dll at Library/ScriptAssemblies/Unity.PathTracing.Runtime.Tests.dll not valid. Loading of assembly skipped.
Assembly Unity.RenderPipelines.Core.Editor.Tests.dll at Library/ScriptAssemblies/Unity.RenderPipelines.Core.Editor.Tests.dll not valid. Loading of assembly skipped.
Assembly Unity.RenderPipelines.Core.Runtime.Tests.dll at Library/ScriptAssemblies/Unity.RenderPipelines.Core.Runtime.Tests.dll not valid. Loading of assembly skipped.
Assembly Unity.RenderPipelines.Universal.Config.Editor.Tests.dll at Library/ScriptAssemblies/Unity.RenderPipelines.Universal.Config.Editor.Tests.dll not valid. Loading of assembly skipped.
Assembly Unity.RenderPipelines.Universal.Editor.Tests.dll at Library/ScriptAssemblies/Unity.RenderPipelines.Universal.Editor.Tests.dll not valid. Loading of assembly skipped.
Assembly Unity.RenderPipelines.Universal.Runtime.Tests.dll at Library/ScriptAssemblies/Unity.RenderPipelines.Universal.Runtime.Tests.dll not valid. Loading of assembly skipped.
Assembly Unity.ResourceManager.Tests.dll at Library/ScriptAssemblies/Unity.ResourceManager.Tests.dll not valid. Loading of assembly skipped.
Assembly Unity.ScriptableBuildPipeline.Editor.Tests.dll at Library/ScriptAssemblies/Unity.ScriptableBuildPipeline.Editor.Tests.dll not valid. Loading of assembly skipped.
Assembly Unity.ScriptableBuildPipeline.Tests.dll at Library/ScriptAssemblies/Unity.ScriptableBuildPipeline.Tests.dll not valid. Loading of assembly skipped.
Assembly Unity.ScriptableBuildPipelineTests.Runtime.Tests.dll at Library/ScriptAssemblies/Unity.ScriptableBuildPipelineTests.Runtime.Tests.dll not valid. Loading of assembly skipped.
Assembly Unity.Searcher.EditorTests.dll at Library/ScriptAssemblies/Unity.Searcher.EditorTests.dll not valid. Loading of assembly skipped.
Assembly Unity.Settings.Tests.dll at Library/ScriptAssemblies/Unity.Settings.Tests.dll not valid. Loading of assembly skipped.
Assembly Unity.ShaderGraph.Editor.Tests.dll at Library/ScriptAssemblies/Unity.ShaderGraph.Editor.Tests.dll not valid. Loading of assembly skipped.
Assembly Unity.TextMeshPro.Editor.Tests.dll at Library/ScriptAssemblies/Unity.TextMeshPro.Editor.Tests.dll not valid. Loading of assembly skipped.
Assembly Unity.TextMeshPro.Tests.dll at Library/ScriptAssemblies/Unity.TextMeshPro.Tests.dll not valid. Loading of assembly skipped.
Assembly Unity.UnifiedRayTracing.Editor.Tests.dll at Library/ScriptAssemblies/Unity.UnifiedRayTracing.Editor.Tests.dll not valid. Loading of assembly skipped.
Assembly UnityEditor.UI.Common.Tests.dll at Library/ScriptAssemblies/UnityEditor.UI.Common.Tests.dll not valid. Loading of assembly skipped.
Assembly UnityEditor.UI.EditorTests.dll at Library/ScriptAssemblies/UnityEditor.UI.EditorTests.dll not valid. Loading of assembly skipped.
Assembly UnityEngine.UI.Tests.dll at Library/ScriptAssemblies/UnityEngine.UI.Tests.dll not valid. Loading of assembly skipped.
Symbol file LoadedFromMemory is not a mono symbol file
Refreshing native plugins compatible for Editor in 7.44 ms, found 4 plugins.
Assertion failed on expression: 'pred(*previous, *i)'
Assertion failed on expression: 'pred(*previous, *i)'
Assertion failed on expression: 'pred(*previous, *i)'
Assertion failed on expression: 'pred(*previous, *i)'
Assertion failed on expression: 'pred(*previous, *i)'
Assertion failed on expression: 'pred(*previous, *i)'
Assertion failed on expression: 'pred(*previous, *i)'
Assertion failed on expression: 'pred(*previous, *i)'
Assertion failed on expression: 'pred(*previous, *i)'
Assertion failed on expression: 'pred(*previous, *i)'
Assertion failed on expression: 'pred(*previous, *i)'
Assertion failed on expression: 'pred(*previous, *i)'
Native extension for LinuxStandalone target not found
Native extension for iOS target not found
Native extension for Android target not found
Native extension for WindowsStandalone target not found
[Package Manager] Failed to launch server process. Reason: Unity was launched with the -noUpm command-line argument
[Package Manager] Unable to send message (not connected to server process).
[Package Manager] Cannot connect to Unity Package Manager local server
[Package Manager] Failed to launch server process. Reason: Unity was launched with the -noUpm command-line argument
[Package Manager] Unable to send message (not connected to server process).
[Package Manager] Cannot connect to Unity Package Manager local server
[MODES] ModeService[none].Initialize
[MODES] ModeService[none].LoadModes
ScheduleIndexationOnStartup MainProcess:False IndexOnStartup:True
Mono: successfully reloaded assembly
- Finished resetting the current domain, in  2.772 seconds
Domain Reload Profiling: 17186ms
	BeginReloadAssembly (2575ms)
		ExecutionOrderSort (4ms)
		DisableScriptedObjects (102ms)
		ReleaseScriptingObjects (13ms)
		CreateAndSetChildDomain (894ms)
	RebuildCommonClasses (113ms)
	RebuildNativeTypeToScriptingClass (25ms)
	initialDomainReloadingComplete (445ms)
	LoadAllAssembliesAndSetupDomain (11255ms)
		LoadAssemblies (10550ms)
		AnalyzeDomain (1256ms)
			TypeCache.Refresh (202ms)
				TypeCache.ScanAssembly (18ms)
			BuildScriptInfoCaches (983ms)
			ResolveRequiredComponents (45ms)
	FinalizeReload (2773ms)
		SetupLoadedEditorAssemblies (0ms)
			InitializePlatformSupportModulesInManaged (90ms)
			BeforeProcessingInitializeOnLoad (514ms)
			ProcessInitializeOnLoadAttributes (1133ms)
			ProcessInitializeOnLoadMethodAttributes (313ms)
			AfterProcessingInitializeOnLoad (20ms)
		AwakeInstancesAfterBackupRestoration (34ms)
Refreshing native plugins compatible for Editor in 9.27 ms, found 4 plugins.
Unloading 35 Unused Serialized files (Serialized files now loaded: 0)
Unloading 8126 unused Assets / (7.9 MB). Loaded Objects now: 9309.
Memory consumption went from 226.2 MB to 218.2 MB.
Total: 35.361400 ms (FindLiveObjects: 2.367300 ms CreateObjectMapping: 1.570300 ms MarkObjects: 18.186100 ms  DeleteObjects: 12.887500 ms)

Prepare: number of updated asset objects reloaded= 0
========================================================================
Received Prepare
Begin MonoManager ReloadAssembly
Assembly Assembly-CSharp-Editor-firstpass.dll at Library/ScriptAssemblies/Assembly-CSharp-Editor-firstpass.dll not valid. Loading of assembly skipped.
Assembly Assembly-CSharp-firstpass.dll at Library/ScriptAssemblies/Assembly-CSharp-firstpass.dll not valid. Loading of assembly skipped.
Assembly DocCodeExamples.dll at Library/ScriptAssemblies/DocCodeExamples.dll not valid. Loading of assembly skipped.
Assembly TestNewCustomAssembly.dll at Library/ScriptAssemblies/TestNewCustomAssembly.dll not valid. Loading of assembly skipped.
Assembly Unity.2D.Sprite.Package.EditorTests.dll at Library/ScriptAssemblies/Unity.2D.Sprite.Package.EditorTests.dll not valid. Loading of assembly skipped.
Assembly Unity.Addressables.Editor.Tests.dll at Library/ScriptAssemblies/Unity.Addressables.Editor.Tests.dll not valid. Loading of assembly skipped.
Assembly Unity.Addressables.Runtime.Tests.dll at Library/ScriptAssemblies/Unity.Addressables.Runtime.Tests.dll not valid. Loading of assembly skipped.
Assembly Unity.Collections.BurstCompatibilityGen.dll at Library/ScriptAssemblies/Unity.Collections.BurstCompatibilityGen.dll not valid. Loading of assembly skipped.
Assembly Unity.Collections.DocCodeSamples.dll at Library/ScriptAssemblies/Unity.Collections.DocCodeSamples.dll not valid. Loading of assembly skipped.
Assembly Unity.Collections.PerformanceTests.dll at Library/ScriptAssemblies/Unity.Collections.PerformanceTests.dll not valid. Loading of assembly skipped.
Assembly Unity.Collections.Tests.dll at Library/ScriptAssemblies/Unity.Collections.Tests.dll not valid. Loading of assembly skipped.
Assembly Unity.Collections.Tests.Playmode.dll at Library/ScriptAssemblies/Unity.Collections.Tests.Playmode.dll not valid. Loading of assembly skipped.
Assembly Unity.InputSystem.IntegrationTests.dll at Library/ScriptAssemblies/Unity.InputSystem.IntegrationTests.dll not valid. Loading of assembly skipped.
Assembly Unity.Localization.DocCodeSamples.dll at Library/ScriptAssemblies/Unity.Localization.DocCodeSamples.dll not valid. Loading of assembly skipped.
Assembly Unity.Mathematics.Tests.dll at Library/ScriptAssemblies/Unity.Mathematics.Tests.dll not valid. Loading of assembly skipped.
Assembly Unity.Multiplayer.Center.Editor.Tests.dll at Library/ScriptAssemblies/Unity.Multiplayer.Center.Editor.Tests.dll not valid. Loading of assembly skipped.
Assembly Unity.Multiplayer.Center.Tests.dll at Library/ScriptAssemblies/Unity.Multiplayer.Center.Tests.dll not valid. Loading of assembly skipped.
Assembly Unity.Nuget.Mono-Cecil.dll at Library/ScriptAssemblies/Unity.Nuget.Mono-Cecil.dll not valid. Loading of assembly skipped.
Assembly Unity.PathTracing.Editor.Tests.dll at Library/ScriptAssemblies/Unity.PathTracing.Editor.Tests.dll not valid. Loading of assembly skipped.
Assembly Unity.PathTracing.Runtime.Tests.dll at Library/ScriptAssemblies/Unity.PathTracing.Runtime.Tests.dll not valid. Loading of assembly skipped.
Assembly Unity.RenderPipelines.Core.Editor.Tests.dll at Library/ScriptAssemblies/Unity.RenderPipelines.Core.Editor.Tests.dll not valid. Loading of assembly skipped.
Assembly Unity.RenderPipelines.Core.Runtime.Tests.dll at Library/ScriptAssemblies/Unity.RenderPipelines.Core.Runtime.Tests.dll not valid. Loading of assembly skipped.
Assembly Unity.RenderPipelines.Universal.Config.Editor.Tests.dll at Library/ScriptAssemblies/Unity.RenderPipelines.Universal.Config.Editor.Tests.dll not valid. Loading of assembly skipped.
Assembly Unity.RenderPipelines.Universal.Editor.Tests.dll at Library/ScriptAssemblies/Unity.RenderPipelines.Universal.Editor.Tests.dll not valid. Loading of assembly skipped.
Assembly Unity.RenderPipelines.Universal.Runtime.Tests.dll at Library/ScriptAssemblies/Unity.RenderPipelines.Universal.Runtime.Tests.dll not valid. Loading of assembly skipped.
Assembly Unity.ResourceManager.Tests.dll at Library/ScriptAssemblies/Unity.ResourceManager.Tests.dll not valid. Loading of assembly skipped.
Assembly Unity.ScriptableBuildPipeline.Editor.Tests.dll at Library/ScriptAssemblies/Unity.ScriptableBuildPipeline.Editor.Tests.dll not valid. Loading of assembly skipped.
Assembly Unity.ScriptableBuildPipeline.Tests.dll at Library/ScriptAssemblies/Unity.ScriptableBuildPipeline.Tests.dll not valid. Loading of assembly skipped.
Assembly Unity.ScriptableBuildPipelineTests.Runtime.Tests.dll at Library/ScriptAssemblies/Unity.ScriptableBuildPipelineTests.Runtime.Tests.dll not valid. Loading of assembly skipped.
Assembly Unity.Searcher.EditorTests.dll at Library/ScriptAssemblies/Unity.Searcher.EditorTests.dll not valid. Loading of assembly skipped.
Assembly Unity.Settings.Tests.dll at Library/ScriptAssemblies/Unity.Settings.Tests.dll not valid. Loading of assembly skipped.
Assembly Unity.ShaderGraph.Editor.Tests.dll at Library/ScriptAssemblies/Unity.ShaderGraph.Editor.Tests.dll not valid. Loading of assembly skipped.
Assembly Unity.TextMeshPro.Editor.Tests.dll at Library/ScriptAssemblies/Unity.TextMeshPro.Editor.Tests.dll not valid. Loading of assembly skipped.
Assembly Unity.TextMeshPro.Tests.dll at Library/ScriptAssemblies/Unity.TextMeshPro.Tests.dll not valid. Loading of assembly skipped.
Assembly Unity.UnifiedRayTracing.Editor.Tests.dll at Library/ScriptAssemblies/Unity.UnifiedRayTracing.Editor.Tests.dll not valid. Loading of assembly skipped.
Assembly UnityEditor.UI.Common.Tests.dll at Library/ScriptAssemblies/UnityEditor.UI.Common.Tests.dll not valid. Loading of assembly skipped.
Assembly UnityEditor.UI.EditorTests.dll at Library/ScriptAssemblies/UnityEditor.UI.EditorTests.dll not valid. Loading of assembly skipped.
Assembly UnityEngine.UI.Tests.dll at Library/ScriptAssemblies/UnityEngine.UI.Tests.dll not valid. Loading of assembly skipped.
Symbol file LoadedFromMemory is not a mono symbol file
Refreshing native plugins compatible for Editor in 8.73 ms, found 4 plugins.
Assertion failed on expression: 'pred(*previous, *i)'
Assertion failed on expression: 'pred(*previous, *i)'
Assertion failed on expression: 'pred(*previous, *i)'
Assertion failed on expression: 'pred(*previous, *i)'
Assertion failed on expression: 'pred(*previous, *i)'
Assertion failed on expression: 'pred(*previous, *i)'
Assertion failed on expression: 'pred(*previous, *i)'
Assertion failed on expression: 'pred(*previous, *i)'
Assertion failed on expression: 'pred(*previous, *i)'
Assertion failed on expression: 'pred(*previous, *i)'
Assertion failed on expression: 'pred(*previous, *i)'
Assertion failed on expression: 'pred(*previous, *i)'
Native extension for LinuxStandalone target not found
Native extension for iOS target not found
Native extension for Android target not found
Native extension for WindowsStandalone target not found
[Package Manager] Failed to launch server process. Reason: Unity was launched with the -noUpm command-line argument
[Package Manager] Unable to send message (not connected to server process).
[Package Manager] Cannot connect to Unity Package Manager local server
[Package Manager] Failed to launch server process. Reason: Unity was launched with the -noUpm command-line argument
[Package Manager] Unable to send message (not connected to server process).
[Package Manager] Cannot connect to Unity Package Manager local server
[MODES] ModeService[none].Initialize
[MODES] ModeService[none].LoadModes
ScheduleIndexationOnStartup MainProcess:False IndexOnStartup:True
Mono: successfully reloaded assembly
- Finished resetting the current domain, in  2.737 seconds
Domain Reload Profiling: 5601ms
	BeginReloadAssembly (724ms)
		DisableScriptedObjects (24ms)
		CreateAndSetChildDomain (143ms)
	RebuildCommonClasses (96ms)
	RebuildNativeTypeToScriptingClass (31ms)
	initialDomainReloadingComplete (282ms)
	LoadAllAssembliesAndSetupDomain (1730ms)
		LoadAssemblies (1406ms)
		AnalyzeDomain (682ms)
			TypeCache.Refresh (19ms)
			BuildScriptInfoCaches (621ms)
			ResolveRequiredComponents (39ms)
	FinalizeReload (2738ms)
		SetupLoadedEditorAssemblies (0ms)
			InitializePlatformSupportModulesInManaged (67ms)
			BeforeProcessingInitializeOnLoad (466ms)
			ProcessInitializeOnLoadAttributes (1309ms)
			ProcessInitializeOnLoadMethodAttributes (296ms)
			AfterProcessingInitializeOnLoad (18ms)
		AwakeInstancesAfterBackupRestoration (42ms)
Refreshing native plugins compatible for Editor in 6.21 ms, found 4 plugins.
Unloading 35 Unused Serialized files (Serialized files now loaded: 0)
Unloading 8126 unused Assets / (8.1 MB). Loaded Objects now: 9315.
Memory consumption went from 229.4 MB to 221.3 MB.
Total: 21.680700 ms (FindLiveObjects: 1.495800 ms CreateObjectMapping: 1.938500 ms MarkObjects: 10.094000 ms  DeleteObjects: 8.149600 ms)

Prepare: number of updated asset objects reloaded= 0
========================================================================
Received Prepare
Begin MonoManager ReloadAssembly
[Licensing::Client] Successfully resolved entitlement details
[Licensing::Module] License group:
  Id: F4-ZF4W-JG7U-QS5D-T52E-XXXX
  Product: Unity Personal
  Type: ULF
  Expiration: Unlimited
[Licensing::Module] License group:
  Id: 4673487441905-UnityPersXXXX
  Product: Unity Personal
  Type: Assigned
  Expiration: Unlimited
Assembly Assembly-CSharp-Editor-firstpass.dll at Library/ScriptAssemblies/Assembly-CSharp-Editor-firstpass.dll not valid. Loading of assembly skipped.
Assembly Assembly-CSharp-firstpass.dll at Library/ScriptAssemblies/Assembly-CSharp-firstpass.dll not valid. Loading of assembly skipped.
Assembly DocCodeExamples.dll at Library/ScriptAssemblies/DocCodeExamples.dll not valid. Loading of assembly skipped.
Assembly TestNewCustomAssembly.dll at Library/ScriptAssemblies/TestNewCustomAssembly.dll not valid. Loading of assembly skipped.
Assembly Unity.2D.Sprite.Package.EditorTests.dll at Library/ScriptAssemblies/Unity.2D.Sprite.Package.EditorTests.dll not valid. Loading of assembly skipped.
Assembly Unity.Addressables.Editor.Tests.dll at Library/ScriptAssemblies/Unity.Addressables.Editor.Tests.dll not valid. Loading of assembly skipped.
Assembly Unity.Addressables.Runtime.Tests.dll at Library/ScriptAssemblies/Unity.Addressables.Runtime.Tests.dll not valid. Loading of assembly skipped.
Assembly Unity.Collections.BurstCompatibilityGen.dll at Library/ScriptAssemblies/Unity.Collections.BurstCompatibilityGen.dll not valid. Loading of assembly skipped.
Assembly Unity.Collections.DocCodeSamples.dll at Library/ScriptAssemblies/Unity.Collections.DocCodeSamples.dll not valid. Loading of assembly skipped.
Assembly Unity.Collections.PerformanceTests.dll at Library/ScriptAssemblies/Unity.Collections.PerformanceTests.dll not valid. Loading of assembly skipped.
Assembly Unity.Collections.Tests.dll at Library/ScriptAssemblies/Unity.Collections.Tests.dll not valid. Loading of assembly skipped.
Assembly Unity.Collections.Tests.Playmode.dll at Library/ScriptAssemblies/Unity.Collections.Tests.Playmode.dll not valid. Loading of assembly skipped.
Assembly Unity.InputSystem.IntegrationTests.dll at Library/ScriptAssemblies/Unity.InputSystem.IntegrationTests.dll not valid. Loading of assembly skipped.
Assembly Unity.Localization.DocCodeSamples.dll at Library/ScriptAssemblies/Unity.Localization.DocCodeSamples.dll not valid. Loading of assembly skipped.
Assembly Unity.Mathematics.Tests.dll at Library/ScriptAssemblies/Unity.Mathematics.Tests.dll not valid. Loading of assembly skipped.
Assembly Unity.Multiplayer.Center.Editor.Tests.dll at Library/ScriptAssemblies/Unity.Multiplayer.Center.Editor.Tests.dll not valid. Loading of assembly skipped.
Assembly Unity.Multiplayer.Center.Tests.dll at Library/ScriptAssemblies/Unity.Multiplayer.Center.Tests.dll not valid. Loading of assembly skipped.
Assembly Unity.Nuget.Mono-Cecil.dll at Library/ScriptAssemblies/Unity.Nuget.Mono-Cecil.dll not valid. Loading of assembly skipped.
Assembly Unity.PathTracing.Editor.Tests.dll at Library/ScriptAssemblies/Unity.PathTracing.Editor.Tests.dll not valid. Loading of assembly skipped.
Assembly Unity.PathTracing.Runtime.Tests.dll at Library/ScriptAssemblies/Unity.PathTracing.Runtime.Tests.dll not valid. Loading of assembly skipped.
Assembly Unity.RenderPipelines.Core.Editor.Tests.dll at Library/ScriptAssemblies/Unity.RenderPipelines.Core.Editor.Tests.dll not valid. Loading of assembly skipped.
Assembly Unity.RenderPipelines.Core.Runtime.Tests.dll at Library/ScriptAssemblies/Unity.RenderPipelines.Core.Runtime.Tests.dll not valid. Loading of assembly skipped.
Assembly Unity.RenderPipelines.Universal.Config.Editor.Tests.dll at Library/ScriptAssemblies/Unity.RenderPipelines.Universal.Config.Editor.Tests.dll not valid. Loading of assembly skipped.
Assembly Unity.RenderPipelines.Universal.Editor.Tests.dll at Library/ScriptAssemblies/Unity.RenderPipelines.Universal.Editor.Tests.dll not valid. Loading of assembly skipped.
Assembly Unity.RenderPipelines.Universal.Runtime.Tests.dll at Library/ScriptAssemblies/Unity.RenderPipelines.Universal.Runtime.Tests.dll not valid. Loading of assembly skipped.
Assembly Unity.ResourceManager.Tests.dll at Library/ScriptAssemblies/Unity.ResourceManager.Tests.dll not valid. Loading of assembly skipped.
Assembly Unity.ScriptableBuildPipeline.Editor.Tests.dll at Library/ScriptAssemblies/Unity.ScriptableBuildPipeline.Editor.Tests.dll not valid. Loading of assembly skipped.
Assembly Unity.ScriptableBuildPipeline.Tests.dll at Library/ScriptAssemblies/Unity.ScriptableBuildPipeline.Tests.dll not valid. Loading of assembly skipped.
Assembly Unity.ScriptableBuildPipelineTests.Runtime.Tests.dll at Library/ScriptAssemblies/Unity.ScriptableBuildPipelineTests.Runtime.Tests.dll not valid. Loading of assembly skipped.
Assembly Unity.Searcher.EditorTests.dll at Library/ScriptAssemblies/Unity.Searcher.EditorTests.dll not valid. Loading of assembly skipped.
Assembly Unity.Settings.Tests.dll at Library/ScriptAssemblies/Unity.Settings.Tests.dll not valid. Loading of assembly skipped.
Assembly Unity.ShaderGraph.Editor.Tests.dll at Library/ScriptAssemblies/Unity.ShaderGraph.Editor.Tests.dll not valid. Loading of assembly skipped.
Assembly Unity.TextMeshPro.Editor.Tests.dll at Library/ScriptAssemblies/Unity.TextMeshPro.Editor.Tests.dll not valid. Loading of assembly skipped.
Assembly Unity.TextMeshPro.Tests.dll at Library/ScriptAssemblies/Unity.TextMeshPro.Tests.dll not valid. Loading of assembly skipped.
Assembly Unity.UnifiedRayTracing.Editor.Tests.dll at Library/ScriptAssemblies/Unity.UnifiedRayTracing.Editor.Tests.dll not valid. Loading of assembly skipped.
Assembly UnityEditor.UI.Common.Tests.dll at Library/ScriptAssemblies/UnityEditor.UI.Common.Tests.dll not valid. Loading of assembly skipped.
Assembly UnityEditor.UI.EditorTests.dll at Library/ScriptAssemblies/UnityEditor.UI.EditorTests.dll not valid. Loading of assembly skipped.
Assembly UnityEngine.UI.Tests.dll at Library/ScriptAssemblies/UnityEngine.UI.Tests.dll not valid. Loading of assembly skipped.
Symbol file LoadedFromMemory is not a mono symbol file
Refreshing native plugins compatible for Editor in 4.83 ms, found 4 plugins.
Assertion failed on expression: 'pred(*previous, *i)'
Assertion failed on expression: 'pred(*previous, *i)'
Assertion failed on expression: 'pred(*previous, *i)'
Assertion failed on expression: 'pred(*previous, *i)'
Assertion failed on expression: 'pred(*previous, *i)'
Assertion failed on expression: 'pred(*previous, *i)'
Assertion failed on expression: 'pred(*previous, *i)'
Assertion failed on expression: 'pred(*previous, *i)'
Assertion failed on expression: 'pred(*previous, *i)'
Assertion failed on expression: 'pred(*previous, *i)'
Assertion failed on expression: 'pred(*previous, *i)'
Assertion failed on expression: 'pred(*previous, *i)'
Native extension for LinuxStandalone target not found
Native extension for iOS target not found
Native extension for Android target not found
Native extension for WindowsStandalone target not found
[Package Manager] Failed to launch server process. Reason: Unity was launched with the -noUpm command-line argument
[Package Manager] Unable to send message (not connected to server process).
[Package Manager] Cannot connect to Unity Package Manager local server
[Package Manager] Failed to launch server process. Reason: Unity was launched with the -noUpm command-line argument
[Package Manager] Unable to send message (not connected to server process).
[Package Manager] Cannot connect to Unity Package Manager local server
[MODES] ModeService[none].Initialize
[MODES] ModeService[none].LoadModes
ScheduleIndexationOnStartup MainProcess:False IndexOnStartup:True
Mono: successfully reloaded assembly
- Finished resetting the current domain, in  1.229 seconds
Domain Reload Profiling: 7129ms
	BeginReloadAssembly (2148ms)
		DisableScriptedObjects (185ms)
		ReleaseScriptingObjects (5ms)
		CreateAndSetChildDomain (704ms)
	RebuildCommonClasses (50ms)
	RebuildNativeTypeToScriptingClass (14ms)
	initialDomainReloadingComplete (239ms)
	LoadAllAssembliesAndSetupDomain (3450ms)
		LoadAssemblies (3011ms)
		AnalyzeDomain (732ms)
			TypeCache.Refresh (88ms)
				TypeCache.ScanAssembly (7ms)
			BuildScriptInfoCaches (586ms)
			ResolveRequiredComponents (27ms)
	FinalizeReload (1229ms)
		SetupLoadedEditorAssemblies (0ms)
			InitializePlatformSupportModulesInManaged (33ms)
			BeforeProcessingInitializeOnLoad (198ms)
			ProcessInitializeOnLoadAttributes (665ms)
			ProcessInitializeOnLoadMethodAttributes (115ms)
			AfterProcessingInitializeOnLoad (9ms)
		AwakeInstancesAfterBackupRestoration (19ms)
Refreshing native plugins compatible for Editor in 2.76 ms, found 4 plugins.
Unloading 35 Unused Serialized files (Serialized files now loaded: 0)
Unloading 8126 unused Assets / (6.3 MB). Loaded Objects now: 9321.
Memory consumption went from 232.7 MB to 226.4 MB.
Total: 16.134000 ms (FindLiveObjects: 2.142500 ms CreateObjectMapping: 0.637000 ms MarkObjects: 7.390800 ms  DeleteObjects: 5.961600 ms)

Prepare: number of updated asset objects reloaded= 0
========================================================================
Received Prepare
Begin MonoManager ReloadAssembly
Assembly Assembly-CSharp-Editor-firstpass.dll at Library/ScriptAssemblies/Assembly-CSharp-Editor-firstpass.dll not valid. Loading of assembly skipped.
Assembly Assembly-CSharp-firstpass.dll at Library/ScriptAssemblies/Assembly-CSharp-firstpass.dll not valid. Loading of assembly skipped.
Assembly DocCodeExamples.dll at Library/ScriptAssemblies/DocCodeExamples.dll not valid. Loading of assembly skipped.
Assembly TestNewCustomAssembly.dll at Library/ScriptAssemblies/TestNewCustomAssembly.dll not valid. Loading of assembly skipped.
Assembly Unity.2D.Sprite.Package.EditorTests.dll at Library/ScriptAssemblies/Unity.2D.Sprite.Package.EditorTests.dll not valid. Loading of assembly skipped.
Assembly Unity.Addressables.Editor.Tests.dll at Library/ScriptAssemblies/Unity.Addressables.Editor.Tests.dll not valid. Loading of assembly skipped.
Assembly Unity.Addressables.Runtime.Tests.dll at Library/ScriptAssemblies/Unity.Addressables.Runtime.Tests.dll not valid. Loading of assembly skipped.
Assembly Unity.Collections.BurstCompatibilityGen.dll at Library/ScriptAssemblies/Unity.Collections.BurstCompatibilityGen.dll not valid. Loading of assembly skipped.
Assembly Unity.Collections.DocCodeSamples.dll at Library/ScriptAssemblies/Unity.Collections.DocCodeSamples.dll not valid. Loading of assembly skipped.
Assembly Unity.Collections.PerformanceTests.dll at Library/ScriptAssemblies/Unity.Collections.PerformanceTests.dll not valid. Loading of assembly skipped.
Assembly Unity.Collections.Tests.dll at Library/ScriptAssemblies/Unity.Collections.Tests.dll not valid. Loading of assembly skipped.
Assembly Unity.Collections.Tests.Playmode.dll at Library/ScriptAssemblies/Unity.Collections.Tests.Playmode.dll not valid. Loading of assembly skipped.
Assembly Unity.InputSystem.IntegrationTests.dll at Library/ScriptAssemblies/Unity.InputSystem.IntegrationTests.dll not valid. Loading of assembly skipped.
Assembly Unity.Localization.DocCodeSamples.dll at Library/ScriptAssemblies/Unity.Localization.DocCodeSamples.dll not valid. Loading of assembly skipped.
Assembly Unity.Mathematics.Tests.dll at Library/ScriptAssemblies/Unity.Mathematics.Tests.dll not valid. Loading of assembly skipped.
Assembly Unity.Multiplayer.Center.Editor.Tests.dll at Library/ScriptAssemblies/Unity.Multiplayer.Center.Editor.Tests.dll not valid. Loading of assembly skipped.
Assembly Unity.Multiplayer.Center.Tests.dll at Library/ScriptAssemblies/Unity.Multiplayer.Center.Tests.dll not valid. Loading of assembly skipped.
Assembly Unity.Nuget.Mono-Cecil.dll at Library/ScriptAssemblies/Unity.Nuget.Mono-Cecil.dll not valid. Loading of assembly skipped.
Assembly Unity.PathTracing.Editor.Tests.dll at Library/ScriptAssemblies/Unity.PathTracing.Editor.Tests.dll not valid. Loading of assembly skipped.
Assembly Unity.PathTracing.Runtime.Tests.dll at Library/ScriptAssemblies/Unity.PathTracing.Runtime.Tests.dll not valid. Loading of assembly skipped.
Assembly Unity.RenderPipelines.Core.Editor.Tests.dll at Library/ScriptAssemblies/Unity.RenderPipelines.Core.Editor.Tests.dll not valid. Loading of assembly skipped.
Assembly Unity.RenderPipelines.Core.Runtime.Tests.dll at Library/ScriptAssemblies/Unity.RenderPipelines.Core.Runtime.Tests.dll not valid. Loading of assembly skipped.
Assembly Unity.RenderPipelines.Universal.Config.Editor.Tests.dll at Library/ScriptAssemblies/Unity.RenderPipelines.Universal.Config.Editor.Tests.dll not valid. Loading of assembly skipped.
Assembly Unity.RenderPipelines.Universal.Editor.Tests.dll at Library/ScriptAssemblies/Unity.RenderPipelines.Universal.Editor.Tests.dll not valid. Loading of assembly skipped.
Assembly Unity.RenderPipelines.Universal.Runtime.Tests.dll at Library/ScriptAssemblies/Unity.RenderPipelines.Universal.Runtime.Tests.dll not valid. Loading of assembly skipped.
Assembly Unity.ResourceManager.Tests.dll at Library/ScriptAssemblies/Unity.ResourceManager.Tests.dll not valid. Loading of assembly skipped.
Assembly Unity.ScriptableBuildPipeline.Editor.Tests.dll at Library/ScriptAssemblies/Unity.ScriptableBuildPipeline.Editor.Tests.dll not valid. Loading of assembly skipped.
Assembly Unity.ScriptableBuildPipeline.Tests.dll at Library/ScriptAssemblies/Unity.ScriptableBuildPipeline.Tests.dll not valid. Loading of assembly skipped.
Assembly Unity.ScriptableBuildPipelineTests.Runtime.Tests.dll at Library/ScriptAssemblies/Unity.ScriptableBuildPipelineTests.Runtime.Tests.dll not valid. Loading of assembly skipped.
Assembly Unity.Searcher.EditorTests.dll at Library/ScriptAssemblies/Unity.Searcher.EditorTests.dll not valid. Loading of assembly skipped.
Assembly Unity.Settings.Tests.dll at Library/ScriptAssemblies/Unity.Settings.Tests.dll not valid. Loading of assembly skipped.
Assembly Unity.ShaderGraph.Editor.Tests.dll at Library/ScriptAssemblies/Unity.ShaderGraph.Editor.Tests.dll not valid. Loading of assembly skipped.
Assembly Unity.TextMeshPro.Editor.Tests.dll at Library/ScriptAssemblies/Unity.TextMeshPro.Editor.Tests.dll not valid. Loading of assembly skipped.
Assembly Unity.TextMeshPro.Tests.dll at Library/ScriptAssemblies/Unity.TextMeshPro.Tests.dll not valid. Loading of assembly skipped.
Assembly Unity.UnifiedRayTracing.Editor.Tests.dll at Library/ScriptAssemblies/Unity.UnifiedRayTracing.Editor.Tests.dll not valid. Loading of assembly skipped.
Assembly UnityEditor.UI.Common.Tests.dll at Library/ScriptAssemblies/UnityEditor.UI.Common.Tests.dll not valid. Loading of assembly skipped.
Assembly UnityEditor.UI.EditorTests.dll at Library/ScriptAssemblies/UnityEditor.UI.EditorTests.dll not valid. Loading of assembly skipped.
Assembly UnityEngine.UI.Tests.dll at Library/ScriptAssemblies/UnityEngine.UI.Tests.dll not valid. Loading of assembly skipped.
Symbol file LoadedFromMemory is not a mono symbol file
Refreshing native plugins compatible for Editor in 2.59 ms, found 4 plugins.
Assertion failed on expression: 'pred(*previous, *i)'
Assertion failed on expression: 'pred(*previous, *i)'
Assertion failed on expression: 'pred(*previous, *i)'
Assertion failed on expression: 'pred(*previous, *i)'
Assertion failed on expression: 'pred(*previous, *i)'
Assertion failed on expression: 'pred(*previous, *i)'
Assertion failed on expression: 'pred(*previous, *i)'
Assertion failed on expression: 'pred(*previous, *i)'
Assertion failed on expression: 'pred(*previous, *i)'
Assertion failed on expression: 'pred(*previous, *i)'
Assertion failed on expression: 'pred(*previous, *i)'
Assertion failed on expression: 'pred(*previous, *i)'
Native extension for LinuxStandalone target not found
Native extension for iOS target not found
Native extension for Android target not found
Native extension for WindowsStandalone target not found
[Package Manager] Failed to launch server process. Reason: Unity was launched with the -noUpm command-line argument
[Package Manager] Unable to send message (not connected to server process).
[Package Manager] Cannot connect to Unity Package Manager local server
[Package Manager] Failed to launch server process. Reason: Unity was launched with the -noUpm command-line argument
[Package Manager] Unable to send message (not connected to server process).
[Package Manager] Cannot connect to Unity Package Manager local server
[MODES] ModeService[none].Initialize
[MODES] ModeService[none].LoadModes
ScheduleIndexationOnStartup MainProcess:False IndexOnStartup:True
Mono: successfully reloaded assembly
- Finished resetting the current domain, in  0.914 seconds
Domain Reload Profiling: 1882ms
	BeginReloadAssembly (213ms)
		DisableScriptedObjects (5ms)
		CreateAndSetChildDomain (51ms)
	RebuildCommonClasses (36ms)
	RebuildNativeTypeToScriptingClass (12ms)
	initialDomainReloadingComplete (70ms)
	LoadAllAssembliesAndSetupDomain (636ms)
		LoadAssemblies (471ms)
		AnalyzeDomain (255ms)
			TypeCache.Refresh (9ms)
			BuildScriptInfoCaches (232ms)
			ResolveRequiredComponents (12ms)
	FinalizeReload (915ms)
		SetupLoadedEditorAssemblies (0ms)
			InitializePlatformSupportModulesInManaged (23ms)
			BeforeProcessingInitializeOnLoad (154ms)
			ProcessInitializeOnLoadAttributes (436ms)
			ProcessInitializeOnLoadMethodAttributes (112ms)
			AfterProcessingInitializeOnLoad (8ms)
		AwakeInstancesAfterBackupRestoration (15ms)
Refreshing native plugins compatible for Editor in 2.88 ms, found 4 plugins.
Unloading 35 Unused Serialized files (Serialized files now loaded: 0)
Unloading 8126 unused Assets / (10.5 MB). Loaded Objects now: 9327.
Memory consumption went from 235.9 MB to 225.4 MB.
Total: 13.721000 ms (FindLiveObjects: 0.835900 ms CreateObjectMapping: 0.780500 ms MarkObjects: 6.059300 ms  DeleteObjects: 6.044100 ms)

Prepare: number of updated asset objects reloaded= 0
========================================================================
Received Prepare
Begin MonoManager ReloadAssembly
[Licensing::Client] Successfully resolved entitlement details
[Licensing::Module] License group:
  Id: F4-ZF4W-JG7U-QS5D-T52E-XXXX
  Product: Unity Personal
  Type: ULF
  Expiration: Unlimited
[Licensing::Module] License group:
  Id: 4673487441905-UnityPersXXXX
  Product: Unity Personal
  Type: Assigned
  Expiration: Unlimited
Assembly Assembly-CSharp-Editor-firstpass.dll at Library/ScriptAssemblies/Assembly-CSharp-Editor-firstpass.dll not valid. Loading of assembly skipped.
Assembly Assembly-CSharp-firstpass.dll at Library/ScriptAssemblies/Assembly-CSharp-firstpass.dll not valid. Loading of assembly skipped.
Assembly DocCodeExamples.dll at Library/ScriptAssemblies/DocCodeExamples.dll not valid. Loading of assembly skipped.
Assembly TestNewCustomAssembly.dll at Library/ScriptAssemblies/TestNewCustomAssembly.dll not valid. Loading of assembly skipped.
Assembly Unity.2D.Sprite.Package.EditorTests.dll at Library/ScriptAssemblies/Unity.2D.Sprite.Package.EditorTests.dll not valid. Loading of assembly skipped.
Assembly Unity.Addressables.Editor.Tests.dll at Library/ScriptAssemblies/Unity.Addressables.Editor.Tests.dll not valid. Loading of assembly skipped.
Assembly Unity.Addressables.Runtime.Tests.dll at Library/ScriptAssemblies/Unity.Addressables.Runtime.Tests.dll not valid. Loading of assembly skipped.
Assembly Unity.Collections.BurstCompatibilityGen.dll at Library/ScriptAssemblies/Unity.Collections.BurstCompatibilityGen.dll not valid. Loading of assembly skipped.
Assembly Unity.Collections.DocCodeSamples.dll at Library/ScriptAssemblies/Unity.Collections.DocCodeSamples.dll not valid. Loading of assembly skipped.
Assembly Unity.Collections.PerformanceTests.dll at Library/ScriptAssemblies/Unity.Collections.PerformanceTests.dll not valid. Loading of assembly skipped.
Assembly Unity.Collections.Tests.dll at Library/ScriptAssemblies/Unity.Collections.Tests.dll not valid. Loading of assembly skipped.
Assembly Unity.Collections.Tests.Playmode.dll at Library/ScriptAssemblies/Unity.Collections.Tests.Playmode.dll not valid. Loading of assembly skipped.
Assembly Unity.InputSystem.IntegrationTests.dll at Library/ScriptAssemblies/Unity.InputSystem.IntegrationTests.dll not valid. Loading of assembly skipped.
Assembly Unity.Localization.DocCodeSamples.dll at Library/ScriptAssemblies/Unity.Localization.DocCodeSamples.dll not valid. Loading of assembly skipped.
Assembly Unity.Mathematics.Tests.dll at Library/ScriptAssemblies/Unity.Mathematics.Tests.dll not valid. Loading of assembly skipped.
Assembly Unity.Multiplayer.Center.Editor.Tests.dll at Library/ScriptAssemblies/Unity.Multiplayer.Center.Editor.Tests.dll not valid. Loading of assembly skipped.
Assembly Unity.Multiplayer.Center.Tests.dll at Library/ScriptAssemblies/Unity.Multiplayer.Center.Tests.dll not valid. Loading of assembly skipped.
Assembly Unity.Nuget.Mono-Cecil.dll at Library/ScriptAssemblies/Unity.Nuget.Mono-Cecil.dll not valid. Loading of assembly skipped.
Assembly Unity.PathTracing.Editor.Tests.dll at Library/ScriptAssemblies/Unity.PathTracing.Editor.Tests.dll not valid. Loading of assembly skipped.
Assembly Unity.PathTracing.Runtime.Tests.dll at Library/ScriptAssemblies/Unity.PathTracing.Runtime.Tests.dll not valid. Loading of assembly skipped.
Assembly Unity.RenderPipelines.Core.Editor.Tests.dll at Library/ScriptAssemblies/Unity.RenderPipelines.Core.Editor.Tests.dll not valid. Loading of assembly skipped.
Assembly Unity.RenderPipelines.Core.Runtime.Tests.dll at Library/ScriptAssemblies/Unity.RenderPipelines.Core.Runtime.Tests.dll not valid. Loading of assembly skipped.
Assembly Unity.RenderPipelines.Universal.Config.Editor.Tests.dll at Library/ScriptAssemblies/Unity.RenderPipelines.Universal.Config.Editor.Tests.dll not valid. Loading of assembly skipped.
Assembly Unity.RenderPipelines.Universal.Editor.Tests.dll at Library/ScriptAssemblies/Unity.RenderPipelines.Universal.Editor.Tests.dll not valid. Loading of assembly skipped.
Assembly Unity.RenderPipelines.Universal.Runtime.Tests.dll at Library/ScriptAssemblies/Unity.RenderPipelines.Universal.Runtime.Tests.dll not valid. Loading of assembly skipped.
Assembly Unity.ResourceManager.Tests.dll at Library/ScriptAssemblies/Unity.ResourceManager.Tests.dll not valid. Loading of assembly skipped.
Assembly Unity.ScriptableBuildPipeline.Editor.Tests.dll at Library/ScriptAssemblies/Unity.ScriptableBuildPipeline.Editor.Tests.dll not valid. Loading of assembly skipped.
Assembly Unity.ScriptableBuildPipeline.Tests.dll at Library/ScriptAssemblies/Unity.ScriptableBuildPipeline.Tests.dll not valid. Loading of assembly skipped.
Assembly Unity.ScriptableBuildPipelineTests.Runtime.Tests.dll at Library/ScriptAssemblies/Unity.ScriptableBuildPipelineTests.Runtime.Tests.dll not valid. Loading of assembly skipped.
Assembly Unity.Searcher.EditorTests.dll at Library/ScriptAssemblies/Unity.Searcher.EditorTests.dll not valid. Loading of assembly skipped.
Assembly Unity.Settings.Tests.dll at Library/ScriptAssemblies/Unity.Settings.Tests.dll not valid. Loading of assembly skipped.
Assembly Unity.ShaderGraph.Editor.Tests.dll at Library/ScriptAssemblies/Unity.ShaderGraph.Editor.Tests.dll not valid. Loading of assembly skipped.
Assembly Unity.TextMeshPro.Editor.Tests.dll at Library/ScriptAssemblies/Unity.TextMeshPro.Editor.Tests.dll not valid. Loading of assembly skipped.
Assembly Unity.TextMeshPro.Tests.dll at Library/ScriptAssemblies/Unity.TextMeshPro.Tests.dll not valid. Loading of assembly skipped.
Assembly Unity.UnifiedRayTracing.Editor.Tests.dll at Library/ScriptAssemblies/Unity.UnifiedRayTracing.Editor.Tests.dll not valid. Loading of assembly skipped.
Assembly UnityEditor.UI.Common.Tests.dll at Library/ScriptAssemblies/UnityEditor.UI.Common.Tests.dll not valid. Loading of assembly skipped.
Assembly UnityEditor.UI.EditorTests.dll at Library/ScriptAssemblies/UnityEditor.UI.EditorTests.dll not valid. Loading of assembly skipped.
Assembly UnityEngine.UI.Tests.dll at Library/ScriptAssemblies/UnityEngine.UI.Tests.dll not valid. Loading of assembly skipped.
Symbol file LoadedFromMemory is not a mono symbol file
Refreshing native plugins compatible for Editor in 2.80 ms, found 4 plugins.
Assertion failed on expression: 'pred(*previous, *i)'
Assertion failed on expression: 'pred(*previous, *i)'
Assertion failed on expression: 'pred(*previous, *i)'
Assertion failed on expression: 'pred(*previous, *i)'
Assertion failed on expression: 'pred(*previous, *i)'
Assertion failed on expression: 'pred(*previous, *i)'
Assertion failed on expression: 'pred(*previous, *i)'
Assertion failed on expression: 'pred(*previous, *i)'
Assertion failed on expression: 'pred(*previous, *i)'
Assertion failed on expression: 'pred(*previous, *i)'
Assertion failed on expression: 'pred(*previous, *i)'
Assertion failed on expression: 'pred(*previous, *i)'
Native extension for LinuxStandalone target not found
Native extension for iOS target not found
Native extension for Android target not found
Native extension for WindowsStandalone target not found
[Package Manager] Failed to launch server process. Reason: Unity was launched with the -noUpm command-line argument
[Package Manager] Unable to send message (not connected to server process).
[Package Manager] Cannot connect to Unity Package Manager local server
[Package Manager] Failed to launch server process. Reason: Unity was launched with the -noUpm command-line argument
[Package Manager] Unable to send message (not connected to server process).
[Package Manager] Cannot connect to Unity Package Manager local server
[MODES] ModeService[none].Initialize
[MODES] ModeService[none].LoadModes
ScheduleIndexationOnStartup MainProcess:False IndexOnStartup:True
Mono: successfully reloaded assembly
- Finished resetting the current domain, in  1.526 seconds
Domain Reload Profiling: 3259ms
	BeginReloadAssembly (620ms)
		DisableScriptedObjects (37ms)
		CreateAndSetChildDomain (206ms)
	RebuildCommonClasses (57ms)
	RebuildNativeTypeToScriptingClass (13ms)
	initialDomainReloadingComplete (104ms)
	LoadAllAssembliesAndSetupDomain (939ms)
		LoadAssemblies (738ms)
		AnalyzeDomain (356ms)
			TypeCache.Refresh (12ms)
			BuildScriptInfoCaches (321ms)
			ResolveRequiredComponents (16ms)
	FinalizeReload (1526ms)
		SetupLoadedEditorAssemblies (0ms)
			InitializePlatformSupportModulesInManaged (36ms)
			BeforeProcessingInitializeOnLoad (277ms)
			ProcessInitializeOnLoadAttributes (725ms)
			ProcessInitializeOnLoadMethodAttributes (174ms)
			AfterProcessingInitializeOnLoad (11ms)
		AwakeInstancesAfterBackupRestoration (26ms)
Refreshing native plugins compatible for Editor in 5.51 ms, found 4 plugins.
Unloading 35 Unused Serialized files (Serialized files now loaded: 0)
Unloading 8126 unused Assets / (7.6 MB). Loaded Objects now: 9333.
Memory consumption went from 239.2 MB to 231.6 MB.
Total: 21.982800 ms (FindLiveObjects: 3.772400 ms CreateObjectMapping: 0.832900 ms MarkObjects: 11.040500 ms  DeleteObjects: 6.333300 ms)

Prepare: number of updated asset objects reloaded= 0
